lookup_key,product_kind,product,vulnerable_version,vulnerable_vnum,fix_version,fix_vnum,advisory_id,cve_id,severity,title,affected_raw,published,last_update,url
forwarder:10.4.0,forwarder,Splunk Universal Forwarder,10.4.0,10004000000,10.4.2,10004002000,SVD-2026-0803,Multiple (5),Medium,SVD-2026-0803 | Splunk Vulnerability Disclosure,10.4.0 to 10.4.1,2026-08-19,2026-08-19,https://advisory.splunk.com/advisories/SVD-2026-0803
forwarder:10.4.1,forwarder,Splunk Universal Forwarder,10.4.1,10004001000,10.4.2,10004002000,SVD-2026-0803,Multiple (5),Medium,SVD-2026-0803 | Splunk Vulnerability Disclosure,10.4.0 to 10.4.1,2026-08-19,2026-08-19,https://advisory.splunk.com/advisories/SVD-2026-0803
forwarder:10.2.0,forwarder,Splunk Universal Forwarder,10.2.0,10002000000,10.2.6,10002006000,SVD-2026-0803,Multiple (5),Medium,SVD-2026-0803 | Splunk Vulnerability Disclosure,10.2.0 to 10.2.5,2026-08-19,2026-08-19,https://advisory.splunk.com/advisories/SVD-2026-0803
forwarder:10.2.1,forwarder,Splunk Universal Forwarder,10.2.1,10002001000,10.2.6,10002006000,SVD-2026-0803,Multiple (5),Medium,SVD-2026-0803 | Splunk Vulnerability Disclosure,10.2.0 to 10.2.5,2026-08-19,2026-08-19,https://advisory.splunk.com/advisories/SVD-2026-0803
forwarder:10.2.2,forwarder,Splunk Universal Forwarder,10.2.2,10002002000,10.2.6,10002006000,SVD-2026-0803,Multiple (5),Medium,SVD-2026-0803 | Splunk Vulnerability Disclosure,10.2.0 to 10.2.5,2026-08-19,2026-08-19,https://advisory.splunk.com/advisories/SVD-2026-0803
forwarder:10.2.3,forwarder,Splunk Universal Forwarder,10.2.3,10002003000,10.2.6,10002006000,SVD-2026-0803,Multiple (5),Medium,SVD-2026-0803 | Splunk Vulnerability Disclosure,10.2.0 to 10.2.5,2026-08-19,2026-08-19,https://advisory.splunk.com/advisories/SVD-2026-0803
forwarder:10.2.4,forwarder,Splunk Universal Forwarder,10.2.4,10002004000,10.2.6,10002006000,SVD-2026-0803,Multiple (5),Medium,SVD-2026-0803 | Splunk Vulnerability Disclosure,10.2.0 to 10.2.5,2026-08-19,2026-08-19,https://advisory.splunk.com/advisories/SVD-2026-0803
forwarder:10.2.5,forwarder,Splunk Universal Forwarder,10.2.5,10002005000,10.2.6,10002006000,SVD-2026-0803,Multiple (5),Medium,SVD-2026-0803 | Splunk Vulnerability Disclosure,10.2.0 to 10.2.5,2026-08-19,2026-08-19,https://advisory.splunk.com/advisories/SVD-2026-0803
forwarder:10.0.0,forwarder,Splunk Universal Forwarder,10.0.0,10000000000,10.0.9,10000009000,SVD-2026-0803,Multiple (5),Medium,SVD-2026-0803 | Splunk Vulnerability Disclosure,10.0.0 to 10.0.8,2026-08-19,2026-08-19,https://advisory.splunk.com/advisories/SVD-2026-0803
forwarder:10.0.1,forwarder,Splunk Universal Forwarder,10.0.1,10000001000,10.0.9,10000009000,SVD-2026-0803,Multiple (5),Medium,SVD-2026-0803 | Splunk Vulnerability Disclosure,10.0.0 to 10.0.8,2026-08-19,2026-08-19,https://advisory.splunk.com/advisories/SVD-2026-0803
forwarder:10.0.2,forwarder,Splunk Universal Forwarder,10.0.2,10000002000,10.0.9,10000009000,SVD-2026-0803,Multiple (5),Medium,SVD-2026-0803 | Splunk Vulnerability Disclosure,10.0.0 to 10.0.8,2026-08-19,2026-08-19,https://advisory.splunk.com/advisories/SVD-2026-0803
forwarder:10.0.3,forwarder,Splunk Universal Forwarder,10.0.3,10000003000,10.0.9,10000009000,SVD-2026-0803,Multiple (5),Medium,SVD-2026-0803 | Splunk Vulnerability Disclosure,10.0.0 to 10.0.8,2026-08-19,2026-08-19,https://advisory.splunk.com/advisories/SVD-2026-0803
forwarder:10.0.4,forwarder,Splunk Universal Forwarder,10.0.4,10000004000,10.0.9,10000009000,SVD-2026-0803,Multiple (5),Medium,SVD-2026-0803 | Splunk Vulnerability Disclosure,10.0.0 to 10.0.8,2026-08-19,2026-08-19,https://advisory.splunk.com/advisories/SVD-2026-0803
forwarder:10.0.5,forwarder,Splunk Universal Forwarder,10.0.5,10000005000,10.0.9,10000009000,SVD-2026-0803,Multiple (5),Medium,SVD-2026-0803 | Splunk Vulnerability Disclosure,10.0.0 to 10.0.8,2026-08-19,2026-08-19,https://advisory.splunk.com/advisories/SVD-2026-0803
forwarder:10.0.6,forwarder,Splunk Universal Forwarder,10.0.6,10000006000,10.0.9,10000009000,SVD-2026-0803,Multiple (5),Medium,SVD-2026-0803 | Splunk Vulnerability Disclosure,10.0.0 to 10.0.8,2026-08-19,2026-08-19,https://advisory.splunk.com/advisories/SVD-2026-0803
forwarder:10.0.7,forwarder,Splunk Universal Forwarder,10.0.7,10000007000,10.0.9,10000009000,SVD-2026-0803,Multiple (5),Medium,SVD-2026-0803 | Splunk Vulnerability Disclosure,10.0.0 to 10.0.8,2026-08-19,2026-08-19,https://advisory.splunk.com/advisories/SVD-2026-0803
forwarder:10.0.8,forwarder,Splunk Universal Forwarder,10.0.8,10000008000,10.0.9,10000009000,SVD-2026-0803,Multiple (5),Medium,SVD-2026-0803 | Splunk Vulnerability Disclosure,10.0.0 to 10.0.8,2026-08-19,2026-08-19,https://advisory.splunk.com/advisories/SVD-2026-0803
forwarder:9.4.0,forwarder,Splunk Universal Forwarder,9.4.0,9004000000,9.4.14,9004014000,SVD-2026-0803,Multiple (5),Medium,SVD-2026-0803 | Splunk Vulnerability Disclosure,9.4.0 to 9.4.13,2026-08-19,2026-08-19,https://advisory.splunk.com/advisories/SVD-2026-0803
forwarder:9.4.1,forwarder,Splunk Universal Forwarder,9.4.1,9004001000,9.4.14,9004014000,SVD-2026-0803,Multiple (5),Medium,SVD-2026-0803 | Splunk Vulnerability Disclosure,9.4.0 to 9.4.13,2026-08-19,2026-08-19,https://advisory.splunk.com/advisories/SVD-2026-0803
forwarder:9.4.2,forwarder,Splunk Universal Forwarder,9.4.2,9004002000,9.4.14,9004014000,SVD-2026-0803,Multiple (5),Medium,SVD-2026-0803 | Splunk Vulnerability Disclosure,9.4.0 to 9.4.13,2026-08-19,2026-08-19,https://advisory.splunk.com/advisories/SVD-2026-0803
forwarder:9.4.3,forwarder,Splunk Universal Forwarder,9.4.3,9004003000,9.4.14,9004014000,SVD-2026-0803,Multiple (5),Medium,SVD-2026-0803 | Splunk Vulnerability Disclosure,9.4.0 to 9.4.13,2026-08-19,2026-08-19,https://advisory.splunk.com/advisories/SVD-2026-0803
forwarder:9.4.4,forwarder,Splunk Universal Forwarder,9.4.4,9004004000,9.4.14,9004014000,SVD-2026-0803,Multiple (5),Medium,SVD-2026-0803 | Splunk Vulnerability Disclosure,9.4.0 to 9.4.13,2026-08-19,2026-08-19,https://advisory.splunk.com/advisories/SVD-2026-0803
forwarder:9.4.5,forwarder,Splunk Universal Forwarder,9.4.5,9004005000,9.4.14,9004014000,SVD-2026-0803,Multiple (5),Medium,SVD-2026-0803 | Splunk Vulnerability Disclosure,9.4.0 to 9.4.13,2026-08-19,2026-08-19,https://advisory.splunk.com/advisories/SVD-2026-0803
forwarder:9.4.6,forwarder,Splunk Universal Forwarder,9.4.6,9004006000,9.4.14,9004014000,SVD-2026-0803,Multiple (5),Medium,SVD-2026-0803 | Splunk Vulnerability Disclosure,9.4.0 to 9.4.13,2026-08-19,2026-08-19,https://advisory.splunk.com/advisories/SVD-2026-0803
forwarder:9.4.7,forwarder,Splunk Universal Forwarder,9.4.7,9004007000,9.4.14,9004014000,SVD-2026-0803,Multiple (5),Medium,SVD-2026-0803 | Splunk Vulnerability Disclosure,9.4.0 to 9.4.13,2026-08-19,2026-08-19,https://advisory.splunk.com/advisories/SVD-2026-0803
forwarder:9.4.8,forwarder,Splunk Universal Forwarder,9.4.8,9004008000,9.4.14,9004014000,SVD-2026-0803,Multiple (5),Medium,SVD-2026-0803 | Splunk Vulnerability Disclosure,9.4.0 to 9.4.13,2026-08-19,2026-08-19,https://advisory.splunk.com/advisories/SVD-2026-0803
forwarder:9.4.9,forwarder,Splunk Universal Forwarder,9.4.9,9004009000,9.4.14,9004014000,SVD-2026-0803,Multiple (5),Medium,SVD-2026-0803 | Splunk Vulnerability Disclosure,9.4.0 to 9.4.13,2026-08-19,2026-08-19,https://advisory.splunk.com/advisories/SVD-2026-0803
forwarder:9.4.10,forwarder,Splunk Universal Forwarder,9.4.10,9004010000,9.4.14,9004014000,SVD-2026-0803,Multiple (5),Medium,SVD-2026-0803 | Splunk Vulnerability Disclosure,9.4.0 to 9.4.13,2026-08-19,2026-08-19,https://advisory.splunk.com/advisories/SVD-2026-0803
forwarder:9.4.11,forwarder,Splunk Universal Forwarder,9.4.11,9004011000,9.4.14,9004014000,SVD-2026-0803,Multiple (5),Medium,SVD-2026-0803 | Splunk Vulnerability Disclosure,9.4.0 to 9.4.13,2026-08-19,2026-08-19,https://advisory.splunk.com/advisories/SVD-2026-0803
forwarder:9.4.12,forwarder,Splunk Universal Forwarder,9.4.12,9004012000,9.4.14,9004014000,SVD-2026-0803,Multiple (5),Medium,SVD-2026-0803 | Splunk Vulnerability Disclosure,9.4.0 to 9.4.13,2026-08-19,2026-08-19,https://advisory.splunk.com/advisories/SVD-2026-0803
forwarder:9.4.13,forwarder,Splunk Universal Forwarder,9.4.13,9004013000,9.4.14,9004014000,SVD-2026-0803,Multiple (5),Medium,SVD-2026-0803 | Splunk Vulnerability Disclosure,9.4.0 to 9.4.13,2026-08-19,2026-08-19,https://advisory.splunk.com/advisories/SVD-2026-0803
enterprise:10.4.0,enterprise,Splunk Enterprise,10.4.0,10004000000,10.4.2,10004002000,SVD-2026-0802,Multiple (33) CVE-2026-25679 CVE-2026-27140 CVE-2026-27143 CVE-2026-27144 CVE-2026-32280 CVE-2026-32281 CVE-2026-32283 CVE-2026-33810 CVE-2026-34986 CVE-2026-29181 CVE-2026-39883 CVE-2026-33186 CVE-2026-7168 CVE-2026-6429 CVE-2026-6276 CVE-2025-14819 CVE-2025-14017 CVE-2026-45409 CVE-2026-6472 CVE-2026-6473 CVE-2026-6474 CVE-2026-6475 CVE-2026-6477 CVE-2026-6478 CVE-2026-6479 CVE-2026-6638 CVE-2026-6637 CVE-2026-45447 CVE-2026-7383 CVE-2026-9076 CVE-2026-34180 CVE-2026-42766 CVE-2024-35255,Critical,SVD-2026-0802 | Splunk Vulnerability Disclosure,10.4.0 to 10.4.1,2026-08-19,2026-08-19,https://advisory.splunk.com/advisories/SVD-2026-0802
enterprise:10.4.1,enterprise,Splunk Enterprise,10.4.1,10004001000,10.4.2,10004002000,SVD-2026-0802,Multiple (33) CVE-2026-25679 CVE-2026-27140 CVE-2026-27143 CVE-2026-27144 CVE-2026-32280 CVE-2026-32281 CVE-2026-32283 CVE-2026-33810 CVE-2026-34986 CVE-2026-29181 CVE-2026-39883 CVE-2026-33186 CVE-2026-7168 CVE-2026-6429 CVE-2026-6276 CVE-2025-14819 CVE-2025-14017 CVE-2026-45409 CVE-2026-6472 CVE-2026-6473 CVE-2026-6474 CVE-2026-6475 CVE-2026-6477 CVE-2026-6478 CVE-2026-6479 CVE-2026-6638 CVE-2026-6637 CVE-2026-45447 CVE-2026-7383 CVE-2026-9076 CVE-2026-34180 CVE-2026-42766 CVE-2024-35255,Critical,SVD-2026-0802 | Splunk Vulnerability Disclosure,10.4.0 to 10.4.1,2026-08-19,2026-08-19,https://advisory.splunk.com/advisories/SVD-2026-0802
enterprise:10.2.0,enterprise,Splunk Enterprise,10.2.0,10002000000,10.2.6,10002006000,SVD-2026-0802,Multiple (33) CVE-2026-25679 CVE-2026-27140 CVE-2026-27143 CVE-2026-27144 CVE-2026-32280 CVE-2026-32281 CVE-2026-32283 CVE-2026-33810 CVE-2026-34986 CVE-2026-29181 CVE-2026-39883 CVE-2026-33186 CVE-2026-7168 CVE-2026-6429 CVE-2026-6276 CVE-2025-14819 CVE-2025-14017 CVE-2026-45409 CVE-2026-6472 CVE-2026-6473 CVE-2026-6474 CVE-2026-6475 CVE-2026-6477 CVE-2026-6478 CVE-2026-6479 CVE-2026-6638 CVE-2026-6637 CVE-2026-45447 CVE-2026-7383 CVE-2026-9076 CVE-2026-34180 CVE-2026-42766 CVE-2024-35255,Critical,SVD-2026-0802 | Splunk Vulnerability Disclosure,10.2.0 to 10.2.5,2026-08-19,2026-08-19,https://advisory.splunk.com/advisories/SVD-2026-0802
enterprise:10.2.1,enterprise,Splunk Enterprise,10.2.1,10002001000,10.2.6,10002006000,SVD-2026-0802,Multiple (33) CVE-2026-25679 CVE-2026-27140 CVE-2026-27143 CVE-2026-27144 CVE-2026-32280 CVE-2026-32281 CVE-2026-32283 CVE-2026-33810 CVE-2026-34986 CVE-2026-29181 CVE-2026-39883 CVE-2026-33186 CVE-2026-7168 CVE-2026-6429 CVE-2026-6276 CVE-2025-14819 CVE-2025-14017 CVE-2026-45409 CVE-2026-6472 CVE-2026-6473 CVE-2026-6474 CVE-2026-6475 CVE-2026-6477 CVE-2026-6478 CVE-2026-6479 CVE-2026-6638 CVE-2026-6637 CVE-2026-45447 CVE-2026-7383 CVE-2026-9076 CVE-2026-34180 CVE-2026-42766 CVE-2024-35255,Critical,SVD-2026-0802 | Splunk Vulnerability Disclosure,10.2.0 to 10.2.5,2026-08-19,2026-08-19,https://advisory.splunk.com/advisories/SVD-2026-0802
enterprise:10.2.2,enterprise,Splunk Enterprise,10.2.2,10002002000,10.2.6,10002006000,SVD-2026-0802,Multiple (33) CVE-2026-25679 CVE-2026-27140 CVE-2026-27143 CVE-2026-27144 CVE-2026-32280 CVE-2026-32281 CVE-2026-32283 CVE-2026-33810 CVE-2026-34986 CVE-2026-29181 CVE-2026-39883 CVE-2026-33186 CVE-2026-7168 CVE-2026-6429 CVE-2026-6276 CVE-2025-14819 CVE-2025-14017 CVE-2026-45409 CVE-2026-6472 CVE-2026-6473 CVE-2026-6474 CVE-2026-6475 CVE-2026-6477 CVE-2026-6478 CVE-2026-6479 CVE-2026-6638 CVE-2026-6637 CVE-2026-45447 CVE-2026-7383 CVE-2026-9076 CVE-2026-34180 CVE-2026-42766 CVE-2024-35255,Critical,SVD-2026-0802 | Splunk Vulnerability Disclosure,10.2.0 to 10.2.5,2026-08-19,2026-08-19,https://advisory.splunk.com/advisories/SVD-2026-0802
enterprise:10.2.3,enterprise,Splunk Enterprise,10.2.3,10002003000,10.2.6,10002006000,SVD-2026-0802,Multiple (33) CVE-2026-25679 CVE-2026-27140 CVE-2026-27143 CVE-2026-27144 CVE-2026-32280 CVE-2026-32281 CVE-2026-32283 CVE-2026-33810 CVE-2026-34986 CVE-2026-29181 CVE-2026-39883 CVE-2026-33186 CVE-2026-7168 CVE-2026-6429 CVE-2026-6276 CVE-2025-14819 CVE-2025-14017 CVE-2026-45409 CVE-2026-6472 CVE-2026-6473 CVE-2026-6474 CVE-2026-6475 CVE-2026-6477 CVE-2026-6478 CVE-2026-6479 CVE-2026-6638 CVE-2026-6637 CVE-2026-45447 CVE-2026-7383 CVE-2026-9076 CVE-2026-34180 CVE-2026-42766 CVE-2024-35255,Critical,SVD-2026-0802 | Splunk Vulnerability Disclosure,10.2.0 to 10.2.5,2026-08-19,2026-08-19,https://advisory.splunk.com/advisories/SVD-2026-0802
enterprise:10.2.4,enterprise,Splunk Enterprise,10.2.4,10002004000,10.2.6,10002006000,SVD-2026-0802,Multiple (33) CVE-2026-25679 CVE-2026-27140 CVE-2026-27143 CVE-2026-27144 CVE-2026-32280 CVE-2026-32281 CVE-2026-32283 CVE-2026-33810 CVE-2026-34986 CVE-2026-29181 CVE-2026-39883 CVE-2026-33186 CVE-2026-7168 CVE-2026-6429 CVE-2026-6276 CVE-2025-14819 CVE-2025-14017 CVE-2026-45409 CVE-2026-6472 CVE-2026-6473 CVE-2026-6474 CVE-2026-6475 CVE-2026-6477 CVE-2026-6478 CVE-2026-6479 CVE-2026-6638 CVE-2026-6637 CVE-2026-45447 CVE-2026-7383 CVE-2026-9076 CVE-2026-34180 CVE-2026-42766 CVE-2024-35255,Critical,SVD-2026-0802 | Splunk Vulnerability Disclosure,10.2.0 to 10.2.5,2026-08-19,2026-08-19,https://advisory.splunk.com/advisories/SVD-2026-0802
enterprise:10.2.5,enterprise,Splunk Enterprise,10.2.5,10002005000,10.2.6,10002006000,SVD-2026-0802,Multiple (33) CVE-2026-25679 CVE-2026-27140 CVE-2026-27143 CVE-2026-27144 CVE-2026-32280 CVE-2026-32281 CVE-2026-32283 CVE-2026-33810 CVE-2026-34986 CVE-2026-29181 CVE-2026-39883 CVE-2026-33186 CVE-2026-7168 CVE-2026-6429 CVE-2026-6276 CVE-2025-14819 CVE-2025-14017 CVE-2026-45409 CVE-2026-6472 CVE-2026-6473 CVE-2026-6474 CVE-2026-6475 CVE-2026-6477 CVE-2026-6478 CVE-2026-6479 CVE-2026-6638 CVE-2026-6637 CVE-2026-45447 CVE-2026-7383 CVE-2026-9076 CVE-2026-34180 CVE-2026-42766 CVE-2024-35255,Critical,SVD-2026-0802 | Splunk Vulnerability Disclosure,10.2.0 to 10.2.5,2026-08-19,2026-08-19,https://advisory.splunk.com/advisories/SVD-2026-0802
enterprise:10.0.0,enterprise,Splunk Enterprise,10.0.0,10000000000,10.0.9,10000009000,SVD-2026-0802,Multiple (33) CVE-2026-25679 CVE-2026-27140 CVE-2026-27143 CVE-2026-27144 CVE-2026-32280 CVE-2026-32281 CVE-2026-32283 CVE-2026-33810 CVE-2026-34986 CVE-2026-29181 CVE-2026-39883 CVE-2026-33186 CVE-2026-7168 CVE-2026-6429 CVE-2026-6276 CVE-2025-14819 CVE-2025-14017 CVE-2026-45409 CVE-2026-6472 CVE-2026-6473 CVE-2026-6474 CVE-2026-6475 CVE-2026-6477 CVE-2026-6478 CVE-2026-6479 CVE-2026-6638 CVE-2026-6637 CVE-2026-45447 CVE-2026-7383 CVE-2026-9076 CVE-2026-34180 CVE-2026-42766 CVE-2024-35255,Critical,SVD-2026-0802 | Splunk Vulnerability Disclosure,10.0.0 to 10.0.8,2026-08-19,2026-08-19,https://advisory.splunk.com/advisories/SVD-2026-0802
enterprise:10.0.1,enterprise,Splunk Enterprise,10.0.1,10000001000,10.0.9,10000009000,SVD-2026-0802,Multiple (33) CVE-2026-25679 CVE-2026-27140 CVE-2026-27143 CVE-2026-27144 CVE-2026-32280 CVE-2026-32281 CVE-2026-32283 CVE-2026-33810 CVE-2026-34986 CVE-2026-29181 CVE-2026-39883 CVE-2026-33186 CVE-2026-7168 CVE-2026-6429 CVE-2026-6276 CVE-2025-14819 CVE-2025-14017 CVE-2026-45409 CVE-2026-6472 CVE-2026-6473 CVE-2026-6474 CVE-2026-6475 CVE-2026-6477 CVE-2026-6478 CVE-2026-6479 CVE-2026-6638 CVE-2026-6637 CVE-2026-45447 CVE-2026-7383 CVE-2026-9076 CVE-2026-34180 CVE-2026-42766 CVE-2024-35255,Critical,SVD-2026-0802 | Splunk Vulnerability Disclosure,10.0.0 to 10.0.8,2026-08-19,2026-08-19,https://advisory.splunk.com/advisories/SVD-2026-0802
enterprise:10.0.2,enterprise,Splunk Enterprise,10.0.2,10000002000,10.0.9,10000009000,SVD-2026-0802,Multiple (33) CVE-2026-25679 CVE-2026-27140 CVE-2026-27143 CVE-2026-27144 CVE-2026-32280 CVE-2026-32281 CVE-2026-32283 CVE-2026-33810 CVE-2026-34986 CVE-2026-29181 CVE-2026-39883 CVE-2026-33186 CVE-2026-7168 CVE-2026-6429 CVE-2026-6276 CVE-2025-14819 CVE-2025-14017 CVE-2026-45409 CVE-2026-6472 CVE-2026-6473 CVE-2026-6474 CVE-2026-6475 CVE-2026-6477 CVE-2026-6478 CVE-2026-6479 CVE-2026-6638 CVE-2026-6637 CVE-2026-45447 CVE-2026-7383 CVE-2026-9076 CVE-2026-34180 CVE-2026-42766 CVE-2024-35255,Critical,SVD-2026-0802 | Splunk Vulnerability Disclosure,10.0.0 to 10.0.8,2026-08-19,2026-08-19,https://advisory.splunk.com/advisories/SVD-2026-0802
enterprise:10.0.3,enterprise,Splunk Enterprise,10.0.3,10000003000,10.0.9,10000009000,SVD-2026-0802,Multiple (33) CVE-2026-25679 CVE-2026-27140 CVE-2026-27143 CVE-2026-27144 CVE-2026-32280 CVE-2026-32281 CVE-2026-32283 CVE-2026-33810 CVE-2026-34986 CVE-2026-29181 CVE-2026-39883 CVE-2026-33186 CVE-2026-7168 CVE-2026-6429 CVE-2026-6276 CVE-2025-14819 CVE-2025-14017 CVE-2026-45409 CVE-2026-6472 CVE-2026-6473 CVE-2026-6474 CVE-2026-6475 CVE-2026-6477 CVE-2026-6478 CVE-2026-6479 CVE-2026-6638 CVE-2026-6637 CVE-2026-45447 CVE-2026-7383 CVE-2026-9076 CVE-2026-34180 CVE-2026-42766 CVE-2024-35255,Critical,SVD-2026-0802 | Splunk Vulnerability Disclosure,10.0.0 to 10.0.8,2026-08-19,2026-08-19,https://advisory.splunk.com/advisories/SVD-2026-0802
enterprise:10.0.4,enterprise,Splunk Enterprise,10.0.4,10000004000,10.0.9,10000009000,SVD-2026-0802,Multiple (33) CVE-2026-25679 CVE-2026-27140 CVE-2026-27143 CVE-2026-27144 CVE-2026-32280 CVE-2026-32281 CVE-2026-32283 CVE-2026-33810 CVE-2026-34986 CVE-2026-29181 CVE-2026-39883 CVE-2026-33186 CVE-2026-7168 CVE-2026-6429 CVE-2026-6276 CVE-2025-14819 CVE-2025-14017 CVE-2026-45409 CVE-2026-6472 CVE-2026-6473 CVE-2026-6474 CVE-2026-6475 CVE-2026-6477 CVE-2026-6478 CVE-2026-6479 CVE-2026-6638 CVE-2026-6637 CVE-2026-45447 CVE-2026-7383 CVE-2026-9076 CVE-2026-34180 CVE-2026-42766 CVE-2024-35255,Critical,SVD-2026-0802 | Splunk Vulnerability Disclosure,10.0.0 to 10.0.8,2026-08-19,2026-08-19,https://advisory.splunk.com/advisories/SVD-2026-0802
enterprise:10.0.5,enterprise,Splunk Enterprise,10.0.5,10000005000,10.0.9,10000009000,SVD-2026-0802,Multiple (33) CVE-2026-25679 CVE-2026-27140 CVE-2026-27143 CVE-2026-27144 CVE-2026-32280 CVE-2026-32281 CVE-2026-32283 CVE-2026-33810 CVE-2026-34986 CVE-2026-29181 CVE-2026-39883 CVE-2026-33186 CVE-2026-7168 CVE-2026-6429 CVE-2026-6276 CVE-2025-14819 CVE-2025-14017 CVE-2026-45409 CVE-2026-6472 CVE-2026-6473 CVE-2026-6474 CVE-2026-6475 CVE-2026-6477 CVE-2026-6478 CVE-2026-6479 CVE-2026-6638 CVE-2026-6637 CVE-2026-45447 CVE-2026-7383 CVE-2026-9076 CVE-2026-34180 CVE-2026-42766 CVE-2024-35255,Critical,SVD-2026-0802 | Splunk Vulnerability Disclosure,10.0.0 to 10.0.8,2026-08-19,2026-08-19,https://advisory.splunk.com/advisories/SVD-2026-0802
enterprise:10.0.6,enterprise,Splunk Enterprise,10.0.6,10000006000,10.0.9,10000009000,SVD-2026-0802,Multiple (33) CVE-2026-25679 CVE-2026-27140 CVE-2026-27143 CVE-2026-27144 CVE-2026-32280 CVE-2026-32281 CVE-2026-32283 CVE-2026-33810 CVE-2026-34986 CVE-2026-29181 CVE-2026-39883 CVE-2026-33186 CVE-2026-7168 CVE-2026-6429 CVE-2026-6276 CVE-2025-14819 CVE-2025-14017 CVE-2026-45409 CVE-2026-6472 CVE-2026-6473 CVE-2026-6474 CVE-2026-6475 CVE-2026-6477 CVE-2026-6478 CVE-2026-6479 CVE-2026-6638 CVE-2026-6637 CVE-2026-45447 CVE-2026-7383 CVE-2026-9076 CVE-2026-34180 CVE-2026-42766 CVE-2024-35255,Critical,SVD-2026-0802 | Splunk Vulnerability Disclosure,10.0.0 to 10.0.8,2026-08-19,2026-08-19,https://advisory.splunk.com/advisories/SVD-2026-0802
enterprise:10.0.7,enterprise,Splunk Enterprise,10.0.7,10000007000,10.0.9,10000009000,SVD-2026-0802,Multiple (33) CVE-2026-25679 CVE-2026-27140 CVE-2026-27143 CVE-2026-27144 CVE-2026-32280 CVE-2026-32281 CVE-2026-32283 CVE-2026-33810 CVE-2026-34986 CVE-2026-29181 CVE-2026-39883 CVE-2026-33186 CVE-2026-7168 CVE-2026-6429 CVE-2026-6276 CVE-2025-14819 CVE-2025-14017 CVE-2026-45409 CVE-2026-6472 CVE-2026-6473 CVE-2026-6474 CVE-2026-6475 CVE-2026-6477 CVE-2026-6478 CVE-2026-6479 CVE-2026-6638 CVE-2026-6637 CVE-2026-45447 CVE-2026-7383 CVE-2026-9076 CVE-2026-34180 CVE-2026-42766 CVE-2024-35255,Critical,SVD-2026-0802 | Splunk Vulnerability Disclosure,10.0.0 to 10.0.8,2026-08-19,2026-08-19,https://advisory.splunk.com/advisories/SVD-2026-0802
enterprise:10.0.8,enterprise,Splunk Enterprise,10.0.8,10000008000,10.0.9,10000009000,SVD-2026-0802,Multiple (33) CVE-2026-25679 CVE-2026-27140 CVE-2026-27143 CVE-2026-27144 CVE-2026-32280 CVE-2026-32281 CVE-2026-32283 CVE-2026-33810 CVE-2026-34986 CVE-2026-29181 CVE-2026-39883 CVE-2026-33186 CVE-2026-7168 CVE-2026-6429 CVE-2026-6276 CVE-2025-14819 CVE-2025-14017 CVE-2026-45409 CVE-2026-6472 CVE-2026-6473 CVE-2026-6474 CVE-2026-6475 CVE-2026-6477 CVE-2026-6478 CVE-2026-6479 CVE-2026-6638 CVE-2026-6637 CVE-2026-45447 CVE-2026-7383 CVE-2026-9076 CVE-2026-34180 CVE-2026-42766 CVE-2024-35255,Critical,SVD-2026-0802 | Splunk Vulnerability Disclosure,10.0.0 to 10.0.8,2026-08-19,2026-08-19,https://advisory.splunk.com/advisories/SVD-2026-0802
enterprise:9.4.0,enterprise,Splunk Enterprise,9.4.0,9004000000,9.4.14,9004014000,SVD-2026-0802,Multiple (33) CVE-2026-25679 CVE-2026-27140 CVE-2026-27143 CVE-2026-27144 CVE-2026-32280 CVE-2026-32281 CVE-2026-32283 CVE-2026-33810 CVE-2026-34986 CVE-2026-29181 CVE-2026-39883 CVE-2026-33186 CVE-2026-7168 CVE-2026-6429 CVE-2026-6276 CVE-2025-14819 CVE-2025-14017 CVE-2026-45409 CVE-2026-6472 CVE-2026-6473 CVE-2026-6474 CVE-2026-6475 CVE-2026-6477 CVE-2026-6478 CVE-2026-6479 CVE-2026-6638 CVE-2026-6637 CVE-2026-45447 CVE-2026-7383 CVE-2026-9076 CVE-2026-34180 CVE-2026-42766 CVE-2024-35255,Critical,SVD-2026-0802 | Splunk Vulnerability Disclosure,9.4.0 to 9.4.13,2026-08-19,2026-08-19,https://advisory.splunk.com/advisories/SVD-2026-0802
enterprise:9.4.1,enterprise,Splunk Enterprise,9.4.1,9004001000,9.4.14,9004014000,SVD-2026-0802,Multiple (33) CVE-2026-25679 CVE-2026-27140 CVE-2026-27143 CVE-2026-27144 CVE-2026-32280 CVE-2026-32281 CVE-2026-32283 CVE-2026-33810 CVE-2026-34986 CVE-2026-29181 CVE-2026-39883 CVE-2026-33186 CVE-2026-7168 CVE-2026-6429 CVE-2026-6276 CVE-2025-14819 CVE-2025-14017 CVE-2026-45409 CVE-2026-6472 CVE-2026-6473 CVE-2026-6474 CVE-2026-6475 CVE-2026-6477 CVE-2026-6478 CVE-2026-6479 CVE-2026-6638 CVE-2026-6637 CVE-2026-45447 CVE-2026-7383 CVE-2026-9076 CVE-2026-34180 CVE-2026-42766 CVE-2024-35255,Critical,SVD-2026-0802 | Splunk Vulnerability Disclosure,9.4.0 to 9.4.13,2026-08-19,2026-08-19,https://advisory.splunk.com/advisories/SVD-2026-0802
enterprise:9.4.2,enterprise,Splunk Enterprise,9.4.2,9004002000,9.4.14,9004014000,SVD-2026-0802,Multiple (33) CVE-2026-25679 CVE-2026-27140 CVE-2026-27143 CVE-2026-27144 CVE-2026-32280 CVE-2026-32281 CVE-2026-32283 CVE-2026-33810 CVE-2026-34986 CVE-2026-29181 CVE-2026-39883 CVE-2026-33186 CVE-2026-7168 CVE-2026-6429 CVE-2026-6276 CVE-2025-14819 CVE-2025-14017 CVE-2026-45409 CVE-2026-6472 CVE-2026-6473 CVE-2026-6474 CVE-2026-6475 CVE-2026-6477 CVE-2026-6478 CVE-2026-6479 CVE-2026-6638 CVE-2026-6637 CVE-2026-45447 CVE-2026-7383 CVE-2026-9076 CVE-2026-34180 CVE-2026-42766 CVE-2024-35255,Critical,SVD-2026-0802 | Splunk Vulnerability Disclosure,9.4.0 to 9.4.13,2026-08-19,2026-08-19,https://advisory.splunk.com/advisories/SVD-2026-0802
enterprise:9.4.3,enterprise,Splunk Enterprise,9.4.3,9004003000,9.4.14,9004014000,SVD-2026-0802,Multiple (33) CVE-2026-25679 CVE-2026-27140 CVE-2026-27143 CVE-2026-27144 CVE-2026-32280 CVE-2026-32281 CVE-2026-32283 CVE-2026-33810 CVE-2026-34986 CVE-2026-29181 CVE-2026-39883 CVE-2026-33186 CVE-2026-7168 CVE-2026-6429 CVE-2026-6276 CVE-2025-14819 CVE-2025-14017 CVE-2026-45409 CVE-2026-6472 CVE-2026-6473 CVE-2026-6474 CVE-2026-6475 CVE-2026-6477 CVE-2026-6478 CVE-2026-6479 CVE-2026-6638 CVE-2026-6637 CVE-2026-45447 CVE-2026-7383 CVE-2026-9076 CVE-2026-34180 CVE-2026-42766 CVE-2024-35255,Critical,SVD-2026-0802 | Splunk Vulnerability Disclosure,9.4.0 to 9.4.13,2026-08-19,2026-08-19,https://advisory.splunk.com/advisories/SVD-2026-0802
enterprise:9.4.4,enterprise,Splunk Enterprise,9.4.4,9004004000,9.4.14,9004014000,SVD-2026-0802,Multiple (33) CVE-2026-25679 CVE-2026-27140 CVE-2026-27143 CVE-2026-27144 CVE-2026-32280 CVE-2026-32281 CVE-2026-32283 CVE-2026-33810 CVE-2026-34986 CVE-2026-29181 CVE-2026-39883 CVE-2026-33186 CVE-2026-7168 CVE-2026-6429 CVE-2026-6276 CVE-2025-14819 CVE-2025-14017 CVE-2026-45409 CVE-2026-6472 CVE-2026-6473 CVE-2026-6474 CVE-2026-6475 CVE-2026-6477 CVE-2026-6478 CVE-2026-6479 CVE-2026-6638 CVE-2026-6637 CVE-2026-45447 CVE-2026-7383 CVE-2026-9076 CVE-2026-34180 CVE-2026-42766 CVE-2024-35255,Critical,SVD-2026-0802 | Splunk Vulnerability Disclosure,9.4.0 to 9.4.13,2026-08-19,2026-08-19,https://advisory.splunk.com/advisories/SVD-2026-0802
enterprise:9.4.5,enterprise,Splunk Enterprise,9.4.5,9004005000,9.4.14,9004014000,SVD-2026-0802,Multiple (33) CVE-2026-25679 CVE-2026-27140 CVE-2026-27143 CVE-2026-27144 CVE-2026-32280 CVE-2026-32281 CVE-2026-32283 CVE-2026-33810 CVE-2026-34986 CVE-2026-29181 CVE-2026-39883 CVE-2026-33186 CVE-2026-7168 CVE-2026-6429 CVE-2026-6276 CVE-2025-14819 CVE-2025-14017 CVE-2026-45409 CVE-2026-6472 CVE-2026-6473 CVE-2026-6474 CVE-2026-6475 CVE-2026-6477 CVE-2026-6478 CVE-2026-6479 CVE-2026-6638 CVE-2026-6637 CVE-2026-45447 CVE-2026-7383 CVE-2026-9076 CVE-2026-34180 CVE-2026-42766 CVE-2024-35255,Critical,SVD-2026-0802 | Splunk Vulnerability Disclosure,9.4.0 to 9.4.13,2026-08-19,2026-08-19,https://advisory.splunk.com/advisories/SVD-2026-0802
enterprise:9.4.6,enterprise,Splunk Enterprise,9.4.6,9004006000,9.4.14,9004014000,SVD-2026-0802,Multiple (33) CVE-2026-25679 CVE-2026-27140 CVE-2026-27143 CVE-2026-27144 CVE-2026-32280 CVE-2026-32281 CVE-2026-32283 CVE-2026-33810 CVE-2026-34986 CVE-2026-29181 CVE-2026-39883 CVE-2026-33186 CVE-2026-7168 CVE-2026-6429 CVE-2026-6276 CVE-2025-14819 CVE-2025-14017 CVE-2026-45409 CVE-2026-6472 CVE-2026-6473 CVE-2026-6474 CVE-2026-6475 CVE-2026-6477 CVE-2026-6478 CVE-2026-6479 CVE-2026-6638 CVE-2026-6637 CVE-2026-45447 CVE-2026-7383 CVE-2026-9076 CVE-2026-34180 CVE-2026-42766 CVE-2024-35255,Critical,SVD-2026-0802 | Splunk Vulnerability Disclosure,9.4.0 to 9.4.13,2026-08-19,2026-08-19,https://advisory.splunk.com/advisories/SVD-2026-0802
enterprise:9.4.7,enterprise,Splunk Enterprise,9.4.7,9004007000,9.4.14,9004014000,SVD-2026-0802,Multiple (33) CVE-2026-25679 CVE-2026-27140 CVE-2026-27143 CVE-2026-27144 CVE-2026-32280 CVE-2026-32281 CVE-2026-32283 CVE-2026-33810 CVE-2026-34986 CVE-2026-29181 CVE-2026-39883 CVE-2026-33186 CVE-2026-7168 CVE-2026-6429 CVE-2026-6276 CVE-2025-14819 CVE-2025-14017 CVE-2026-45409 CVE-2026-6472 CVE-2026-6473 CVE-2026-6474 CVE-2026-6475 CVE-2026-6477 CVE-2026-6478 CVE-2026-6479 CVE-2026-6638 CVE-2026-6637 CVE-2026-45447 CVE-2026-7383 CVE-2026-9076 CVE-2026-34180 CVE-2026-42766 CVE-2024-35255,Critical,SVD-2026-0802 | Splunk Vulnerability Disclosure,9.4.0 to 9.4.13,2026-08-19,2026-08-19,https://advisory.splunk.com/advisories/SVD-2026-0802
enterprise:9.4.8,enterprise,Splunk Enterprise,9.4.8,9004008000,9.4.14,9004014000,SVD-2026-0802,Multiple (33) CVE-2026-25679 CVE-2026-27140 CVE-2026-27143 CVE-2026-27144 CVE-2026-32280 CVE-2026-32281 CVE-2026-32283 CVE-2026-33810 CVE-2026-34986 CVE-2026-29181 CVE-2026-39883 CVE-2026-33186 CVE-2026-7168 CVE-2026-6429 CVE-2026-6276 CVE-2025-14819 CVE-2025-14017 CVE-2026-45409 CVE-2026-6472 CVE-2026-6473 CVE-2026-6474 CVE-2026-6475 CVE-2026-6477 CVE-2026-6478 CVE-2026-6479 CVE-2026-6638 CVE-2026-6637 CVE-2026-45447 CVE-2026-7383 CVE-2026-9076 CVE-2026-34180 CVE-2026-42766 CVE-2024-35255,Critical,SVD-2026-0802 | Splunk Vulnerability Disclosure,9.4.0 to 9.4.13,2026-08-19,2026-08-19,https://advisory.splunk.com/advisories/SVD-2026-0802
enterprise:9.4.9,enterprise,Splunk Enterprise,9.4.9,9004009000,9.4.14,9004014000,SVD-2026-0802,Multiple (33) CVE-2026-25679 CVE-2026-27140 CVE-2026-27143 CVE-2026-27144 CVE-2026-32280 CVE-2026-32281 CVE-2026-32283 CVE-2026-33810 CVE-2026-34986 CVE-2026-29181 CVE-2026-39883 CVE-2026-33186 CVE-2026-7168 CVE-2026-6429 CVE-2026-6276 CVE-2025-14819 CVE-2025-14017 CVE-2026-45409 CVE-2026-6472 CVE-2026-6473 CVE-2026-6474 CVE-2026-6475 CVE-2026-6477 CVE-2026-6478 CVE-2026-6479 CVE-2026-6638 CVE-2026-6637 CVE-2026-45447 CVE-2026-7383 CVE-2026-9076 CVE-2026-34180 CVE-2026-42766 CVE-2024-35255,Critical,SVD-2026-0802 | Splunk Vulnerability Disclosure,9.4.0 to 9.4.13,2026-08-19,2026-08-19,https://advisory.splunk.com/advisories/SVD-2026-0802
enterprise:9.4.10,enterprise,Splunk Enterprise,9.4.10,9004010000,9.4.14,9004014000,SVD-2026-0802,Multiple (33) CVE-2026-25679 CVE-2026-27140 CVE-2026-27143 CVE-2026-27144 CVE-2026-32280 CVE-2026-32281 CVE-2026-32283 CVE-2026-33810 CVE-2026-34986 CVE-2026-29181 CVE-2026-39883 CVE-2026-33186 CVE-2026-7168 CVE-2026-6429 CVE-2026-6276 CVE-2025-14819 CVE-2025-14017 CVE-2026-45409 CVE-2026-6472 CVE-2026-6473 CVE-2026-6474 CVE-2026-6475 CVE-2026-6477 CVE-2026-6478 CVE-2026-6479 CVE-2026-6638 CVE-2026-6637 CVE-2026-45447 CVE-2026-7383 CVE-2026-9076 CVE-2026-34180 CVE-2026-42766 CVE-2024-35255,Critical,SVD-2026-0802 | Splunk Vulnerability Disclosure,9.4.0 to 9.4.13,2026-08-19,2026-08-19,https://advisory.splunk.com/advisories/SVD-2026-0802
enterprise:9.4.11,enterprise,Splunk Enterprise,9.4.11,9004011000,9.4.14,9004014000,SVD-2026-0802,Multiple (33) CVE-2026-25679 CVE-2026-27140 CVE-2026-27143 CVE-2026-27144 CVE-2026-32280 CVE-2026-32281 CVE-2026-32283 CVE-2026-33810 CVE-2026-34986 CVE-2026-29181 CVE-2026-39883 CVE-2026-33186 CVE-2026-7168 CVE-2026-6429 CVE-2026-6276 CVE-2025-14819 CVE-2025-14017 CVE-2026-45409 CVE-2026-6472 CVE-2026-6473 CVE-2026-6474 CVE-2026-6475 CVE-2026-6477 CVE-2026-6478 CVE-2026-6479 CVE-2026-6638 CVE-2026-6637 CVE-2026-45447 CVE-2026-7383 CVE-2026-9076 CVE-2026-34180 CVE-2026-42766 CVE-2024-35255,Critical,SVD-2026-0802 | Splunk Vulnerability Disclosure,9.4.0 to 9.4.13,2026-08-19,2026-08-19,https://advisory.splunk.com/advisories/SVD-2026-0802
enterprise:9.4.12,enterprise,Splunk Enterprise,9.4.12,9004012000,9.4.14,9004014000,SVD-2026-0802,Multiple (33) CVE-2026-25679 CVE-2026-27140 CVE-2026-27143 CVE-2026-27144 CVE-2026-32280 CVE-2026-32281 CVE-2026-32283 CVE-2026-33810 CVE-2026-34986 CVE-2026-29181 CVE-2026-39883 CVE-2026-33186 CVE-2026-7168 CVE-2026-6429 CVE-2026-6276 CVE-2025-14819 CVE-2025-14017 CVE-2026-45409 CVE-2026-6472 CVE-2026-6473 CVE-2026-6474 CVE-2026-6475 CVE-2026-6477 CVE-2026-6478 CVE-2026-6479 CVE-2026-6638 CVE-2026-6637 CVE-2026-45447 CVE-2026-7383 CVE-2026-9076 CVE-2026-34180 CVE-2026-42766 CVE-2024-35255,Critical,SVD-2026-0802 | Splunk Vulnerability Disclosure,9.4.0 to 9.4.13,2026-08-19,2026-08-19,https://advisory.splunk.com/advisories/SVD-2026-0802
enterprise:9.4.13,enterprise,Splunk Enterprise,9.4.13,9004013000,9.4.14,9004014000,SVD-2026-0802,Multiple (33) CVE-2026-25679 CVE-2026-27140 CVE-2026-27143 CVE-2026-27144 CVE-2026-32280 CVE-2026-32281 CVE-2026-32283 CVE-2026-33810 CVE-2026-34986 CVE-2026-29181 CVE-2026-39883 CVE-2026-33186 CVE-2026-7168 CVE-2026-6429 CVE-2026-6276 CVE-2025-14819 CVE-2025-14017 CVE-2026-45409 CVE-2026-6472 CVE-2026-6473 CVE-2026-6474 CVE-2026-6475 CVE-2026-6477 CVE-2026-6478 CVE-2026-6479 CVE-2026-6638 CVE-2026-6637 CVE-2026-45447 CVE-2026-7383 CVE-2026-9076 CVE-2026-34180 CVE-2026-42766 CVE-2024-35255,Critical,SVD-2026-0802 | Splunk Vulnerability Disclosure,9.4.0 to 9.4.13,2026-08-19,2026-08-19,https://advisory.splunk.com/advisories/SVD-2026-0802
enterprise:10.4.0,enterprise,Splunk Enterprise,10.4.0,10004000000,10.4.2,10004002000,SVD-2026-0801,,Critical,SVD-2026-0801 | Splunk Vulnerability Disclosure,10.4.0 to 10.4.1,2026-08-19,,https://advisory.splunk.com/advisories/SVD-2026-0801
enterprise:10.4.1,enterprise,Splunk Enterprise,10.4.1,10004001000,10.4.2,10004002000,SVD-2026-0801,,Critical,SVD-2026-0801 | Splunk Vulnerability Disclosure,10.4.0 to 10.4.1,2026-08-19,,https://advisory.splunk.com/advisories/SVD-2026-0801
enterprise:10.2.0,enterprise,Splunk Enterprise,10.2.0,10002000000,10.2.6,10002006000,SVD-2026-0801,,Critical,SVD-2026-0801 | Splunk Vulnerability Disclosure,10.2.0 to 10.2.5,2026-08-19,,https://advisory.splunk.com/advisories/SVD-2026-0801
enterprise:10.2.1,enterprise,Splunk Enterprise,10.2.1,10002001000,10.2.6,10002006000,SVD-2026-0801,,Critical,SVD-2026-0801 | Splunk Vulnerability Disclosure,10.2.0 to 10.2.5,2026-08-19,,https://advisory.splunk.com/advisories/SVD-2026-0801
enterprise:10.2.2,enterprise,Splunk Enterprise,10.2.2,10002002000,10.2.6,10002006000,SVD-2026-0801,,Critical,SVD-2026-0801 | Splunk Vulnerability Disclosure,10.2.0 to 10.2.5,2026-08-19,,https://advisory.splunk.com/advisories/SVD-2026-0801
enterprise:10.2.3,enterprise,Splunk Enterprise,10.2.3,10002003000,10.2.6,10002006000,SVD-2026-0801,,Critical,SVD-2026-0801 | Splunk Vulnerability Disclosure,10.2.0 to 10.2.5,2026-08-19,,https://advisory.splunk.com/advisories/SVD-2026-0801
enterprise:10.2.4,enterprise,Splunk Enterprise,10.2.4,10002004000,10.2.6,10002006000,SVD-2026-0801,,Critical,SVD-2026-0801 | Splunk Vulnerability Disclosure,10.2.0 to 10.2.5,2026-08-19,,https://advisory.splunk.com/advisories/SVD-2026-0801
enterprise:10.2.5,enterprise,Splunk Enterprise,10.2.5,10002005000,10.2.6,10002006000,SVD-2026-0801,,Critical,SVD-2026-0801 | Splunk Vulnerability Disclosure,10.2.0 to 10.2.5,2026-08-19,,https://advisory.splunk.com/advisories/SVD-2026-0801
enterprise:10.0.0,enterprise,Splunk Enterprise,10.0.0,10000000000,10.0.9,10000009000,SVD-2026-0801,,Critical,SVD-2026-0801 | Splunk Vulnerability Disclosure,10.0.0 to 10.0.8,2026-08-19,,https://advisory.splunk.com/advisories/SVD-2026-0801
enterprise:10.0.1,enterprise,Splunk Enterprise,10.0.1,10000001000,10.0.9,10000009000,SVD-2026-0801,,Critical,SVD-2026-0801 | Splunk Vulnerability Disclosure,10.0.0 to 10.0.8,2026-08-19,,https://advisory.splunk.com/advisories/SVD-2026-0801
enterprise:10.0.2,enterprise,Splunk Enterprise,10.0.2,10000002000,10.0.9,10000009000,SVD-2026-0801,,Critical,SVD-2026-0801 | Splunk Vulnerability Disclosure,10.0.0 to 10.0.8,2026-08-19,,https://advisory.splunk.com/advisories/SVD-2026-0801
enterprise:10.0.3,enterprise,Splunk Enterprise,10.0.3,10000003000,10.0.9,10000009000,SVD-2026-0801,,Critical,SVD-2026-0801 | Splunk Vulnerability Disclosure,10.0.0 to 10.0.8,2026-08-19,,https://advisory.splunk.com/advisories/SVD-2026-0801
enterprise:10.0.4,enterprise,Splunk Enterprise,10.0.4,10000004000,10.0.9,10000009000,SVD-2026-0801,,Critical,SVD-2026-0801 | Splunk Vulnerability Disclosure,10.0.0 to 10.0.8,2026-08-19,,https://advisory.splunk.com/advisories/SVD-2026-0801
enterprise:10.0.5,enterprise,Splunk Enterprise,10.0.5,10000005000,10.0.9,10000009000,SVD-2026-0801,,Critical,SVD-2026-0801 | Splunk Vulnerability Disclosure,10.0.0 to 10.0.8,2026-08-19,,https://advisory.splunk.com/advisories/SVD-2026-0801
enterprise:10.0.6,enterprise,Splunk Enterprise,10.0.6,10000006000,10.0.9,10000009000,SVD-2026-0801,,Critical,SVD-2026-0801 | Splunk Vulnerability Disclosure,10.0.0 to 10.0.8,2026-08-19,,https://advisory.splunk.com/advisories/SVD-2026-0801
enterprise:10.0.7,enterprise,Splunk Enterprise,10.0.7,10000007000,10.0.9,10000009000,SVD-2026-0801,,Critical,SVD-2026-0801 | Splunk Vulnerability Disclosure,10.0.0 to 10.0.8,2026-08-19,,https://advisory.splunk.com/advisories/SVD-2026-0801
enterprise:10.0.8,enterprise,Splunk Enterprise,10.0.8,10000008000,10.0.9,10000009000,SVD-2026-0801,,Critical,SVD-2026-0801 | Splunk Vulnerability Disclosure,10.0.0 to 10.0.8,2026-08-19,,https://advisory.splunk.com/advisories/SVD-2026-0801
enterprise:9.4.0,enterprise,Splunk Enterprise,9.4.0,9004000000,9.4.14,9004014000,SVD-2026-0801,,Critical,SVD-2026-0801 | Splunk Vulnerability Disclosure,9.4.0 to 9.4.13,2026-08-19,,https://advisory.splunk.com/advisories/SVD-2026-0801
enterprise:9.4.1,enterprise,Splunk Enterprise,9.4.1,9004001000,9.4.14,9004014000,SVD-2026-0801,,Critical,SVD-2026-0801 | Splunk Vulnerability Disclosure,9.4.0 to 9.4.13,2026-08-19,,https://advisory.splunk.com/advisories/SVD-2026-0801
enterprise:9.4.2,enterprise,Splunk Enterprise,9.4.2,9004002000,9.4.14,9004014000,SVD-2026-0801,,Critical,SVD-2026-0801 | Splunk Vulnerability Disclosure,9.4.0 to 9.4.13,2026-08-19,,https://advisory.splunk.com/advisories/SVD-2026-0801
enterprise:9.4.3,enterprise,Splunk Enterprise,9.4.3,9004003000,9.4.14,9004014000,SVD-2026-0801,,Critical,SVD-2026-0801 | Splunk Vulnerability Disclosure,9.4.0 to 9.4.13,2026-08-19,,https://advisory.splunk.com/advisories/SVD-2026-0801
enterprise:9.4.4,enterprise,Splunk Enterprise,9.4.4,9004004000,9.4.14,9004014000,SVD-2026-0801,,Critical,SVD-2026-0801 | Splunk Vulnerability Disclosure,9.4.0 to 9.4.13,2026-08-19,,https://advisory.splunk.com/advisories/SVD-2026-0801
enterprise:9.4.5,enterprise,Splunk Enterprise,9.4.5,9004005000,9.4.14,9004014000,SVD-2026-0801,,Critical,SVD-2026-0801 | Splunk Vulnerability Disclosure,9.4.0 to 9.4.13,2026-08-19,,https://advisory.splunk.com/advisories/SVD-2026-0801
enterprise:9.4.6,enterprise,Splunk Enterprise,9.4.6,9004006000,9.4.14,9004014000,SVD-2026-0801,,Critical,SVD-2026-0801 | Splunk Vulnerability Disclosure,9.4.0 to 9.4.13,2026-08-19,,https://advisory.splunk.com/advisories/SVD-2026-0801
enterprise:9.4.7,enterprise,Splunk Enterprise,9.4.7,9004007000,9.4.14,9004014000,SVD-2026-0801,,Critical,SVD-2026-0801 | Splunk Vulnerability Disclosure,9.4.0 to 9.4.13,2026-08-19,,https://advisory.splunk.com/advisories/SVD-2026-0801
enterprise:9.4.8,enterprise,Splunk Enterprise,9.4.8,9004008000,9.4.14,9004014000,SVD-2026-0801,,Critical,SVD-2026-0801 | Splunk Vulnerability Disclosure,9.4.0 to 9.4.13,2026-08-19,,https://advisory.splunk.com/advisories/SVD-2026-0801
enterprise:9.4.9,enterprise,Splunk Enterprise,9.4.9,9004009000,9.4.14,9004014000,SVD-2026-0801,,Critical,SVD-2026-0801 | Splunk Vulnerability Disclosure,9.4.0 to 9.4.13,2026-08-19,,https://advisory.splunk.com/advisories/SVD-2026-0801
enterprise:9.4.10,enterprise,Splunk Enterprise,9.4.10,9004010000,9.4.14,9004014000,SVD-2026-0801,,Critical,SVD-2026-0801 | Splunk Vulnerability Disclosure,9.4.0 to 9.4.13,2026-08-19,,https://advisory.splunk.com/advisories/SVD-2026-0801
enterprise:9.4.11,enterprise,Splunk Enterprise,9.4.11,9004011000,9.4.14,9004014000,SVD-2026-0801,,Critical,SVD-2026-0801 | Splunk Vulnerability Disclosure,9.4.0 to 9.4.13,2026-08-19,,https://advisory.splunk.com/advisories/SVD-2026-0801
enterprise:9.4.12,enterprise,Splunk Enterprise,9.4.12,9004012000,9.4.14,9004014000,SVD-2026-0801,,Critical,SVD-2026-0801 | Splunk Vulnerability Disclosure,9.4.0 to 9.4.13,2026-08-19,,https://advisory.splunk.com/advisories/SVD-2026-0801
enterprise:9.4.13,enterprise,Splunk Enterprise,9.4.13,9004013000,9.4.14,9004014000,SVD-2026-0801,,Critical,SVD-2026-0801 | Splunk Vulnerability Disclosure,9.4.0 to 9.4.13,2026-08-19,,https://advisory.splunk.com/advisories/SVD-2026-0801
forwarder:10.4.0,forwarder,Splunk Universal Forwarder,10.4.0,10004000000,10.4.1,10004001000,SVD-2026-0706,Multiple (5),Medium,SVD-2026-0706 | Splunk Vulnerability Disclosure,Below 10.4.1,2026-07-15,2026-08-14,https://advisory.splunk.com/advisories/SVD-2026-0706
forwarder:10.2.0,forwarder,Splunk Universal Forwarder,10.2.0,10002000000,10.2.5,10002005000,SVD-2026-0706,Multiple (5),Medium,SVD-2026-0706 | Splunk Vulnerability Disclosure,10.2.0 to 10.2.4,2026-07-15,2026-08-14,https://advisory.splunk.com/advisories/SVD-2026-0706
forwarder:10.2.1,forwarder,Splunk Universal Forwarder,10.2.1,10002001000,10.2.5,10002005000,SVD-2026-0706,Multiple (5),Medium,SVD-2026-0706 | Splunk Vulnerability Disclosure,10.2.0 to 10.2.4,2026-07-15,2026-08-14,https://advisory.splunk.com/advisories/SVD-2026-0706
forwarder:10.2.2,forwarder,Splunk Universal Forwarder,10.2.2,10002002000,10.2.5,10002005000,SVD-2026-0706,Multiple (5),Medium,SVD-2026-0706 | Splunk Vulnerability Disclosure,10.2.0 to 10.2.4,2026-07-15,2026-08-14,https://advisory.splunk.com/advisories/SVD-2026-0706
forwarder:10.2.3,forwarder,Splunk Universal Forwarder,10.2.3,10002003000,10.2.5,10002005000,SVD-2026-0706,Multiple (5),Medium,SVD-2026-0706 | Splunk Vulnerability Disclosure,10.2.0 to 10.2.4,2026-07-15,2026-08-14,https://advisory.splunk.com/advisories/SVD-2026-0706
forwarder:10.2.4,forwarder,Splunk Universal Forwarder,10.2.4,10002004000,10.2.5,10002005000,SVD-2026-0706,Multiple (5),Medium,SVD-2026-0706 | Splunk Vulnerability Disclosure,10.2.0 to 10.2.4,2026-07-15,2026-08-14,https://advisory.splunk.com/advisories/SVD-2026-0706
forwarder:10.0.0,forwarder,Splunk Universal Forwarder,10.0.0,10000000000,10.0.8,10000008000,SVD-2026-0706,Multiple (5),Medium,SVD-2026-0706 | Splunk Vulnerability Disclosure,10.0.0 to 10.0.7,2026-07-15,2026-08-14,https://advisory.splunk.com/advisories/SVD-2026-0706
forwarder:10.0.1,forwarder,Splunk Universal Forwarder,10.0.1,10000001000,10.0.8,10000008000,SVD-2026-0706,Multiple (5),Medium,SVD-2026-0706 | Splunk Vulnerability Disclosure,10.0.0 to 10.0.7,2026-07-15,2026-08-14,https://advisory.splunk.com/advisories/SVD-2026-0706
forwarder:10.0.2,forwarder,Splunk Universal Forwarder,10.0.2,10000002000,10.0.8,10000008000,SVD-2026-0706,Multiple (5),Medium,SVD-2026-0706 | Splunk Vulnerability Disclosure,10.0.0 to 10.0.7,2026-07-15,2026-08-14,https://advisory.splunk.com/advisories/SVD-2026-0706
forwarder:10.0.3,forwarder,Splunk Universal Forwarder,10.0.3,10000003000,10.0.8,10000008000,SVD-2026-0706,Multiple (5),Medium,SVD-2026-0706 | Splunk Vulnerability Disclosure,10.0.0 to 10.0.7,2026-07-15,2026-08-14,https://advisory.splunk.com/advisories/SVD-2026-0706
forwarder:10.0.4,forwarder,Splunk Universal Forwarder,10.0.4,10000004000,10.0.8,10000008000,SVD-2026-0706,Multiple (5),Medium,SVD-2026-0706 | Splunk Vulnerability Disclosure,10.0.0 to 10.0.7,2026-07-15,2026-08-14,https://advisory.splunk.com/advisories/SVD-2026-0706
forwarder:10.0.5,forwarder,Splunk Universal Forwarder,10.0.5,10000005000,10.0.8,10000008000,SVD-2026-0706,Multiple (5),Medium,SVD-2026-0706 | Splunk Vulnerability Disclosure,10.0.0 to 10.0.7,2026-07-15,2026-08-14,https://advisory.splunk.com/advisories/SVD-2026-0706
forwarder:10.0.6,forwarder,Splunk Universal Forwarder,10.0.6,10000006000,10.0.8,10000008000,SVD-2026-0706,Multiple (5),Medium,SVD-2026-0706 | Splunk Vulnerability Disclosure,10.0.0 to 10.0.7,2026-07-15,2026-08-14,https://advisory.splunk.com/advisories/SVD-2026-0706
forwarder:10.0.7,forwarder,Splunk Universal Forwarder,10.0.7,10000007000,10.0.8,10000008000,SVD-2026-0706,Multiple (5),Medium,SVD-2026-0706 | Splunk Vulnerability Disclosure,10.0.0 to 10.0.7,2026-07-15,2026-08-14,https://advisory.splunk.com/advisories/SVD-2026-0706
forwarder:9.4.0,forwarder,Splunk Universal Forwarder,9.4.0,9004000000,9.4.13,9004013000,SVD-2026-0706,Multiple (5),Medium,SVD-2026-0706 | Splunk Vulnerability Disclosure,9.4.0 to 9.4.12,2026-07-15,2026-08-14,https://advisory.splunk.com/advisories/SVD-2026-0706
forwarder:9.4.1,forwarder,Splunk Universal Forwarder,9.4.1,9004001000,9.4.13,9004013000,SVD-2026-0706,Multiple (5),Medium,SVD-2026-0706 | Splunk Vulnerability Disclosure,9.4.0 to 9.4.12,2026-07-15,2026-08-14,https://advisory.splunk.com/advisories/SVD-2026-0706
forwarder:9.4.2,forwarder,Splunk Universal Forwarder,9.4.2,9004002000,9.4.13,9004013000,SVD-2026-0706,Multiple (5),Medium,SVD-2026-0706 | Splunk Vulnerability Disclosure,9.4.0 to 9.4.12,2026-07-15,2026-08-14,https://advisory.splunk.com/advisories/SVD-2026-0706
forwarder:9.4.3,forwarder,Splunk Universal Forwarder,9.4.3,9004003000,9.4.13,9004013000,SVD-2026-0706,Multiple (5),Medium,SVD-2026-0706 | Splunk Vulnerability Disclosure,9.4.0 to 9.4.12,2026-07-15,2026-08-14,https://advisory.splunk.com/advisories/SVD-2026-0706
forwarder:9.4.4,forwarder,Splunk Universal Forwarder,9.4.4,9004004000,9.4.13,9004013000,SVD-2026-0706,Multiple (5),Medium,SVD-2026-0706 | Splunk Vulnerability Disclosure,9.4.0 to 9.4.12,2026-07-15,2026-08-14,https://advisory.splunk.com/advisories/SVD-2026-0706
forwarder:9.4.5,forwarder,Splunk Universal Forwarder,9.4.5,9004005000,9.4.13,9004013000,SVD-2026-0706,Multiple (5),Medium,SVD-2026-0706 | Splunk Vulnerability Disclosure,9.4.0 to 9.4.12,2026-07-15,2026-08-14,https://advisory.splunk.com/advisories/SVD-2026-0706
forwarder:9.4.6,forwarder,Splunk Universal Forwarder,9.4.6,9004006000,9.4.13,9004013000,SVD-2026-0706,Multiple (5),Medium,SVD-2026-0706 | Splunk Vulnerability Disclosure,9.4.0 to 9.4.12,2026-07-15,2026-08-14,https://advisory.splunk.com/advisories/SVD-2026-0706
forwarder:9.4.7,forwarder,Splunk Universal Forwarder,9.4.7,9004007000,9.4.13,9004013000,SVD-2026-0706,Multiple (5),Medium,SVD-2026-0706 | Splunk Vulnerability Disclosure,9.4.0 to 9.4.12,2026-07-15,2026-08-14,https://advisory.splunk.com/advisories/SVD-2026-0706
forwarder:9.4.8,forwarder,Splunk Universal Forwarder,9.4.8,9004008000,9.4.13,9004013000,SVD-2026-0706,Multiple (5),Medium,SVD-2026-0706 | Splunk Vulnerability Disclosure,9.4.0 to 9.4.12,2026-07-15,2026-08-14,https://advisory.splunk.com/advisories/SVD-2026-0706
forwarder:9.4.9,forwarder,Splunk Universal Forwarder,9.4.9,9004009000,9.4.13,9004013000,SVD-2026-0706,Multiple (5),Medium,SVD-2026-0706 | Splunk Vulnerability Disclosure,9.4.0 to 9.4.12,2026-07-15,2026-08-14,https://advisory.splunk.com/advisories/SVD-2026-0706
forwarder:9.4.10,forwarder,Splunk Universal Forwarder,9.4.10,9004010000,9.4.13,9004013000,SVD-2026-0706,Multiple (5),Medium,SVD-2026-0706 | Splunk Vulnerability Disclosure,9.4.0 to 9.4.12,2026-07-15,2026-08-14,https://advisory.splunk.com/advisories/SVD-2026-0706
forwarder:9.4.11,forwarder,Splunk Universal Forwarder,9.4.11,9004011000,9.4.13,9004013000,SVD-2026-0706,Multiple (5),Medium,SVD-2026-0706 | Splunk Vulnerability Disclosure,9.4.0 to 9.4.12,2026-07-15,2026-08-14,https://advisory.splunk.com/advisories/SVD-2026-0706
forwarder:9.4.12,forwarder,Splunk Universal Forwarder,9.4.12,9004012000,9.4.13,9004013000,SVD-2026-0706,Multiple (5),Medium,SVD-2026-0706 | Splunk Vulnerability Disclosure,9.4.0 to 9.4.12,2026-07-15,2026-08-14,https://advisory.splunk.com/advisories/SVD-2026-0706
enterprise:10.4.0,enterprise,Splunk Enterprise,10.4.0,10004000000,10.4.1,10004001000,SVD-2026-0705,Multiple (25) CVE-2026-27140 CVE-2026-27143 CVE-2026-27144 CVE-2026-32280 CVE-2026-32281 CVE-2026-32283 CVE-2026-39836 CVE-2026-42501 CVE-2025-30204 CVE-2025-61726 CVE-2026-32285 CVE-2026-32287 CVE-2026-34986 CVE-2026-24051 CVE-2026-39883 CVE-2026-29181 CVE-2026-39882 CVE-2025-47913 CVE-2026-8053 CVE-2026-8199 CVE-2026-8201 CVE-2026-8202 CVE-2026-8200 CVE-2026-6914 CVE-2026-6915,Critical,SVD-2026-0705 | Splunk Vulnerability Disclosure,Below 10.4.1,2026-07-15,2026-07-15,https://advisory.splunk.com/advisories/SVD-2026-0705
enterprise:10.2.0,enterprise,Splunk Enterprise,10.2.0,10002000000,10.2.5,10002005000,SVD-2026-0705,Multiple (25) CVE-2026-27140 CVE-2026-27143 CVE-2026-27144 CVE-2026-32280 CVE-2026-32281 CVE-2026-32283 CVE-2026-39836 CVE-2026-42501 CVE-2025-30204 CVE-2025-61726 CVE-2026-32285 CVE-2026-32287 CVE-2026-34986 CVE-2026-24051 CVE-2026-39883 CVE-2026-29181 CVE-2026-39882 CVE-2025-47913 CVE-2026-8053 CVE-2026-8199 CVE-2026-8201 CVE-2026-8202 CVE-2026-8200 CVE-2026-6914 CVE-2026-6915,Critical,SVD-2026-0705 | Splunk Vulnerability Disclosure,10.2.0 to 10.2.4,2026-07-15,2026-07-15,https://advisory.splunk.com/advisories/SVD-2026-0705
enterprise:10.2.1,enterprise,Splunk Enterprise,10.2.1,10002001000,10.2.5,10002005000,SVD-2026-0705,Multiple (25) CVE-2026-27140 CVE-2026-27143 CVE-2026-27144 CVE-2026-32280 CVE-2026-32281 CVE-2026-32283 CVE-2026-39836 CVE-2026-42501 CVE-2025-30204 CVE-2025-61726 CVE-2026-32285 CVE-2026-32287 CVE-2026-34986 CVE-2026-24051 CVE-2026-39883 CVE-2026-29181 CVE-2026-39882 CVE-2025-47913 CVE-2026-8053 CVE-2026-8199 CVE-2026-8201 CVE-2026-8202 CVE-2026-8200 CVE-2026-6914 CVE-2026-6915,Critical,SVD-2026-0705 | Splunk Vulnerability Disclosure,10.2.0 to 10.2.4,2026-07-15,2026-07-15,https://advisory.splunk.com/advisories/SVD-2026-0705
enterprise:10.2.2,enterprise,Splunk Enterprise,10.2.2,10002002000,10.2.5,10002005000,SVD-2026-0705,Multiple (25) CVE-2026-27140 CVE-2026-27143 CVE-2026-27144 CVE-2026-32280 CVE-2026-32281 CVE-2026-32283 CVE-2026-39836 CVE-2026-42501 CVE-2025-30204 CVE-2025-61726 CVE-2026-32285 CVE-2026-32287 CVE-2026-34986 CVE-2026-24051 CVE-2026-39883 CVE-2026-29181 CVE-2026-39882 CVE-2025-47913 CVE-2026-8053 CVE-2026-8199 CVE-2026-8201 CVE-2026-8202 CVE-2026-8200 CVE-2026-6914 CVE-2026-6915,Critical,SVD-2026-0705 | Splunk Vulnerability Disclosure,10.2.0 to 10.2.4,2026-07-15,2026-07-15,https://advisory.splunk.com/advisories/SVD-2026-0705
enterprise:10.2.3,enterprise,Splunk Enterprise,10.2.3,10002003000,10.2.5,10002005000,SVD-2026-0705,Multiple (25) CVE-2026-27140 CVE-2026-27143 CVE-2026-27144 CVE-2026-32280 CVE-2026-32281 CVE-2026-32283 CVE-2026-39836 CVE-2026-42501 CVE-2025-30204 CVE-2025-61726 CVE-2026-32285 CVE-2026-32287 CVE-2026-34986 CVE-2026-24051 CVE-2026-39883 CVE-2026-29181 CVE-2026-39882 CVE-2025-47913 CVE-2026-8053 CVE-2026-8199 CVE-2026-8201 CVE-2026-8202 CVE-2026-8200 CVE-2026-6914 CVE-2026-6915,Critical,SVD-2026-0705 | Splunk Vulnerability Disclosure,10.2.0 to 10.2.4,2026-07-15,2026-07-15,https://advisory.splunk.com/advisories/SVD-2026-0705
enterprise:10.2.4,enterprise,Splunk Enterprise,10.2.4,10002004000,10.2.5,10002005000,SVD-2026-0705,Multiple (25) CVE-2026-27140 CVE-2026-27143 CVE-2026-27144 CVE-2026-32280 CVE-2026-32281 CVE-2026-32283 CVE-2026-39836 CVE-2026-42501 CVE-2025-30204 CVE-2025-61726 CVE-2026-32285 CVE-2026-32287 CVE-2026-34986 CVE-2026-24051 CVE-2026-39883 CVE-2026-29181 CVE-2026-39882 CVE-2025-47913 CVE-2026-8053 CVE-2026-8199 CVE-2026-8201 CVE-2026-8202 CVE-2026-8200 CVE-2026-6914 CVE-2026-6915,Critical,SVD-2026-0705 | Splunk Vulnerability Disclosure,10.2.0 to 10.2.4,2026-07-15,2026-07-15,https://advisory.splunk.com/advisories/SVD-2026-0705
enterprise:10.0.0,enterprise,Splunk Enterprise,10.0.0,10000000000,10.0.8,10000008000,SVD-2026-0705,Multiple (25) CVE-2026-27140 CVE-2026-27143 CVE-2026-27144 CVE-2026-32280 CVE-2026-32281 CVE-2026-32283 CVE-2026-39836 CVE-2026-42501 CVE-2025-30204 CVE-2025-61726 CVE-2026-32285 CVE-2026-32287 CVE-2026-34986 CVE-2026-24051 CVE-2026-39883 CVE-2026-29181 CVE-2026-39882 CVE-2025-47913 CVE-2026-8053 CVE-2026-8199 CVE-2026-8201 CVE-2026-8202 CVE-2026-8200 CVE-2026-6914 CVE-2026-6915,Critical,SVD-2026-0705 | Splunk Vulnerability Disclosure,10.0.0 to 10.0.7,2026-07-15,2026-07-15,https://advisory.splunk.com/advisories/SVD-2026-0705
enterprise:10.0.1,enterprise,Splunk Enterprise,10.0.1,10000001000,10.0.8,10000008000,SVD-2026-0705,Multiple (25) CVE-2026-27140 CVE-2026-27143 CVE-2026-27144 CVE-2026-32280 CVE-2026-32281 CVE-2026-32283 CVE-2026-39836 CVE-2026-42501 CVE-2025-30204 CVE-2025-61726 CVE-2026-32285 CVE-2026-32287 CVE-2026-34986 CVE-2026-24051 CVE-2026-39883 CVE-2026-29181 CVE-2026-39882 CVE-2025-47913 CVE-2026-8053 CVE-2026-8199 CVE-2026-8201 CVE-2026-8202 CVE-2026-8200 CVE-2026-6914 CVE-2026-6915,Critical,SVD-2026-0705 | Splunk Vulnerability Disclosure,10.0.0 to 10.0.7,2026-07-15,2026-07-15,https://advisory.splunk.com/advisories/SVD-2026-0705
enterprise:10.0.2,enterprise,Splunk Enterprise,10.0.2,10000002000,10.0.8,10000008000,SVD-2026-0705,Multiple (25) CVE-2026-27140 CVE-2026-27143 CVE-2026-27144 CVE-2026-32280 CVE-2026-32281 CVE-2026-32283 CVE-2026-39836 CVE-2026-42501 CVE-2025-30204 CVE-2025-61726 CVE-2026-32285 CVE-2026-32287 CVE-2026-34986 CVE-2026-24051 CVE-2026-39883 CVE-2026-29181 CVE-2026-39882 CVE-2025-47913 CVE-2026-8053 CVE-2026-8199 CVE-2026-8201 CVE-2026-8202 CVE-2026-8200 CVE-2026-6914 CVE-2026-6915,Critical,SVD-2026-0705 | Splunk Vulnerability Disclosure,10.0.0 to 10.0.7,2026-07-15,2026-07-15,https://advisory.splunk.com/advisories/SVD-2026-0705
enterprise:10.0.3,enterprise,Splunk Enterprise,10.0.3,10000003000,10.0.8,10000008000,SVD-2026-0705,Multiple (25) CVE-2026-27140 CVE-2026-27143 CVE-2026-27144 CVE-2026-32280 CVE-2026-32281 CVE-2026-32283 CVE-2026-39836 CVE-2026-42501 CVE-2025-30204 CVE-2025-61726 CVE-2026-32285 CVE-2026-32287 CVE-2026-34986 CVE-2026-24051 CVE-2026-39883 CVE-2026-29181 CVE-2026-39882 CVE-2025-47913 CVE-2026-8053 CVE-2026-8199 CVE-2026-8201 CVE-2026-8202 CVE-2026-8200 CVE-2026-6914 CVE-2026-6915,Critical,SVD-2026-0705 | Splunk Vulnerability Disclosure,10.0.0 to 10.0.7,2026-07-15,2026-07-15,https://advisory.splunk.com/advisories/SVD-2026-0705
enterprise:10.0.4,enterprise,Splunk Enterprise,10.0.4,10000004000,10.0.8,10000008000,SVD-2026-0705,Multiple (25) CVE-2026-27140 CVE-2026-27143 CVE-2026-27144 CVE-2026-32280 CVE-2026-32281 CVE-2026-32283 CVE-2026-39836 CVE-2026-42501 CVE-2025-30204 CVE-2025-61726 CVE-2026-32285 CVE-2026-32287 CVE-2026-34986 CVE-2026-24051 CVE-2026-39883 CVE-2026-29181 CVE-2026-39882 CVE-2025-47913 CVE-2026-8053 CVE-2026-8199 CVE-2026-8201 CVE-2026-8202 CVE-2026-8200 CVE-2026-6914 CVE-2026-6915,Critical,SVD-2026-0705 | Splunk Vulnerability Disclosure,10.0.0 to 10.0.7,2026-07-15,2026-07-15,https://advisory.splunk.com/advisories/SVD-2026-0705
enterprise:10.0.5,enterprise,Splunk Enterprise,10.0.5,10000005000,10.0.8,10000008000,SVD-2026-0705,Multiple (25) CVE-2026-27140 CVE-2026-27143 CVE-2026-27144 CVE-2026-32280 CVE-2026-32281 CVE-2026-32283 CVE-2026-39836 CVE-2026-42501 CVE-2025-30204 CVE-2025-61726 CVE-2026-32285 CVE-2026-32287 CVE-2026-34986 CVE-2026-24051 CVE-2026-39883 CVE-2026-29181 CVE-2026-39882 CVE-2025-47913 CVE-2026-8053 CVE-2026-8199 CVE-2026-8201 CVE-2026-8202 CVE-2026-8200 CVE-2026-6914 CVE-2026-6915,Critical,SVD-2026-0705 | Splunk Vulnerability Disclosure,10.0.0 to 10.0.7,2026-07-15,2026-07-15,https://advisory.splunk.com/advisories/SVD-2026-0705
enterprise:10.0.6,enterprise,Splunk Enterprise,10.0.6,10000006000,10.0.8,10000008000,SVD-2026-0705,Multiple (25) CVE-2026-27140 CVE-2026-27143 CVE-2026-27144 CVE-2026-32280 CVE-2026-32281 CVE-2026-32283 CVE-2026-39836 CVE-2026-42501 CVE-2025-30204 CVE-2025-61726 CVE-2026-32285 CVE-2026-32287 CVE-2026-34986 CVE-2026-24051 CVE-2026-39883 CVE-2026-29181 CVE-2026-39882 CVE-2025-47913 CVE-2026-8053 CVE-2026-8199 CVE-2026-8201 CVE-2026-8202 CVE-2026-8200 CVE-2026-6914 CVE-2026-6915,Critical,SVD-2026-0705 | Splunk Vulnerability Disclosure,10.0.0 to 10.0.7,2026-07-15,2026-07-15,https://advisory.splunk.com/advisories/SVD-2026-0705
enterprise:10.0.7,enterprise,Splunk Enterprise,10.0.7,10000007000,10.0.8,10000008000,SVD-2026-0705,Multiple (25) CVE-2026-27140 CVE-2026-27143 CVE-2026-27144 CVE-2026-32280 CVE-2026-32281 CVE-2026-32283 CVE-2026-39836 CVE-2026-42501 CVE-2025-30204 CVE-2025-61726 CVE-2026-32285 CVE-2026-32287 CVE-2026-34986 CVE-2026-24051 CVE-2026-39883 CVE-2026-29181 CVE-2026-39882 CVE-2025-47913 CVE-2026-8053 CVE-2026-8199 CVE-2026-8201 CVE-2026-8202 CVE-2026-8200 CVE-2026-6914 CVE-2026-6915,Critical,SVD-2026-0705 | Splunk Vulnerability Disclosure,10.0.0 to 10.0.7,2026-07-15,2026-07-15,https://advisory.splunk.com/advisories/SVD-2026-0705
enterprise:9.4.0,enterprise,Splunk Enterprise,9.4.0,9004000000,9.4.13,9004013000,SVD-2026-0705,Multiple (25) CVE-2026-27140 CVE-2026-27143 CVE-2026-27144 CVE-2026-32280 CVE-2026-32281 CVE-2026-32283 CVE-2026-39836 CVE-2026-42501 CVE-2025-30204 CVE-2025-61726 CVE-2026-32285 CVE-2026-32287 CVE-2026-34986 CVE-2026-24051 CVE-2026-39883 CVE-2026-29181 CVE-2026-39882 CVE-2025-47913 CVE-2026-8053 CVE-2026-8199 CVE-2026-8201 CVE-2026-8202 CVE-2026-8200 CVE-2026-6914 CVE-2026-6915,Critical,SVD-2026-0705 | Splunk Vulnerability Disclosure,9.4.0 to 9.4.12,2026-07-15,2026-07-15,https://advisory.splunk.com/advisories/SVD-2026-0705
enterprise:9.4.1,enterprise,Splunk Enterprise,9.4.1,9004001000,9.4.13,9004013000,SVD-2026-0705,Multiple (25) CVE-2026-27140 CVE-2026-27143 CVE-2026-27144 CVE-2026-32280 CVE-2026-32281 CVE-2026-32283 CVE-2026-39836 CVE-2026-42501 CVE-2025-30204 CVE-2025-61726 CVE-2026-32285 CVE-2026-32287 CVE-2026-34986 CVE-2026-24051 CVE-2026-39883 CVE-2026-29181 CVE-2026-39882 CVE-2025-47913 CVE-2026-8053 CVE-2026-8199 CVE-2026-8201 CVE-2026-8202 CVE-2026-8200 CVE-2026-6914 CVE-2026-6915,Critical,SVD-2026-0705 | Splunk Vulnerability Disclosure,9.4.0 to 9.4.12,2026-07-15,2026-07-15,https://advisory.splunk.com/advisories/SVD-2026-0705
enterprise:9.4.2,enterprise,Splunk Enterprise,9.4.2,9004002000,9.4.13,9004013000,SVD-2026-0705,Multiple (25) CVE-2026-27140 CVE-2026-27143 CVE-2026-27144 CVE-2026-32280 CVE-2026-32281 CVE-2026-32283 CVE-2026-39836 CVE-2026-42501 CVE-2025-30204 CVE-2025-61726 CVE-2026-32285 CVE-2026-32287 CVE-2026-34986 CVE-2026-24051 CVE-2026-39883 CVE-2026-29181 CVE-2026-39882 CVE-2025-47913 CVE-2026-8053 CVE-2026-8199 CVE-2026-8201 CVE-2026-8202 CVE-2026-8200 CVE-2026-6914 CVE-2026-6915,Critical,SVD-2026-0705 | Splunk Vulnerability Disclosure,9.4.0 to 9.4.12,2026-07-15,2026-07-15,https://advisory.splunk.com/advisories/SVD-2026-0705
enterprise:9.4.3,enterprise,Splunk Enterprise,9.4.3,9004003000,9.4.13,9004013000,SVD-2026-0705,Multiple (25) CVE-2026-27140 CVE-2026-27143 CVE-2026-27144 CVE-2026-32280 CVE-2026-32281 CVE-2026-32283 CVE-2026-39836 CVE-2026-42501 CVE-2025-30204 CVE-2025-61726 CVE-2026-32285 CVE-2026-32287 CVE-2026-34986 CVE-2026-24051 CVE-2026-39883 CVE-2026-29181 CVE-2026-39882 CVE-2025-47913 CVE-2026-8053 CVE-2026-8199 CVE-2026-8201 CVE-2026-8202 CVE-2026-8200 CVE-2026-6914 CVE-2026-6915,Critical,SVD-2026-0705 | Splunk Vulnerability Disclosure,9.4.0 to 9.4.12,2026-07-15,2026-07-15,https://advisory.splunk.com/advisories/SVD-2026-0705
enterprise:9.4.4,enterprise,Splunk Enterprise,9.4.4,9004004000,9.4.13,9004013000,SVD-2026-0705,Multiple (25) CVE-2026-27140 CVE-2026-27143 CVE-2026-27144 CVE-2026-32280 CVE-2026-32281 CVE-2026-32283 CVE-2026-39836 CVE-2026-42501 CVE-2025-30204 CVE-2025-61726 CVE-2026-32285 CVE-2026-32287 CVE-2026-34986 CVE-2026-24051 CVE-2026-39883 CVE-2026-29181 CVE-2026-39882 CVE-2025-47913 CVE-2026-8053 CVE-2026-8199 CVE-2026-8201 CVE-2026-8202 CVE-2026-8200 CVE-2026-6914 CVE-2026-6915,Critical,SVD-2026-0705 | Splunk Vulnerability Disclosure,9.4.0 to 9.4.12,2026-07-15,2026-07-15,https://advisory.splunk.com/advisories/SVD-2026-0705
enterprise:9.4.5,enterprise,Splunk Enterprise,9.4.5,9004005000,9.4.13,9004013000,SVD-2026-0705,Multiple (25) CVE-2026-27140 CVE-2026-27143 CVE-2026-27144 CVE-2026-32280 CVE-2026-32281 CVE-2026-32283 CVE-2026-39836 CVE-2026-42501 CVE-2025-30204 CVE-2025-61726 CVE-2026-32285 CVE-2026-32287 CVE-2026-34986 CVE-2026-24051 CVE-2026-39883 CVE-2026-29181 CVE-2026-39882 CVE-2025-47913 CVE-2026-8053 CVE-2026-8199 CVE-2026-8201 CVE-2026-8202 CVE-2026-8200 CVE-2026-6914 CVE-2026-6915,Critical,SVD-2026-0705 | Splunk Vulnerability Disclosure,9.4.0 to 9.4.12,2026-07-15,2026-07-15,https://advisory.splunk.com/advisories/SVD-2026-0705
enterprise:9.4.6,enterprise,Splunk Enterprise,9.4.6,9004006000,9.4.13,9004013000,SVD-2026-0705,Multiple (25) CVE-2026-27140 CVE-2026-27143 CVE-2026-27144 CVE-2026-32280 CVE-2026-32281 CVE-2026-32283 CVE-2026-39836 CVE-2026-42501 CVE-2025-30204 CVE-2025-61726 CVE-2026-32285 CVE-2026-32287 CVE-2026-34986 CVE-2026-24051 CVE-2026-39883 CVE-2026-29181 CVE-2026-39882 CVE-2025-47913 CVE-2026-8053 CVE-2026-8199 CVE-2026-8201 CVE-2026-8202 CVE-2026-8200 CVE-2026-6914 CVE-2026-6915,Critical,SVD-2026-0705 | Splunk Vulnerability Disclosure,9.4.0 to 9.4.12,2026-07-15,2026-07-15,https://advisory.splunk.com/advisories/SVD-2026-0705
enterprise:9.4.7,enterprise,Splunk Enterprise,9.4.7,9004007000,9.4.13,9004013000,SVD-2026-0705,Multiple (25) CVE-2026-27140 CVE-2026-27143 CVE-2026-27144 CVE-2026-32280 CVE-2026-32281 CVE-2026-32283 CVE-2026-39836 CVE-2026-42501 CVE-2025-30204 CVE-2025-61726 CVE-2026-32285 CVE-2026-32287 CVE-2026-34986 CVE-2026-24051 CVE-2026-39883 CVE-2026-29181 CVE-2026-39882 CVE-2025-47913 CVE-2026-8053 CVE-2026-8199 CVE-2026-8201 CVE-2026-8202 CVE-2026-8200 CVE-2026-6914 CVE-2026-6915,Critical,SVD-2026-0705 | Splunk Vulnerability Disclosure,9.4.0 to 9.4.12,2026-07-15,2026-07-15,https://advisory.splunk.com/advisories/SVD-2026-0705
enterprise:9.4.8,enterprise,Splunk Enterprise,9.4.8,9004008000,9.4.13,9004013000,SVD-2026-0705,Multiple (25) CVE-2026-27140 CVE-2026-27143 CVE-2026-27144 CVE-2026-32280 CVE-2026-32281 CVE-2026-32283 CVE-2026-39836 CVE-2026-42501 CVE-2025-30204 CVE-2025-61726 CVE-2026-32285 CVE-2026-32287 CVE-2026-34986 CVE-2026-24051 CVE-2026-39883 CVE-2026-29181 CVE-2026-39882 CVE-2025-47913 CVE-2026-8053 CVE-2026-8199 CVE-2026-8201 CVE-2026-8202 CVE-2026-8200 CVE-2026-6914 CVE-2026-6915,Critical,SVD-2026-0705 | Splunk Vulnerability Disclosure,9.4.0 to 9.4.12,2026-07-15,2026-07-15,https://advisory.splunk.com/advisories/SVD-2026-0705
enterprise:9.4.9,enterprise,Splunk Enterprise,9.4.9,9004009000,9.4.13,9004013000,SVD-2026-0705,Multiple (25) CVE-2026-27140 CVE-2026-27143 CVE-2026-27144 CVE-2026-32280 CVE-2026-32281 CVE-2026-32283 CVE-2026-39836 CVE-2026-42501 CVE-2025-30204 CVE-2025-61726 CVE-2026-32285 CVE-2026-32287 CVE-2026-34986 CVE-2026-24051 CVE-2026-39883 CVE-2026-29181 CVE-2026-39882 CVE-2025-47913 CVE-2026-8053 CVE-2026-8199 CVE-2026-8201 CVE-2026-8202 CVE-2026-8200 CVE-2026-6914 CVE-2026-6915,Critical,SVD-2026-0705 | Splunk Vulnerability Disclosure,9.4.0 to 9.4.12,2026-07-15,2026-07-15,https://advisory.splunk.com/advisories/SVD-2026-0705
enterprise:9.4.10,enterprise,Splunk Enterprise,9.4.10,9004010000,9.4.13,9004013000,SVD-2026-0705,Multiple (25) CVE-2026-27140 CVE-2026-27143 CVE-2026-27144 CVE-2026-32280 CVE-2026-32281 CVE-2026-32283 CVE-2026-39836 CVE-2026-42501 CVE-2025-30204 CVE-2025-61726 CVE-2026-32285 CVE-2026-32287 CVE-2026-34986 CVE-2026-24051 CVE-2026-39883 CVE-2026-29181 CVE-2026-39882 CVE-2025-47913 CVE-2026-8053 CVE-2026-8199 CVE-2026-8201 CVE-2026-8202 CVE-2026-8200 CVE-2026-6914 CVE-2026-6915,Critical,SVD-2026-0705 | Splunk Vulnerability Disclosure,9.4.0 to 9.4.12,2026-07-15,2026-07-15,https://advisory.splunk.com/advisories/SVD-2026-0705
enterprise:9.4.11,enterprise,Splunk Enterprise,9.4.11,9004011000,9.4.13,9004013000,SVD-2026-0705,Multiple (25) CVE-2026-27140 CVE-2026-27143 CVE-2026-27144 CVE-2026-32280 CVE-2026-32281 CVE-2026-32283 CVE-2026-39836 CVE-2026-42501 CVE-2025-30204 CVE-2025-61726 CVE-2026-32285 CVE-2026-32287 CVE-2026-34986 CVE-2026-24051 CVE-2026-39883 CVE-2026-29181 CVE-2026-39882 CVE-2025-47913 CVE-2026-8053 CVE-2026-8199 CVE-2026-8201 CVE-2026-8202 CVE-2026-8200 CVE-2026-6914 CVE-2026-6915,Critical,SVD-2026-0705 | Splunk Vulnerability Disclosure,9.4.0 to 9.4.12,2026-07-15,2026-07-15,https://advisory.splunk.com/advisories/SVD-2026-0705
enterprise:9.4.12,enterprise,Splunk Enterprise,9.4.12,9004012000,9.4.13,9004013000,SVD-2026-0705,Multiple (25) CVE-2026-27140 CVE-2026-27143 CVE-2026-27144 CVE-2026-32280 CVE-2026-32281 CVE-2026-32283 CVE-2026-39836 CVE-2026-42501 CVE-2025-30204 CVE-2025-61726 CVE-2026-32285 CVE-2026-32287 CVE-2026-34986 CVE-2026-24051 CVE-2026-39883 CVE-2026-29181 CVE-2026-39882 CVE-2025-47913 CVE-2026-8053 CVE-2026-8199 CVE-2026-8201 CVE-2026-8202 CVE-2026-8200 CVE-2026-6914 CVE-2026-6915,Critical,SVD-2026-0705 | Splunk Vulnerability Disclosure,9.4.0 to 9.4.12,2026-07-15,2026-07-15,https://advisory.splunk.com/advisories/SVD-2026-0705
enterprise:10.2.0,enterprise,Splunk Enterprise,10.2.0,10002000000,10.2.4,10002004000,SVD-2026-0610,Multiple (23) CVE-2025-68121 CVE-2025-61732 CVE-2025-61731 CVE-2025-61726 CVE-2026-25679 CVE-2026-27142 CVE-2026-4147 CVE-2026-4148 CVE-2026-4358 CVE-2026-34516 CVE-2026-34520 CVE-2026-24051 CVE-2026-2003 CVE-2026-2004 CVE-2026-2005 CVE-2026-2006 CVE-2025-47913 CVE-2025-58181 CVE-2025-47914 CVE-2025-68161 CVE-2026-34480 CVE-2026-34477 CVE-2026-1229,Critical,SVD-2026-0610 | Splunk Vulnerability Disclosure,10.2.0 to 10.2.3,2026-06-10,2026-06-10,https://advisory.splunk.com/advisories/SVD-2026-0610
enterprise:10.2.1,enterprise,Splunk Enterprise,10.2.1,10002001000,10.2.4,10002004000,SVD-2026-0610,Multiple (23) CVE-2025-68121 CVE-2025-61732 CVE-2025-61731 CVE-2025-61726 CVE-2026-25679 CVE-2026-27142 CVE-2026-4147 CVE-2026-4148 CVE-2026-4358 CVE-2026-34516 CVE-2026-34520 CVE-2026-24051 CVE-2026-2003 CVE-2026-2004 CVE-2026-2005 CVE-2026-2006 CVE-2025-47913 CVE-2025-58181 CVE-2025-47914 CVE-2025-68161 CVE-2026-34480 CVE-2026-34477 CVE-2026-1229,Critical,SVD-2026-0610 | Splunk Vulnerability Disclosure,10.2.0 to 10.2.3,2026-06-10,2026-06-10,https://advisory.splunk.com/advisories/SVD-2026-0610
enterprise:10.2.2,enterprise,Splunk Enterprise,10.2.2,10002002000,10.2.4,10002004000,SVD-2026-0610,Multiple (23) CVE-2025-68121 CVE-2025-61732 CVE-2025-61731 CVE-2025-61726 CVE-2026-25679 CVE-2026-27142 CVE-2026-4147 CVE-2026-4148 CVE-2026-4358 CVE-2026-34516 CVE-2026-34520 CVE-2026-24051 CVE-2026-2003 CVE-2026-2004 CVE-2026-2005 CVE-2026-2006 CVE-2025-47913 CVE-2025-58181 CVE-2025-47914 CVE-2025-68161 CVE-2026-34480 CVE-2026-34477 CVE-2026-1229,Critical,SVD-2026-0610 | Splunk Vulnerability Disclosure,10.2.0 to 10.2.3,2026-06-10,2026-06-10,https://advisory.splunk.com/advisories/SVD-2026-0610
enterprise:10.2.3,enterprise,Splunk Enterprise,10.2.3,10002003000,10.2.4,10002004000,SVD-2026-0610,Multiple (23) CVE-2025-68121 CVE-2025-61732 CVE-2025-61731 CVE-2025-61726 CVE-2026-25679 CVE-2026-27142 CVE-2026-4147 CVE-2026-4148 CVE-2026-4358 CVE-2026-34516 CVE-2026-34520 CVE-2026-24051 CVE-2026-2003 CVE-2026-2004 CVE-2026-2005 CVE-2026-2006 CVE-2025-47913 CVE-2025-58181 CVE-2025-47914 CVE-2025-68161 CVE-2026-34480 CVE-2026-34477 CVE-2026-1229,Critical,SVD-2026-0610 | Splunk Vulnerability Disclosure,10.2.0 to 10.2.3,2026-06-10,2026-06-10,https://advisory.splunk.com/advisories/SVD-2026-0610
enterprise:10.0.0,enterprise,Splunk Enterprise,10.0.0,10000000000,10.0.7,10000007000,SVD-2026-0610,Multiple (23) CVE-2025-68121 CVE-2025-61732 CVE-2025-61731 CVE-2025-61726 CVE-2026-25679 CVE-2026-27142 CVE-2026-4147 CVE-2026-4148 CVE-2026-4358 CVE-2026-34516 CVE-2026-34520 CVE-2026-24051 CVE-2026-2003 CVE-2026-2004 CVE-2026-2005 CVE-2026-2006 CVE-2025-47913 CVE-2025-58181 CVE-2025-47914 CVE-2025-68161 CVE-2026-34480 CVE-2026-34477 CVE-2026-1229,Critical,SVD-2026-0610 | Splunk Vulnerability Disclosure,10.0.0 to 10.0.6,2026-06-10,2026-06-10,https://advisory.splunk.com/advisories/SVD-2026-0610
enterprise:10.0.1,enterprise,Splunk Enterprise,10.0.1,10000001000,10.0.7,10000007000,SVD-2026-0610,Multiple (23) CVE-2025-68121 CVE-2025-61732 CVE-2025-61731 CVE-2025-61726 CVE-2026-25679 CVE-2026-27142 CVE-2026-4147 CVE-2026-4148 CVE-2026-4358 CVE-2026-34516 CVE-2026-34520 CVE-2026-24051 CVE-2026-2003 CVE-2026-2004 CVE-2026-2005 CVE-2026-2006 CVE-2025-47913 CVE-2025-58181 CVE-2025-47914 CVE-2025-68161 CVE-2026-34480 CVE-2026-34477 CVE-2026-1229,Critical,SVD-2026-0610 | Splunk Vulnerability Disclosure,10.0.0 to 10.0.6,2026-06-10,2026-06-10,https://advisory.splunk.com/advisories/SVD-2026-0610
enterprise:10.0.2,enterprise,Splunk Enterprise,10.0.2,10000002000,10.0.7,10000007000,SVD-2026-0610,Multiple (23) CVE-2025-68121 CVE-2025-61732 CVE-2025-61731 CVE-2025-61726 CVE-2026-25679 CVE-2026-27142 CVE-2026-4147 CVE-2026-4148 CVE-2026-4358 CVE-2026-34516 CVE-2026-34520 CVE-2026-24051 CVE-2026-2003 CVE-2026-2004 CVE-2026-2005 CVE-2026-2006 CVE-2025-47913 CVE-2025-58181 CVE-2025-47914 CVE-2025-68161 CVE-2026-34480 CVE-2026-34477 CVE-2026-1229,Critical,SVD-2026-0610 | Splunk Vulnerability Disclosure,10.0.0 to 10.0.6,2026-06-10,2026-06-10,https://advisory.splunk.com/advisories/SVD-2026-0610
enterprise:10.0.3,enterprise,Splunk Enterprise,10.0.3,10000003000,10.0.7,10000007000,SVD-2026-0610,Multiple (23) CVE-2025-68121 CVE-2025-61732 CVE-2025-61731 CVE-2025-61726 CVE-2026-25679 CVE-2026-27142 CVE-2026-4147 CVE-2026-4148 CVE-2026-4358 CVE-2026-34516 CVE-2026-34520 CVE-2026-24051 CVE-2026-2003 CVE-2026-2004 CVE-2026-2005 CVE-2026-2006 CVE-2025-47913 CVE-2025-58181 CVE-2025-47914 CVE-2025-68161 CVE-2026-34480 CVE-2026-34477 CVE-2026-1229,Critical,SVD-2026-0610 | Splunk Vulnerability Disclosure,10.0.0 to 10.0.6,2026-06-10,2026-06-10,https://advisory.splunk.com/advisories/SVD-2026-0610
enterprise:10.0.4,enterprise,Splunk Enterprise,10.0.4,10000004000,10.0.7,10000007000,SVD-2026-0610,Multiple (23) CVE-2025-68121 CVE-2025-61732 CVE-2025-61731 CVE-2025-61726 CVE-2026-25679 CVE-2026-27142 CVE-2026-4147 CVE-2026-4148 CVE-2026-4358 CVE-2026-34516 CVE-2026-34520 CVE-2026-24051 CVE-2026-2003 CVE-2026-2004 CVE-2026-2005 CVE-2026-2006 CVE-2025-47913 CVE-2025-58181 CVE-2025-47914 CVE-2025-68161 CVE-2026-34480 CVE-2026-34477 CVE-2026-1229,Critical,SVD-2026-0610 | Splunk Vulnerability Disclosure,10.0.0 to 10.0.6,2026-06-10,2026-06-10,https://advisory.splunk.com/advisories/SVD-2026-0610
enterprise:10.0.5,enterprise,Splunk Enterprise,10.0.5,10000005000,10.0.7,10000007000,SVD-2026-0610,Multiple (23) CVE-2025-68121 CVE-2025-61732 CVE-2025-61731 CVE-2025-61726 CVE-2026-25679 CVE-2026-27142 CVE-2026-4147 CVE-2026-4148 CVE-2026-4358 CVE-2026-34516 CVE-2026-34520 CVE-2026-24051 CVE-2026-2003 CVE-2026-2004 CVE-2026-2005 CVE-2026-2006 CVE-2025-47913 CVE-2025-58181 CVE-2025-47914 CVE-2025-68161 CVE-2026-34480 CVE-2026-34477 CVE-2026-1229,Critical,SVD-2026-0610 | Splunk Vulnerability Disclosure,10.0.0 to 10.0.6,2026-06-10,2026-06-10,https://advisory.splunk.com/advisories/SVD-2026-0610
enterprise:10.0.6,enterprise,Splunk Enterprise,10.0.6,10000006000,10.0.7,10000007000,SVD-2026-0610,Multiple (23) CVE-2025-68121 CVE-2025-61732 CVE-2025-61731 CVE-2025-61726 CVE-2026-25679 CVE-2026-27142 CVE-2026-4147 CVE-2026-4148 CVE-2026-4358 CVE-2026-34516 CVE-2026-34520 CVE-2026-24051 CVE-2026-2003 CVE-2026-2004 CVE-2026-2005 CVE-2026-2006 CVE-2025-47913 CVE-2025-58181 CVE-2025-47914 CVE-2025-68161 CVE-2026-34480 CVE-2026-34477 CVE-2026-1229,Critical,SVD-2026-0610 | Splunk Vulnerability Disclosure,10.0.0 to 10.0.6,2026-06-10,2026-06-10,https://advisory.splunk.com/advisories/SVD-2026-0610
enterprise:9.4.0,enterprise,Splunk Enterprise,9.4.0,9004000000,9.4.12,9004012000,SVD-2026-0610,Multiple (23) CVE-2025-68121 CVE-2025-61732 CVE-2025-61731 CVE-2025-61726 CVE-2026-25679 CVE-2026-27142 CVE-2026-4147 CVE-2026-4148 CVE-2026-4358 CVE-2026-34516 CVE-2026-34520 CVE-2026-24051 CVE-2026-2003 CVE-2026-2004 CVE-2026-2005 CVE-2026-2006 CVE-2025-47913 CVE-2025-58181 CVE-2025-47914 CVE-2025-68161 CVE-2026-34480 CVE-2026-34477 CVE-2026-1229,Critical,SVD-2026-0610 | Splunk Vulnerability Disclosure,9.4.0 to 9.4.11,2026-06-10,2026-06-10,https://advisory.splunk.com/advisories/SVD-2026-0610
enterprise:9.4.1,enterprise,Splunk Enterprise,9.4.1,9004001000,9.4.12,9004012000,SVD-2026-0610,Multiple (23) CVE-2025-68121 CVE-2025-61732 CVE-2025-61731 CVE-2025-61726 CVE-2026-25679 CVE-2026-27142 CVE-2026-4147 CVE-2026-4148 CVE-2026-4358 CVE-2026-34516 CVE-2026-34520 CVE-2026-24051 CVE-2026-2003 CVE-2026-2004 CVE-2026-2005 CVE-2026-2006 CVE-2025-47913 CVE-2025-58181 CVE-2025-47914 CVE-2025-68161 CVE-2026-34480 CVE-2026-34477 CVE-2026-1229,Critical,SVD-2026-0610 | Splunk Vulnerability Disclosure,9.4.0 to 9.4.11,2026-06-10,2026-06-10,https://advisory.splunk.com/advisories/SVD-2026-0610
enterprise:9.4.2,enterprise,Splunk Enterprise,9.4.2,9004002000,9.4.12,9004012000,SVD-2026-0610,Multiple (23) CVE-2025-68121 CVE-2025-61732 CVE-2025-61731 CVE-2025-61726 CVE-2026-25679 CVE-2026-27142 CVE-2026-4147 CVE-2026-4148 CVE-2026-4358 CVE-2026-34516 CVE-2026-34520 CVE-2026-24051 CVE-2026-2003 CVE-2026-2004 CVE-2026-2005 CVE-2026-2006 CVE-2025-47913 CVE-2025-58181 CVE-2025-47914 CVE-2025-68161 CVE-2026-34480 CVE-2026-34477 CVE-2026-1229,Critical,SVD-2026-0610 | Splunk Vulnerability Disclosure,9.4.0 to 9.4.11,2026-06-10,2026-06-10,https://advisory.splunk.com/advisories/SVD-2026-0610
enterprise:9.4.3,enterprise,Splunk Enterprise,9.4.3,9004003000,9.4.12,9004012000,SVD-2026-0610,Multiple (23) CVE-2025-68121 CVE-2025-61732 CVE-2025-61731 CVE-2025-61726 CVE-2026-25679 CVE-2026-27142 CVE-2026-4147 CVE-2026-4148 CVE-2026-4358 CVE-2026-34516 CVE-2026-34520 CVE-2026-24051 CVE-2026-2003 CVE-2026-2004 CVE-2026-2005 CVE-2026-2006 CVE-2025-47913 CVE-2025-58181 CVE-2025-47914 CVE-2025-68161 CVE-2026-34480 CVE-2026-34477 CVE-2026-1229,Critical,SVD-2026-0610 | Splunk Vulnerability Disclosure,9.4.0 to 9.4.11,2026-06-10,2026-06-10,https://advisory.splunk.com/advisories/SVD-2026-0610
enterprise:9.4.4,enterprise,Splunk Enterprise,9.4.4,9004004000,9.4.12,9004012000,SVD-2026-0610,Multiple (23) CVE-2025-68121 CVE-2025-61732 CVE-2025-61731 CVE-2025-61726 CVE-2026-25679 CVE-2026-27142 CVE-2026-4147 CVE-2026-4148 CVE-2026-4358 CVE-2026-34516 CVE-2026-34520 CVE-2026-24051 CVE-2026-2003 CVE-2026-2004 CVE-2026-2005 CVE-2026-2006 CVE-2025-47913 CVE-2025-58181 CVE-2025-47914 CVE-2025-68161 CVE-2026-34480 CVE-2026-34477 CVE-2026-1229,Critical,SVD-2026-0610 | Splunk Vulnerability Disclosure,9.4.0 to 9.4.11,2026-06-10,2026-06-10,https://advisory.splunk.com/advisories/SVD-2026-0610
enterprise:9.4.5,enterprise,Splunk Enterprise,9.4.5,9004005000,9.4.12,9004012000,SVD-2026-0610,Multiple (23) CVE-2025-68121 CVE-2025-61732 CVE-2025-61731 CVE-2025-61726 CVE-2026-25679 CVE-2026-27142 CVE-2026-4147 CVE-2026-4148 CVE-2026-4358 CVE-2026-34516 CVE-2026-34520 CVE-2026-24051 CVE-2026-2003 CVE-2026-2004 CVE-2026-2005 CVE-2026-2006 CVE-2025-47913 CVE-2025-58181 CVE-2025-47914 CVE-2025-68161 CVE-2026-34480 CVE-2026-34477 CVE-2026-1229,Critical,SVD-2026-0610 | Splunk Vulnerability Disclosure,9.4.0 to 9.4.11,2026-06-10,2026-06-10,https://advisory.splunk.com/advisories/SVD-2026-0610
enterprise:9.4.6,enterprise,Splunk Enterprise,9.4.6,9004006000,9.4.12,9004012000,SVD-2026-0610,Multiple (23) CVE-2025-68121 CVE-2025-61732 CVE-2025-61731 CVE-2025-61726 CVE-2026-25679 CVE-2026-27142 CVE-2026-4147 CVE-2026-4148 CVE-2026-4358 CVE-2026-34516 CVE-2026-34520 CVE-2026-24051 CVE-2026-2003 CVE-2026-2004 CVE-2026-2005 CVE-2026-2006 CVE-2025-47913 CVE-2025-58181 CVE-2025-47914 CVE-2025-68161 CVE-2026-34480 CVE-2026-34477 CVE-2026-1229,Critical,SVD-2026-0610 | Splunk Vulnerability Disclosure,9.4.0 to 9.4.11,2026-06-10,2026-06-10,https://advisory.splunk.com/advisories/SVD-2026-0610
enterprise:9.4.7,enterprise,Splunk Enterprise,9.4.7,9004007000,9.4.12,9004012000,SVD-2026-0610,Multiple (23) CVE-2025-68121 CVE-2025-61732 CVE-2025-61731 CVE-2025-61726 CVE-2026-25679 CVE-2026-27142 CVE-2026-4147 CVE-2026-4148 CVE-2026-4358 CVE-2026-34516 CVE-2026-34520 CVE-2026-24051 CVE-2026-2003 CVE-2026-2004 CVE-2026-2005 CVE-2026-2006 CVE-2025-47913 CVE-2025-58181 CVE-2025-47914 CVE-2025-68161 CVE-2026-34480 CVE-2026-34477 CVE-2026-1229,Critical,SVD-2026-0610 | Splunk Vulnerability Disclosure,9.4.0 to 9.4.11,2026-06-10,2026-06-10,https://advisory.splunk.com/advisories/SVD-2026-0610
enterprise:9.4.8,enterprise,Splunk Enterprise,9.4.8,9004008000,9.4.12,9004012000,SVD-2026-0610,Multiple (23) CVE-2025-68121 CVE-2025-61732 CVE-2025-61731 CVE-2025-61726 CVE-2026-25679 CVE-2026-27142 CVE-2026-4147 CVE-2026-4148 CVE-2026-4358 CVE-2026-34516 CVE-2026-34520 CVE-2026-24051 CVE-2026-2003 CVE-2026-2004 CVE-2026-2005 CVE-2026-2006 CVE-2025-47913 CVE-2025-58181 CVE-2025-47914 CVE-2025-68161 CVE-2026-34480 CVE-2026-34477 CVE-2026-1229,Critical,SVD-2026-0610 | Splunk Vulnerability Disclosure,9.4.0 to 9.4.11,2026-06-10,2026-06-10,https://advisory.splunk.com/advisories/SVD-2026-0610
enterprise:9.4.9,enterprise,Splunk Enterprise,9.4.9,9004009000,9.4.12,9004012000,SVD-2026-0610,Multiple (23) CVE-2025-68121 CVE-2025-61732 CVE-2025-61731 CVE-2025-61726 CVE-2026-25679 CVE-2026-27142 CVE-2026-4147 CVE-2026-4148 CVE-2026-4358 CVE-2026-34516 CVE-2026-34520 CVE-2026-24051 CVE-2026-2003 CVE-2026-2004 CVE-2026-2005 CVE-2026-2006 CVE-2025-47913 CVE-2025-58181 CVE-2025-47914 CVE-2025-68161 CVE-2026-34480 CVE-2026-34477 CVE-2026-1229,Critical,SVD-2026-0610 | Splunk Vulnerability Disclosure,9.4.0 to 9.4.11,2026-06-10,2026-06-10,https://advisory.splunk.com/advisories/SVD-2026-0610
enterprise:9.4.10,enterprise,Splunk Enterprise,9.4.10,9004010000,9.4.12,9004012000,SVD-2026-0610,Multiple (23) CVE-2025-68121 CVE-2025-61732 CVE-2025-61731 CVE-2025-61726 CVE-2026-25679 CVE-2026-27142 CVE-2026-4147 CVE-2026-4148 CVE-2026-4358 CVE-2026-34516 CVE-2026-34520 CVE-2026-24051 CVE-2026-2003 CVE-2026-2004 CVE-2026-2005 CVE-2026-2006 CVE-2025-47913 CVE-2025-58181 CVE-2025-47914 CVE-2025-68161 CVE-2026-34480 CVE-2026-34477 CVE-2026-1229,Critical,SVD-2026-0610 | Splunk Vulnerability Disclosure,9.4.0 to 9.4.11,2026-06-10,2026-06-10,https://advisory.splunk.com/advisories/SVD-2026-0610
enterprise:9.4.11,enterprise,Splunk Enterprise,9.4.11,9004011000,9.4.12,9004012000,SVD-2026-0610,Multiple (23) CVE-2025-68121 CVE-2025-61732 CVE-2025-61731 CVE-2025-61726 CVE-2026-25679 CVE-2026-27142 CVE-2026-4147 CVE-2026-4148 CVE-2026-4358 CVE-2026-34516 CVE-2026-34520 CVE-2026-24051 CVE-2026-2003 CVE-2026-2004 CVE-2026-2005 CVE-2026-2006 CVE-2025-47913 CVE-2025-58181 CVE-2025-47914 CVE-2025-68161 CVE-2026-34480 CVE-2026-34477 CVE-2026-1229,Critical,SVD-2026-0610 | Splunk Vulnerability Disclosure,9.4.0 to 9.4.11,2026-06-10,2026-06-10,https://advisory.splunk.com/advisories/SVD-2026-0610
enterprise:9.3.0,enterprise,Splunk Enterprise,9.3.0,9003000000,9.3.13,9003013000,SVD-2026-0610,Multiple (23) CVE-2025-68121 CVE-2025-61732 CVE-2025-61731 CVE-2025-61726 CVE-2026-25679 CVE-2026-27142 CVE-2026-4147 CVE-2026-4148 CVE-2026-4358 CVE-2026-34516 CVE-2026-34520 CVE-2026-24051 CVE-2026-2003 CVE-2026-2004 CVE-2026-2005 CVE-2026-2006 CVE-2025-47913 CVE-2025-58181 CVE-2025-47914 CVE-2025-68161 CVE-2026-34480 CVE-2026-34477 CVE-2026-1229,Critical,SVD-2026-0610 | Splunk Vulnerability Disclosure,9.3.0 to 9.3.12,2026-06-10,2026-06-10,https://advisory.splunk.com/advisories/SVD-2026-0610
enterprise:9.3.1,enterprise,Splunk Enterprise,9.3.1,9003001000,9.3.13,9003013000,SVD-2026-0610,Multiple (23) CVE-2025-68121 CVE-2025-61732 CVE-2025-61731 CVE-2025-61726 CVE-2026-25679 CVE-2026-27142 CVE-2026-4147 CVE-2026-4148 CVE-2026-4358 CVE-2026-34516 CVE-2026-34520 CVE-2026-24051 CVE-2026-2003 CVE-2026-2004 CVE-2026-2005 CVE-2026-2006 CVE-2025-47913 CVE-2025-58181 CVE-2025-47914 CVE-2025-68161 CVE-2026-34480 CVE-2026-34477 CVE-2026-1229,Critical,SVD-2026-0610 | Splunk Vulnerability Disclosure,9.3.0 to 9.3.12,2026-06-10,2026-06-10,https://advisory.splunk.com/advisories/SVD-2026-0610
enterprise:9.3.2,enterprise,Splunk Enterprise,9.3.2,9003002000,9.3.13,9003013000,SVD-2026-0610,Multiple (23) CVE-2025-68121 CVE-2025-61732 CVE-2025-61731 CVE-2025-61726 CVE-2026-25679 CVE-2026-27142 CVE-2026-4147 CVE-2026-4148 CVE-2026-4358 CVE-2026-34516 CVE-2026-34520 CVE-2026-24051 CVE-2026-2003 CVE-2026-2004 CVE-2026-2005 CVE-2026-2006 CVE-2025-47913 CVE-2025-58181 CVE-2025-47914 CVE-2025-68161 CVE-2026-34480 CVE-2026-34477 CVE-2026-1229,Critical,SVD-2026-0610 | Splunk Vulnerability Disclosure,9.3.0 to 9.3.12,2026-06-10,2026-06-10,https://advisory.splunk.com/advisories/SVD-2026-0610
enterprise:9.3.3,enterprise,Splunk Enterprise,9.3.3,9003003000,9.3.13,9003013000,SVD-2026-0610,Multiple (23) CVE-2025-68121 CVE-2025-61732 CVE-2025-61731 CVE-2025-61726 CVE-2026-25679 CVE-2026-27142 CVE-2026-4147 CVE-2026-4148 CVE-2026-4358 CVE-2026-34516 CVE-2026-34520 CVE-2026-24051 CVE-2026-2003 CVE-2026-2004 CVE-2026-2005 CVE-2026-2006 CVE-2025-47913 CVE-2025-58181 CVE-2025-47914 CVE-2025-68161 CVE-2026-34480 CVE-2026-34477 CVE-2026-1229,Critical,SVD-2026-0610 | Splunk Vulnerability Disclosure,9.3.0 to 9.3.12,2026-06-10,2026-06-10,https://advisory.splunk.com/advisories/SVD-2026-0610
enterprise:9.3.4,enterprise,Splunk Enterprise,9.3.4,9003004000,9.3.13,9003013000,SVD-2026-0610,Multiple (23) CVE-2025-68121 CVE-2025-61732 CVE-2025-61731 CVE-2025-61726 CVE-2026-25679 CVE-2026-27142 CVE-2026-4147 CVE-2026-4148 CVE-2026-4358 CVE-2026-34516 CVE-2026-34520 CVE-2026-24051 CVE-2026-2003 CVE-2026-2004 CVE-2026-2005 CVE-2026-2006 CVE-2025-47913 CVE-2025-58181 CVE-2025-47914 CVE-2025-68161 CVE-2026-34480 CVE-2026-34477 CVE-2026-1229,Critical,SVD-2026-0610 | Splunk Vulnerability Disclosure,9.3.0 to 9.3.12,2026-06-10,2026-06-10,https://advisory.splunk.com/advisories/SVD-2026-0610
enterprise:9.3.5,enterprise,Splunk Enterprise,9.3.5,9003005000,9.3.13,9003013000,SVD-2026-0610,Multiple (23) CVE-2025-68121 CVE-2025-61732 CVE-2025-61731 CVE-2025-61726 CVE-2026-25679 CVE-2026-27142 CVE-2026-4147 CVE-2026-4148 CVE-2026-4358 CVE-2026-34516 CVE-2026-34520 CVE-2026-24051 CVE-2026-2003 CVE-2026-2004 CVE-2026-2005 CVE-2026-2006 CVE-2025-47913 CVE-2025-58181 CVE-2025-47914 CVE-2025-68161 CVE-2026-34480 CVE-2026-34477 CVE-2026-1229,Critical,SVD-2026-0610 | Splunk Vulnerability Disclosure,9.3.0 to 9.3.12,2026-06-10,2026-06-10,https://advisory.splunk.com/advisories/SVD-2026-0610
enterprise:9.3.6,enterprise,Splunk Enterprise,9.3.6,9003006000,9.3.13,9003013000,SVD-2026-0610,Multiple (23) CVE-2025-68121 CVE-2025-61732 CVE-2025-61731 CVE-2025-61726 CVE-2026-25679 CVE-2026-27142 CVE-2026-4147 CVE-2026-4148 CVE-2026-4358 CVE-2026-34516 CVE-2026-34520 CVE-2026-24051 CVE-2026-2003 CVE-2026-2004 CVE-2026-2005 CVE-2026-2006 CVE-2025-47913 CVE-2025-58181 CVE-2025-47914 CVE-2025-68161 CVE-2026-34480 CVE-2026-34477 CVE-2026-1229,Critical,SVD-2026-0610 | Splunk Vulnerability Disclosure,9.3.0 to 9.3.12,2026-06-10,2026-06-10,https://advisory.splunk.com/advisories/SVD-2026-0610
enterprise:9.3.7,enterprise,Splunk Enterprise,9.3.7,9003007000,9.3.13,9003013000,SVD-2026-0610,Multiple (23) CVE-2025-68121 CVE-2025-61732 CVE-2025-61731 CVE-2025-61726 CVE-2026-25679 CVE-2026-27142 CVE-2026-4147 CVE-2026-4148 CVE-2026-4358 CVE-2026-34516 CVE-2026-34520 CVE-2026-24051 CVE-2026-2003 CVE-2026-2004 CVE-2026-2005 CVE-2026-2006 CVE-2025-47913 CVE-2025-58181 CVE-2025-47914 CVE-2025-68161 CVE-2026-34480 CVE-2026-34477 CVE-2026-1229,Critical,SVD-2026-0610 | Splunk Vulnerability Disclosure,9.3.0 to 9.3.12,2026-06-10,2026-06-10,https://advisory.splunk.com/advisories/SVD-2026-0610
enterprise:9.3.8,enterprise,Splunk Enterprise,9.3.8,9003008000,9.3.13,9003013000,SVD-2026-0610,Multiple (23) CVE-2025-68121 CVE-2025-61732 CVE-2025-61731 CVE-2025-61726 CVE-2026-25679 CVE-2026-27142 CVE-2026-4147 CVE-2026-4148 CVE-2026-4358 CVE-2026-34516 CVE-2026-34520 CVE-2026-24051 CVE-2026-2003 CVE-2026-2004 CVE-2026-2005 CVE-2026-2006 CVE-2025-47913 CVE-2025-58181 CVE-2025-47914 CVE-2025-68161 CVE-2026-34480 CVE-2026-34477 CVE-2026-1229,Critical,SVD-2026-0610 | Splunk Vulnerability Disclosure,9.3.0 to 9.3.12,2026-06-10,2026-06-10,https://advisory.splunk.com/advisories/SVD-2026-0610
enterprise:9.3.9,enterprise,Splunk Enterprise,9.3.9,9003009000,9.3.13,9003013000,SVD-2026-0610,Multiple (23) CVE-2025-68121 CVE-2025-61732 CVE-2025-61731 CVE-2025-61726 CVE-2026-25679 CVE-2026-27142 CVE-2026-4147 CVE-2026-4148 CVE-2026-4358 CVE-2026-34516 CVE-2026-34520 CVE-2026-24051 CVE-2026-2003 CVE-2026-2004 CVE-2026-2005 CVE-2026-2006 CVE-2025-47913 CVE-2025-58181 CVE-2025-47914 CVE-2025-68161 CVE-2026-34480 CVE-2026-34477 CVE-2026-1229,Critical,SVD-2026-0610 | Splunk Vulnerability Disclosure,9.3.0 to 9.3.12,2026-06-10,2026-06-10,https://advisory.splunk.com/advisories/SVD-2026-0610
enterprise:9.3.10,enterprise,Splunk Enterprise,9.3.10,9003010000,9.3.13,9003013000,SVD-2026-0610,Multiple (23) CVE-2025-68121 CVE-2025-61732 CVE-2025-61731 CVE-2025-61726 CVE-2026-25679 CVE-2026-27142 CVE-2026-4147 CVE-2026-4148 CVE-2026-4358 CVE-2026-34516 CVE-2026-34520 CVE-2026-24051 CVE-2026-2003 CVE-2026-2004 CVE-2026-2005 CVE-2026-2006 CVE-2025-47913 CVE-2025-58181 CVE-2025-47914 CVE-2025-68161 CVE-2026-34480 CVE-2026-34477 CVE-2026-1229,Critical,SVD-2026-0610 | Splunk Vulnerability Disclosure,9.3.0 to 9.3.12,2026-06-10,2026-06-10,https://advisory.splunk.com/advisories/SVD-2026-0610
enterprise:9.3.11,enterprise,Splunk Enterprise,9.3.11,9003011000,9.3.13,9003013000,SVD-2026-0610,Multiple (23) CVE-2025-68121 CVE-2025-61732 CVE-2025-61731 CVE-2025-61726 CVE-2026-25679 CVE-2026-27142 CVE-2026-4147 CVE-2026-4148 CVE-2026-4358 CVE-2026-34516 CVE-2026-34520 CVE-2026-24051 CVE-2026-2003 CVE-2026-2004 CVE-2026-2005 CVE-2026-2006 CVE-2025-47913 CVE-2025-58181 CVE-2025-47914 CVE-2025-68161 CVE-2026-34480 CVE-2026-34477 CVE-2026-1229,Critical,SVD-2026-0610 | Splunk Vulnerability Disclosure,9.3.0 to 9.3.12,2026-06-10,2026-06-10,https://advisory.splunk.com/advisories/SVD-2026-0610
enterprise:9.3.12,enterprise,Splunk Enterprise,9.3.12,9003012000,9.3.13,9003013000,SVD-2026-0610,Multiple (23) CVE-2025-68121 CVE-2025-61732 CVE-2025-61731 CVE-2025-61726 CVE-2026-25679 CVE-2026-27142 CVE-2026-4147 CVE-2026-4148 CVE-2026-4358 CVE-2026-34516 CVE-2026-34520 CVE-2026-24051 CVE-2026-2003 CVE-2026-2004 CVE-2026-2005 CVE-2026-2006 CVE-2025-47913 CVE-2025-58181 CVE-2025-47914 CVE-2025-68161 CVE-2026-34480 CVE-2026-34477 CVE-2026-1229,Critical,SVD-2026-0610 | Splunk Vulnerability Disclosure,9.3.0 to 9.3.12,2026-06-10,2026-06-10,https://advisory.splunk.com/advisories/SVD-2026-0610
forwarder:9.4.0,forwarder,Splunk Universal Forwarder,9.4.0,9004000000,9.4.11,9004011000,SVD-2026-0506,Multiple (4),Critical,SVD-2026-0506 | Splunk Vulnerability Disclosure,9.4.0 to 9.4.10,2026-05-20,2026-07-01,https://advisory.splunk.com/advisories/SVD-2026-0506
forwarder:9.4.1,forwarder,Splunk Universal Forwarder,9.4.1,9004001000,9.4.11,9004011000,SVD-2026-0506,Multiple (4),Critical,SVD-2026-0506 | Splunk Vulnerability Disclosure,9.4.0 to 9.4.10,2026-05-20,2026-07-01,https://advisory.splunk.com/advisories/SVD-2026-0506
forwarder:9.4.2,forwarder,Splunk Universal Forwarder,9.4.2,9004002000,9.4.11,9004011000,SVD-2026-0506,Multiple (4),Critical,SVD-2026-0506 | Splunk Vulnerability Disclosure,9.4.0 to 9.4.10,2026-05-20,2026-07-01,https://advisory.splunk.com/advisories/SVD-2026-0506
forwarder:9.4.3,forwarder,Splunk Universal Forwarder,9.4.3,9004003000,9.4.11,9004011000,SVD-2026-0506,Multiple (4),Critical,SVD-2026-0506 | Splunk Vulnerability Disclosure,9.4.0 to 9.4.10,2026-05-20,2026-07-01,https://advisory.splunk.com/advisories/SVD-2026-0506
forwarder:9.4.4,forwarder,Splunk Universal Forwarder,9.4.4,9004004000,9.4.11,9004011000,SVD-2026-0506,Multiple (4),Critical,SVD-2026-0506 | Splunk Vulnerability Disclosure,9.4.0 to 9.4.10,2026-05-20,2026-07-01,https://advisory.splunk.com/advisories/SVD-2026-0506
forwarder:9.4.5,forwarder,Splunk Universal Forwarder,9.4.5,9004005000,9.4.11,9004011000,SVD-2026-0506,Multiple (4),Critical,SVD-2026-0506 | Splunk Vulnerability Disclosure,9.4.0 to 9.4.10,2026-05-20,2026-07-01,https://advisory.splunk.com/advisories/SVD-2026-0506
forwarder:9.4.6,forwarder,Splunk Universal Forwarder,9.4.6,9004006000,9.4.11,9004011000,SVD-2026-0506,Multiple (4),Critical,SVD-2026-0506 | Splunk Vulnerability Disclosure,9.4.0 to 9.4.10,2026-05-20,2026-07-01,https://advisory.splunk.com/advisories/SVD-2026-0506
forwarder:9.4.7,forwarder,Splunk Universal Forwarder,9.4.7,9004007000,9.4.11,9004011000,SVD-2026-0506,Multiple (4),Critical,SVD-2026-0506 | Splunk Vulnerability Disclosure,9.4.0 to 9.4.10,2026-05-20,2026-07-01,https://advisory.splunk.com/advisories/SVD-2026-0506
forwarder:9.4.8,forwarder,Splunk Universal Forwarder,9.4.8,9004008000,9.4.11,9004011000,SVD-2026-0506,Multiple (4),Critical,SVD-2026-0506 | Splunk Vulnerability Disclosure,9.4.0 to 9.4.10,2026-05-20,2026-07-01,https://advisory.splunk.com/advisories/SVD-2026-0506
forwarder:9.4.9,forwarder,Splunk Universal Forwarder,9.4.9,9004009000,9.4.11,9004011000,SVD-2026-0506,Multiple (4),Critical,SVD-2026-0506 | Splunk Vulnerability Disclosure,9.4.0 to 9.4.10,2026-05-20,2026-07-01,https://advisory.splunk.com/advisories/SVD-2026-0506
forwarder:9.4.10,forwarder,Splunk Universal Forwarder,9.4.10,9004010000,9.4.11,9004011000,SVD-2026-0506,Multiple (4),Critical,SVD-2026-0506 | Splunk Vulnerability Disclosure,9.4.0 to 9.4.10,2026-05-20,2026-07-01,https://advisory.splunk.com/advisories/SVD-2026-0506
enterprise:10.2.0,enterprise,Splunk Enterprise,10.2.0,10002000000,10.2.3,10002003000,SVD-2026-0505,Multiple (9) CVE-2025-22872 CVE-2025-47911 CVE-2025-58190 CVE-2026-27141 CVE-2025-68121 CVE-2025-61732 CVE-2025-61731 CVE-2025-61726 CVE-2025-68156,Critical,SVD-2026-0505 | Splunk Vulnerability Disclosure,Below 10.2.3,2026-05-20,2026-05-20,https://advisory.splunk.com/advisories/SVD-2026-0505
enterprise:10.2.1,enterprise,Splunk Enterprise,10.2.1,10002001000,10.2.3,10002003000,SVD-2026-0505,Multiple (9) CVE-2025-22872 CVE-2025-47911 CVE-2025-58190 CVE-2026-27141 CVE-2025-68121 CVE-2025-61732 CVE-2025-61731 CVE-2025-61726 CVE-2025-68156,Critical,SVD-2026-0505 | Splunk Vulnerability Disclosure,Below 10.2.3,2026-05-20,2026-05-20,https://advisory.splunk.com/advisories/SVD-2026-0505
enterprise:10.2.2,enterprise,Splunk Enterprise,10.2.2,10002002000,10.2.3,10002003000,SVD-2026-0505,Multiple (9) CVE-2025-22872 CVE-2025-47911 CVE-2025-58190 CVE-2026-27141 CVE-2025-68121 CVE-2025-61732 CVE-2025-61731 CVE-2025-61726 CVE-2025-68156,Critical,SVD-2026-0505 | Splunk Vulnerability Disclosure,Below 10.2.3,2026-05-20,2026-05-20,https://advisory.splunk.com/advisories/SVD-2026-0505
enterprise:10.0.0,enterprise,Splunk Enterprise,10.0.0,10000000000,10.0.6,10000006000,SVD-2026-0505,Multiple (9) CVE-2025-22872 CVE-2025-47911 CVE-2025-58190 CVE-2026-27141 CVE-2025-68121 CVE-2025-61732 CVE-2025-61731 CVE-2025-61726 CVE-2025-68156,Critical,SVD-2026-0505 | Splunk Vulnerability Disclosure,10.0.0 to 10.0.5,2026-05-20,2026-05-20,https://advisory.splunk.com/advisories/SVD-2026-0505
enterprise:10.0.1,enterprise,Splunk Enterprise,10.0.1,10000001000,10.0.6,10000006000,SVD-2026-0505,Multiple (9) CVE-2025-22872 CVE-2025-47911 CVE-2025-58190 CVE-2026-27141 CVE-2025-68121 CVE-2025-61732 CVE-2025-61731 CVE-2025-61726 CVE-2025-68156,Critical,SVD-2026-0505 | Splunk Vulnerability Disclosure,10.0.0 to 10.0.5,2026-05-20,2026-05-20,https://advisory.splunk.com/advisories/SVD-2026-0505
enterprise:10.0.2,enterprise,Splunk Enterprise,10.0.2,10000002000,10.0.6,10000006000,SVD-2026-0505,Multiple (9) CVE-2025-22872 CVE-2025-47911 CVE-2025-58190 CVE-2026-27141 CVE-2025-68121 CVE-2025-61732 CVE-2025-61731 CVE-2025-61726 CVE-2025-68156,Critical,SVD-2026-0505 | Splunk Vulnerability Disclosure,10.0.0 to 10.0.5,2026-05-20,2026-05-20,https://advisory.splunk.com/advisories/SVD-2026-0505
enterprise:10.0.3,enterprise,Splunk Enterprise,10.0.3,10000003000,10.0.6,10000006000,SVD-2026-0505,Multiple (9) CVE-2025-22872 CVE-2025-47911 CVE-2025-58190 CVE-2026-27141 CVE-2025-68121 CVE-2025-61732 CVE-2025-61731 CVE-2025-61726 CVE-2025-68156,Critical,SVD-2026-0505 | Splunk Vulnerability Disclosure,10.0.0 to 10.0.5,2026-05-20,2026-05-20,https://advisory.splunk.com/advisories/SVD-2026-0505
enterprise:10.0.4,enterprise,Splunk Enterprise,10.0.4,10000004000,10.0.6,10000006000,SVD-2026-0505,Multiple (9) CVE-2025-22872 CVE-2025-47911 CVE-2025-58190 CVE-2026-27141 CVE-2025-68121 CVE-2025-61732 CVE-2025-61731 CVE-2025-61726 CVE-2025-68156,Critical,SVD-2026-0505 | Splunk Vulnerability Disclosure,10.0.0 to 10.0.5,2026-05-20,2026-05-20,https://advisory.splunk.com/advisories/SVD-2026-0505
enterprise:10.0.5,enterprise,Splunk Enterprise,10.0.5,10000005000,10.0.6,10000006000,SVD-2026-0505,Multiple (9) CVE-2025-22872 CVE-2025-47911 CVE-2025-58190 CVE-2026-27141 CVE-2025-68121 CVE-2025-61732 CVE-2025-61731 CVE-2025-61726 CVE-2025-68156,Critical,SVD-2026-0505 | Splunk Vulnerability Disclosure,10.0.0 to 10.0.5,2026-05-20,2026-05-20,https://advisory.splunk.com/advisories/SVD-2026-0505
enterprise:9.4.0,enterprise,Splunk Enterprise,9.4.0,9004000000,9.4.11,9004011000,SVD-2026-0505,Multiple (9) CVE-2025-22872 CVE-2025-47911 CVE-2025-58190 CVE-2026-27141 CVE-2025-68121 CVE-2025-61732 CVE-2025-61731 CVE-2025-61726 CVE-2025-68156,Critical,SVD-2026-0505 | Splunk Vulnerability Disclosure,9.4.0 to 9.4.10,2026-05-20,2026-05-20,https://advisory.splunk.com/advisories/SVD-2026-0505
enterprise:9.4.1,enterprise,Splunk Enterprise,9.4.1,9004001000,9.4.11,9004011000,SVD-2026-0505,Multiple (9) CVE-2025-22872 CVE-2025-47911 CVE-2025-58190 CVE-2026-27141 CVE-2025-68121 CVE-2025-61732 CVE-2025-61731 CVE-2025-61726 CVE-2025-68156,Critical,SVD-2026-0505 | Splunk Vulnerability Disclosure,9.4.0 to 9.4.10,2026-05-20,2026-05-20,https://advisory.splunk.com/advisories/SVD-2026-0505
enterprise:9.4.2,enterprise,Splunk Enterprise,9.4.2,9004002000,9.4.11,9004011000,SVD-2026-0505,Multiple (9) CVE-2025-22872 CVE-2025-47911 CVE-2025-58190 CVE-2026-27141 CVE-2025-68121 CVE-2025-61732 CVE-2025-61731 CVE-2025-61726 CVE-2025-68156,Critical,SVD-2026-0505 | Splunk Vulnerability Disclosure,9.4.0 to 9.4.10,2026-05-20,2026-05-20,https://advisory.splunk.com/advisories/SVD-2026-0505
enterprise:9.4.3,enterprise,Splunk Enterprise,9.4.3,9004003000,9.4.11,9004011000,SVD-2026-0505,Multiple (9) CVE-2025-22872 CVE-2025-47911 CVE-2025-58190 CVE-2026-27141 CVE-2025-68121 CVE-2025-61732 CVE-2025-61731 CVE-2025-61726 CVE-2025-68156,Critical,SVD-2026-0505 | Splunk Vulnerability Disclosure,9.4.0 to 9.4.10,2026-05-20,2026-05-20,https://advisory.splunk.com/advisories/SVD-2026-0505
enterprise:9.4.4,enterprise,Splunk Enterprise,9.4.4,9004004000,9.4.11,9004011000,SVD-2026-0505,Multiple (9) CVE-2025-22872 CVE-2025-47911 CVE-2025-58190 CVE-2026-27141 CVE-2025-68121 CVE-2025-61732 CVE-2025-61731 CVE-2025-61726 CVE-2025-68156,Critical,SVD-2026-0505 | Splunk Vulnerability Disclosure,9.4.0 to 9.4.10,2026-05-20,2026-05-20,https://advisory.splunk.com/advisories/SVD-2026-0505
enterprise:9.4.5,enterprise,Splunk Enterprise,9.4.5,9004005000,9.4.11,9004011000,SVD-2026-0505,Multiple (9) CVE-2025-22872 CVE-2025-47911 CVE-2025-58190 CVE-2026-27141 CVE-2025-68121 CVE-2025-61732 CVE-2025-61731 CVE-2025-61726 CVE-2025-68156,Critical,SVD-2026-0505 | Splunk Vulnerability Disclosure,9.4.0 to 9.4.10,2026-05-20,2026-05-20,https://advisory.splunk.com/advisories/SVD-2026-0505
enterprise:9.4.6,enterprise,Splunk Enterprise,9.4.6,9004006000,9.4.11,9004011000,SVD-2026-0505,Multiple (9) CVE-2025-22872 CVE-2025-47911 CVE-2025-58190 CVE-2026-27141 CVE-2025-68121 CVE-2025-61732 CVE-2025-61731 CVE-2025-61726 CVE-2025-68156,Critical,SVD-2026-0505 | Splunk Vulnerability Disclosure,9.4.0 to 9.4.10,2026-05-20,2026-05-20,https://advisory.splunk.com/advisories/SVD-2026-0505
enterprise:9.4.7,enterprise,Splunk Enterprise,9.4.7,9004007000,9.4.11,9004011000,SVD-2026-0505,Multiple (9) CVE-2025-22872 CVE-2025-47911 CVE-2025-58190 CVE-2026-27141 CVE-2025-68121 CVE-2025-61732 CVE-2025-61731 CVE-2025-61726 CVE-2025-68156,Critical,SVD-2026-0505 | Splunk Vulnerability Disclosure,9.4.0 to 9.4.10,2026-05-20,2026-05-20,https://advisory.splunk.com/advisories/SVD-2026-0505
enterprise:9.4.8,enterprise,Splunk Enterprise,9.4.8,9004008000,9.4.11,9004011000,SVD-2026-0505,Multiple (9) CVE-2025-22872 CVE-2025-47911 CVE-2025-58190 CVE-2026-27141 CVE-2025-68121 CVE-2025-61732 CVE-2025-61731 CVE-2025-61726 CVE-2025-68156,Critical,SVD-2026-0505 | Splunk Vulnerability Disclosure,9.4.0 to 9.4.10,2026-05-20,2026-05-20,https://advisory.splunk.com/advisories/SVD-2026-0505
enterprise:9.4.9,enterprise,Splunk Enterprise,9.4.9,9004009000,9.4.11,9004011000,SVD-2026-0505,Multiple (9) CVE-2025-22872 CVE-2025-47911 CVE-2025-58190 CVE-2026-27141 CVE-2025-68121 CVE-2025-61732 CVE-2025-61731 CVE-2025-61726 CVE-2025-68156,Critical,SVD-2026-0505 | Splunk Vulnerability Disclosure,9.4.0 to 9.4.10,2026-05-20,2026-05-20,https://advisory.splunk.com/advisories/SVD-2026-0505
enterprise:9.4.10,enterprise,Splunk Enterprise,9.4.10,9004010000,9.4.11,9004011000,SVD-2026-0505,Multiple (9) CVE-2025-22872 CVE-2025-47911 CVE-2025-58190 CVE-2026-27141 CVE-2025-68121 CVE-2025-61732 CVE-2025-61731 CVE-2025-61726 CVE-2025-68156,Critical,SVD-2026-0505 | Splunk Vulnerability Disclosure,9.4.0 to 9.4.10,2026-05-20,2026-05-20,https://advisory.splunk.com/advisories/SVD-2026-0505
enterprise:9.3.0,enterprise,Splunk Enterprise,9.3.0,9003000000,9.3.12,9003012000,SVD-2026-0505,Multiple (9) CVE-2025-22872 CVE-2025-47911 CVE-2025-58190 CVE-2026-27141 CVE-2025-68121 CVE-2025-61732 CVE-2025-61731 CVE-2025-61726 CVE-2025-68156,Critical,SVD-2026-0505 | Splunk Vulnerability Disclosure,9.3.0 to 9.3.11,2026-05-20,2026-05-20,https://advisory.splunk.com/advisories/SVD-2026-0505
enterprise:9.3.1,enterprise,Splunk Enterprise,9.3.1,9003001000,9.3.12,9003012000,SVD-2026-0505,Multiple (9) CVE-2025-22872 CVE-2025-47911 CVE-2025-58190 CVE-2026-27141 CVE-2025-68121 CVE-2025-61732 CVE-2025-61731 CVE-2025-61726 CVE-2025-68156,Critical,SVD-2026-0505 | Splunk Vulnerability Disclosure,9.3.0 to 9.3.11,2026-05-20,2026-05-20,https://advisory.splunk.com/advisories/SVD-2026-0505
enterprise:9.3.2,enterprise,Splunk Enterprise,9.3.2,9003002000,9.3.12,9003012000,SVD-2026-0505,Multiple (9) CVE-2025-22872 CVE-2025-47911 CVE-2025-58190 CVE-2026-27141 CVE-2025-68121 CVE-2025-61732 CVE-2025-61731 CVE-2025-61726 CVE-2025-68156,Critical,SVD-2026-0505 | Splunk Vulnerability Disclosure,9.3.0 to 9.3.11,2026-05-20,2026-05-20,https://advisory.splunk.com/advisories/SVD-2026-0505
enterprise:9.3.3,enterprise,Splunk Enterprise,9.3.3,9003003000,9.3.12,9003012000,SVD-2026-0505,Multiple (9) CVE-2025-22872 CVE-2025-47911 CVE-2025-58190 CVE-2026-27141 CVE-2025-68121 CVE-2025-61732 CVE-2025-61731 CVE-2025-61726 CVE-2025-68156,Critical,SVD-2026-0505 | Splunk Vulnerability Disclosure,9.3.0 to 9.3.11,2026-05-20,2026-05-20,https://advisory.splunk.com/advisories/SVD-2026-0505
enterprise:9.3.4,enterprise,Splunk Enterprise,9.3.4,9003004000,9.3.12,9003012000,SVD-2026-0505,Multiple (9) CVE-2025-22872 CVE-2025-47911 CVE-2025-58190 CVE-2026-27141 CVE-2025-68121 CVE-2025-61732 CVE-2025-61731 CVE-2025-61726 CVE-2025-68156,Critical,SVD-2026-0505 | Splunk Vulnerability Disclosure,9.3.0 to 9.3.11,2026-05-20,2026-05-20,https://advisory.splunk.com/advisories/SVD-2026-0505
enterprise:9.3.5,enterprise,Splunk Enterprise,9.3.5,9003005000,9.3.12,9003012000,SVD-2026-0505,Multiple (9) CVE-2025-22872 CVE-2025-47911 CVE-2025-58190 CVE-2026-27141 CVE-2025-68121 CVE-2025-61732 CVE-2025-61731 CVE-2025-61726 CVE-2025-68156,Critical,SVD-2026-0505 | Splunk Vulnerability Disclosure,9.3.0 to 9.3.11,2026-05-20,2026-05-20,https://advisory.splunk.com/advisories/SVD-2026-0505
enterprise:9.3.6,enterprise,Splunk Enterprise,9.3.6,9003006000,9.3.12,9003012000,SVD-2026-0505,Multiple (9) CVE-2025-22872 CVE-2025-47911 CVE-2025-58190 CVE-2026-27141 CVE-2025-68121 CVE-2025-61732 CVE-2025-61731 CVE-2025-61726 CVE-2025-68156,Critical,SVD-2026-0505 | Splunk Vulnerability Disclosure,9.3.0 to 9.3.11,2026-05-20,2026-05-20,https://advisory.splunk.com/advisories/SVD-2026-0505
enterprise:9.3.7,enterprise,Splunk Enterprise,9.3.7,9003007000,9.3.12,9003012000,SVD-2026-0505,Multiple (9) CVE-2025-22872 CVE-2025-47911 CVE-2025-58190 CVE-2026-27141 CVE-2025-68121 CVE-2025-61732 CVE-2025-61731 CVE-2025-61726 CVE-2025-68156,Critical,SVD-2026-0505 | Splunk Vulnerability Disclosure,9.3.0 to 9.3.11,2026-05-20,2026-05-20,https://advisory.splunk.com/advisories/SVD-2026-0505
enterprise:9.3.8,enterprise,Splunk Enterprise,9.3.8,9003008000,9.3.12,9003012000,SVD-2026-0505,Multiple (9) CVE-2025-22872 CVE-2025-47911 CVE-2025-58190 CVE-2026-27141 CVE-2025-68121 CVE-2025-61732 CVE-2025-61731 CVE-2025-61726 CVE-2025-68156,Critical,SVD-2026-0505 | Splunk Vulnerability Disclosure,9.3.0 to 9.3.11,2026-05-20,2026-05-20,https://advisory.splunk.com/advisories/SVD-2026-0505
enterprise:9.3.9,enterprise,Splunk Enterprise,9.3.9,9003009000,9.3.12,9003012000,SVD-2026-0505,Multiple (9) CVE-2025-22872 CVE-2025-47911 CVE-2025-58190 CVE-2026-27141 CVE-2025-68121 CVE-2025-61732 CVE-2025-61731 CVE-2025-61726 CVE-2025-68156,Critical,SVD-2026-0505 | Splunk Vulnerability Disclosure,9.3.0 to 9.3.11,2026-05-20,2026-05-20,https://advisory.splunk.com/advisories/SVD-2026-0505
enterprise:9.3.10,enterprise,Splunk Enterprise,9.3.10,9003010000,9.3.12,9003012000,SVD-2026-0505,Multiple (9) CVE-2025-22872 CVE-2025-47911 CVE-2025-58190 CVE-2026-27141 CVE-2025-68121 CVE-2025-61732 CVE-2025-61731 CVE-2025-61726 CVE-2025-68156,Critical,SVD-2026-0505 | Splunk Vulnerability Disclosure,9.3.0 to 9.3.11,2026-05-20,2026-05-20,https://advisory.splunk.com/advisories/SVD-2026-0505
enterprise:9.3.11,enterprise,Splunk Enterprise,9.3.11,9003011000,9.3.12,9003012000,SVD-2026-0505,Multiple (9) CVE-2025-22872 CVE-2025-47911 CVE-2025-58190 CVE-2026-27141 CVE-2025-68121 CVE-2025-61732 CVE-2025-61731 CVE-2025-61726 CVE-2025-68156,Critical,SVD-2026-0505 | Splunk Vulnerability Disclosure,9.3.0 to 9.3.11,2026-05-20,2026-05-20,https://advisory.splunk.com/advisories/SVD-2026-0505
enterprise:10.2.0,enterprise,Splunk Enterprise,10.2.0,10002000000,10.2.2,10002002000,SVD-2026-0405,Multiple (5) CVE-2026-0994 CVE-2025-12817 CVE-2025-12818 CVE-2026-21226 CVE-2026-22796,High,SVD-2026-0405 | Splunk Vulnerability Disclosure,10.2.0 to 10.2.1,2026-04-15,2026-04-15,https://advisory.splunk.com/advisories/SVD-2026-0405
enterprise:10.2.1,enterprise,Splunk Enterprise,10.2.1,10002001000,10.2.2,10002002000,SVD-2026-0405,Multiple (5) CVE-2026-0994 CVE-2025-12817 CVE-2025-12818 CVE-2026-21226 CVE-2026-22796,High,SVD-2026-0405 | Splunk Vulnerability Disclosure,10.2.0 to 10.2.1,2026-04-15,2026-04-15,https://advisory.splunk.com/advisories/SVD-2026-0405
enterprise:10.0.0,enterprise,Splunk Enterprise,10.0.0,10000000000,10.0.5,10000005000,SVD-2026-0405,Multiple (5) CVE-2026-0994 CVE-2025-12817 CVE-2025-12818 CVE-2026-21226 CVE-2026-22796,High,SVD-2026-0405 | Splunk Vulnerability Disclosure,10.0.0 to 10.0.4,2026-04-15,2026-04-15,https://advisory.splunk.com/advisories/SVD-2026-0405
enterprise:10.0.1,enterprise,Splunk Enterprise,10.0.1,10000001000,10.0.5,10000005000,SVD-2026-0405,Multiple (5) CVE-2026-0994 CVE-2025-12817 CVE-2025-12818 CVE-2026-21226 CVE-2026-22796,High,SVD-2026-0405 | Splunk Vulnerability Disclosure,10.0.0 to 10.0.4,2026-04-15,2026-04-15,https://advisory.splunk.com/advisories/SVD-2026-0405
enterprise:10.0.2,enterprise,Splunk Enterprise,10.0.2,10000002000,10.0.5,10000005000,SVD-2026-0405,Multiple (5) CVE-2026-0994 CVE-2025-12817 CVE-2025-12818 CVE-2026-21226 CVE-2026-22796,High,SVD-2026-0405 | Splunk Vulnerability Disclosure,10.0.0 to 10.0.4,2026-04-15,2026-04-15,https://advisory.splunk.com/advisories/SVD-2026-0405
enterprise:10.0.3,enterprise,Splunk Enterprise,10.0.3,10000003000,10.0.5,10000005000,SVD-2026-0405,Multiple (5) CVE-2026-0994 CVE-2025-12817 CVE-2025-12818 CVE-2026-21226 CVE-2026-22796,High,SVD-2026-0405 | Splunk Vulnerability Disclosure,10.0.0 to 10.0.4,2026-04-15,2026-04-15,https://advisory.splunk.com/advisories/SVD-2026-0405
enterprise:10.0.4,enterprise,Splunk Enterprise,10.0.4,10000004000,10.0.5,10000005000,SVD-2026-0405,Multiple (5) CVE-2026-0994 CVE-2025-12817 CVE-2025-12818 CVE-2026-21226 CVE-2026-22796,High,SVD-2026-0405 | Splunk Vulnerability Disclosure,10.0.0 to 10.0.4,2026-04-15,2026-04-15,https://advisory.splunk.com/advisories/SVD-2026-0405
enterprise:9.4.0,enterprise,Splunk Enterprise,9.4.0,9004000000,9.4.10,9004010000,SVD-2026-0405,Multiple (5) CVE-2026-0994 CVE-2025-12817 CVE-2025-12818 CVE-2026-21226 CVE-2026-22796,High,SVD-2026-0405 | Splunk Vulnerability Disclosure,9.4.0 to 9.4.9,2026-04-15,2026-04-15,https://advisory.splunk.com/advisories/SVD-2026-0405
enterprise:9.4.1,enterprise,Splunk Enterprise,9.4.1,9004001000,9.4.10,9004010000,SVD-2026-0405,Multiple (5) CVE-2026-0994 CVE-2025-12817 CVE-2025-12818 CVE-2026-21226 CVE-2026-22796,High,SVD-2026-0405 | Splunk Vulnerability Disclosure,9.4.0 to 9.4.9,2026-04-15,2026-04-15,https://advisory.splunk.com/advisories/SVD-2026-0405
enterprise:9.4.2,enterprise,Splunk Enterprise,9.4.2,9004002000,9.4.10,9004010000,SVD-2026-0405,Multiple (5) CVE-2026-0994 CVE-2025-12817 CVE-2025-12818 CVE-2026-21226 CVE-2026-22796,High,SVD-2026-0405 | Splunk Vulnerability Disclosure,9.4.0 to 9.4.9,2026-04-15,2026-04-15,https://advisory.splunk.com/advisories/SVD-2026-0405
enterprise:9.4.3,enterprise,Splunk Enterprise,9.4.3,9004003000,9.4.10,9004010000,SVD-2026-0405,Multiple (5) CVE-2026-0994 CVE-2025-12817 CVE-2025-12818 CVE-2026-21226 CVE-2026-22796,High,SVD-2026-0405 | Splunk Vulnerability Disclosure,9.4.0 to 9.4.9,2026-04-15,2026-04-15,https://advisory.splunk.com/advisories/SVD-2026-0405
enterprise:9.4.4,enterprise,Splunk Enterprise,9.4.4,9004004000,9.4.10,9004010000,SVD-2026-0405,Multiple (5) CVE-2026-0994 CVE-2025-12817 CVE-2025-12818 CVE-2026-21226 CVE-2026-22796,High,SVD-2026-0405 | Splunk Vulnerability Disclosure,9.4.0 to 9.4.9,2026-04-15,2026-04-15,https://advisory.splunk.com/advisories/SVD-2026-0405
enterprise:9.4.5,enterprise,Splunk Enterprise,9.4.5,9004005000,9.4.10,9004010000,SVD-2026-0405,Multiple (5) CVE-2026-0994 CVE-2025-12817 CVE-2025-12818 CVE-2026-21226 CVE-2026-22796,High,SVD-2026-0405 | Splunk Vulnerability Disclosure,9.4.0 to 9.4.9,2026-04-15,2026-04-15,https://advisory.splunk.com/advisories/SVD-2026-0405
enterprise:9.4.6,enterprise,Splunk Enterprise,9.4.6,9004006000,9.4.10,9004010000,SVD-2026-0405,Multiple (5) CVE-2026-0994 CVE-2025-12817 CVE-2025-12818 CVE-2026-21226 CVE-2026-22796,High,SVD-2026-0405 | Splunk Vulnerability Disclosure,9.4.0 to 9.4.9,2026-04-15,2026-04-15,https://advisory.splunk.com/advisories/SVD-2026-0405
enterprise:9.4.7,enterprise,Splunk Enterprise,9.4.7,9004007000,9.4.10,9004010000,SVD-2026-0405,Multiple (5) CVE-2026-0994 CVE-2025-12817 CVE-2025-12818 CVE-2026-21226 CVE-2026-22796,High,SVD-2026-0405 | Splunk Vulnerability Disclosure,9.4.0 to 9.4.9,2026-04-15,2026-04-15,https://advisory.splunk.com/advisories/SVD-2026-0405
enterprise:9.4.8,enterprise,Splunk Enterprise,9.4.8,9004008000,9.4.10,9004010000,SVD-2026-0405,Multiple (5) CVE-2026-0994 CVE-2025-12817 CVE-2025-12818 CVE-2026-21226 CVE-2026-22796,High,SVD-2026-0405 | Splunk Vulnerability Disclosure,9.4.0 to 9.4.9,2026-04-15,2026-04-15,https://advisory.splunk.com/advisories/SVD-2026-0405
enterprise:9.4.9,enterprise,Splunk Enterprise,9.4.9,9004009000,9.4.10,9004010000,SVD-2026-0405,Multiple (5) CVE-2026-0994 CVE-2025-12817 CVE-2025-12818 CVE-2026-21226 CVE-2026-22796,High,SVD-2026-0405 | Splunk Vulnerability Disclosure,9.4.0 to 9.4.9,2026-04-15,2026-04-15,https://advisory.splunk.com/advisories/SVD-2026-0405
enterprise:9.3.0,enterprise,Splunk Enterprise,9.3.0,9003000000,9.3.11,9003011000,SVD-2026-0405,Multiple (5) CVE-2026-0994 CVE-2025-12817 CVE-2025-12818 CVE-2026-21226 CVE-2026-22796,High,SVD-2026-0405 | Splunk Vulnerability Disclosure,9.3.0 to 9.3.10,2026-04-15,2026-04-15,https://advisory.splunk.com/advisories/SVD-2026-0405
enterprise:9.3.1,enterprise,Splunk Enterprise,9.3.1,9003001000,9.3.11,9003011000,SVD-2026-0405,Multiple (5) CVE-2026-0994 CVE-2025-12817 CVE-2025-12818 CVE-2026-21226 CVE-2026-22796,High,SVD-2026-0405 | Splunk Vulnerability Disclosure,9.3.0 to 9.3.10,2026-04-15,2026-04-15,https://advisory.splunk.com/advisories/SVD-2026-0405
enterprise:9.3.2,enterprise,Splunk Enterprise,9.3.2,9003002000,9.3.11,9003011000,SVD-2026-0405,Multiple (5) CVE-2026-0994 CVE-2025-12817 CVE-2025-12818 CVE-2026-21226 CVE-2026-22796,High,SVD-2026-0405 | Splunk Vulnerability Disclosure,9.3.0 to 9.3.10,2026-04-15,2026-04-15,https://advisory.splunk.com/advisories/SVD-2026-0405
enterprise:9.3.3,enterprise,Splunk Enterprise,9.3.3,9003003000,9.3.11,9003011000,SVD-2026-0405,Multiple (5) CVE-2026-0994 CVE-2025-12817 CVE-2025-12818 CVE-2026-21226 CVE-2026-22796,High,SVD-2026-0405 | Splunk Vulnerability Disclosure,9.3.0 to 9.3.10,2026-04-15,2026-04-15,https://advisory.splunk.com/advisories/SVD-2026-0405
enterprise:9.3.4,enterprise,Splunk Enterprise,9.3.4,9003004000,9.3.11,9003011000,SVD-2026-0405,Multiple (5) CVE-2026-0994 CVE-2025-12817 CVE-2025-12818 CVE-2026-21226 CVE-2026-22796,High,SVD-2026-0405 | Splunk Vulnerability Disclosure,9.3.0 to 9.3.10,2026-04-15,2026-04-15,https://advisory.splunk.com/advisories/SVD-2026-0405
enterprise:9.3.5,enterprise,Splunk Enterprise,9.3.5,9003005000,9.3.11,9003011000,SVD-2026-0405,Multiple (5) CVE-2026-0994 CVE-2025-12817 CVE-2025-12818 CVE-2026-21226 CVE-2026-22796,High,SVD-2026-0405 | Splunk Vulnerability Disclosure,9.3.0 to 9.3.10,2026-04-15,2026-04-15,https://advisory.splunk.com/advisories/SVD-2026-0405
enterprise:9.3.6,enterprise,Splunk Enterprise,9.3.6,9003006000,9.3.11,9003011000,SVD-2026-0405,Multiple (5) CVE-2026-0994 CVE-2025-12817 CVE-2025-12818 CVE-2026-21226 CVE-2026-22796,High,SVD-2026-0405 | Splunk Vulnerability Disclosure,9.3.0 to 9.3.10,2026-04-15,2026-04-15,https://advisory.splunk.com/advisories/SVD-2026-0405
enterprise:9.3.7,enterprise,Splunk Enterprise,9.3.7,9003007000,9.3.11,9003011000,SVD-2026-0405,Multiple (5) CVE-2026-0994 CVE-2025-12817 CVE-2025-12818 CVE-2026-21226 CVE-2026-22796,High,SVD-2026-0405 | Splunk Vulnerability Disclosure,9.3.0 to 9.3.10,2026-04-15,2026-04-15,https://advisory.splunk.com/advisories/SVD-2026-0405
enterprise:9.3.8,enterprise,Splunk Enterprise,9.3.8,9003008000,9.3.11,9003011000,SVD-2026-0405,Multiple (5) CVE-2026-0994 CVE-2025-12817 CVE-2025-12818 CVE-2026-21226 CVE-2026-22796,High,SVD-2026-0405 | Splunk Vulnerability Disclosure,9.3.0 to 9.3.10,2026-04-15,2026-04-15,https://advisory.splunk.com/advisories/SVD-2026-0405
enterprise:9.3.9,enterprise,Splunk Enterprise,9.3.9,9003009000,9.3.11,9003011000,SVD-2026-0405,Multiple (5) CVE-2026-0994 CVE-2025-12817 CVE-2025-12818 CVE-2026-21226 CVE-2026-22796,High,SVD-2026-0405 | Splunk Vulnerability Disclosure,9.3.0 to 9.3.10,2026-04-15,2026-04-15,https://advisory.splunk.com/advisories/SVD-2026-0405
enterprise:9.3.10,enterprise,Splunk Enterprise,9.3.10,9003010000,9.3.11,9003011000,SVD-2026-0405,Multiple (5) CVE-2026-0994 CVE-2025-12817 CVE-2025-12818 CVE-2026-21226 CVE-2026-22796,High,SVD-2026-0405 | Splunk Vulnerability Disclosure,9.3.0 to 9.3.10,2026-04-15,2026-04-15,https://advisory.splunk.com/advisories/SVD-2026-0405
forwarder:10.2.0,forwarder,Splunk Universal Forwarder,10.2.0,10002000000,10.2.1,10002001000,SVD-2026-0404,CVE-2026-22796,Low,SVD-2026-0404 | Splunk Vulnerability Disclosure,10.2.0,2026-04-15,2026-04-15,https://advisory.splunk.com/advisories/SVD-2026-0404
forwarder:10.0.0,forwarder,Splunk Universal Forwarder,10.0.0,10000000000,10.0.4,10000004000,SVD-2026-0404,CVE-2026-22796,Low,SVD-2026-0404 | Splunk Vulnerability Disclosure,10.0.0 to 10.0.3,2026-04-15,2026-04-15,https://advisory.splunk.com/advisories/SVD-2026-0404
forwarder:10.0.1,forwarder,Splunk Universal Forwarder,10.0.1,10000001000,10.0.4,10000004000,SVD-2026-0404,CVE-2026-22796,Low,SVD-2026-0404 | Splunk Vulnerability Disclosure,10.0.0 to 10.0.3,2026-04-15,2026-04-15,https://advisory.splunk.com/advisories/SVD-2026-0404
forwarder:10.0.2,forwarder,Splunk Universal Forwarder,10.0.2,10000002000,10.0.4,10000004000,SVD-2026-0404,CVE-2026-22796,Low,SVD-2026-0404 | Splunk Vulnerability Disclosure,10.0.0 to 10.0.3,2026-04-15,2026-04-15,https://advisory.splunk.com/advisories/SVD-2026-0404
forwarder:10.0.3,forwarder,Splunk Universal Forwarder,10.0.3,10000003000,10.0.4,10000004000,SVD-2026-0404,CVE-2026-22796,Low,SVD-2026-0404 | Splunk Vulnerability Disclosure,10.0.0 to 10.0.3,2026-04-15,2026-04-15,https://advisory.splunk.com/advisories/SVD-2026-0404
forwarder:9.4.0,forwarder,Splunk Universal Forwarder,9.4.0,9004000000,9.4.10,9004010000,SVD-2026-0404,CVE-2026-22796,Low,SVD-2026-0404 | Splunk Vulnerability Disclosure,9.4.0 to 9.4.9,2026-04-15,2026-04-15,https://advisory.splunk.com/advisories/SVD-2026-0404
forwarder:9.4.1,forwarder,Splunk Universal Forwarder,9.4.1,9004001000,9.4.10,9004010000,SVD-2026-0404,CVE-2026-22796,Low,SVD-2026-0404 | Splunk Vulnerability Disclosure,9.4.0 to 9.4.9,2026-04-15,2026-04-15,https://advisory.splunk.com/advisories/SVD-2026-0404
forwarder:9.4.2,forwarder,Splunk Universal Forwarder,9.4.2,9004002000,9.4.10,9004010000,SVD-2026-0404,CVE-2026-22796,Low,SVD-2026-0404 | Splunk Vulnerability Disclosure,9.4.0 to 9.4.9,2026-04-15,2026-04-15,https://advisory.splunk.com/advisories/SVD-2026-0404
forwarder:9.4.3,forwarder,Splunk Universal Forwarder,9.4.3,9004003000,9.4.10,9004010000,SVD-2026-0404,CVE-2026-22796,Low,SVD-2026-0404 | Splunk Vulnerability Disclosure,9.4.0 to 9.4.9,2026-04-15,2026-04-15,https://advisory.splunk.com/advisories/SVD-2026-0404
forwarder:9.4.4,forwarder,Splunk Universal Forwarder,9.4.4,9004004000,9.4.10,9004010000,SVD-2026-0404,CVE-2026-22796,Low,SVD-2026-0404 | Splunk Vulnerability Disclosure,9.4.0 to 9.4.9,2026-04-15,2026-04-15,https://advisory.splunk.com/advisories/SVD-2026-0404
forwarder:9.4.5,forwarder,Splunk Universal Forwarder,9.4.5,9004005000,9.4.10,9004010000,SVD-2026-0404,CVE-2026-22796,Low,SVD-2026-0404 | Splunk Vulnerability Disclosure,9.4.0 to 9.4.9,2026-04-15,2026-04-15,https://advisory.splunk.com/advisories/SVD-2026-0404
forwarder:9.4.6,forwarder,Splunk Universal Forwarder,9.4.6,9004006000,9.4.10,9004010000,SVD-2026-0404,CVE-2026-22796,Low,SVD-2026-0404 | Splunk Vulnerability Disclosure,9.4.0 to 9.4.9,2026-04-15,2026-04-15,https://advisory.splunk.com/advisories/SVD-2026-0404
forwarder:9.4.7,forwarder,Splunk Universal Forwarder,9.4.7,9004007000,9.4.10,9004010000,SVD-2026-0404,CVE-2026-22796,Low,SVD-2026-0404 | Splunk Vulnerability Disclosure,9.4.0 to 9.4.9,2026-04-15,2026-04-15,https://advisory.splunk.com/advisories/SVD-2026-0404
forwarder:9.4.8,forwarder,Splunk Universal Forwarder,9.4.8,9004008000,9.4.10,9004010000,SVD-2026-0404,CVE-2026-22796,Low,SVD-2026-0404 | Splunk Vulnerability Disclosure,9.4.0 to 9.4.9,2026-04-15,2026-04-15,https://advisory.splunk.com/advisories/SVD-2026-0404
forwarder:9.4.9,forwarder,Splunk Universal Forwarder,9.4.9,9004009000,9.4.10,9004010000,SVD-2026-0404,CVE-2026-22796,Low,SVD-2026-0404 | Splunk Vulnerability Disclosure,9.4.0 to 9.4.9,2026-04-15,2026-04-15,https://advisory.splunk.com/advisories/SVD-2026-0404
forwarder:9.3.0,forwarder,Splunk Universal Forwarder,9.3.0,9003000000,9.3.11,9003011000,SVD-2026-0404,CVE-2026-22796,Low,SVD-2026-0404 | Splunk Vulnerability Disclosure,9.3.0 to 9.3.10,2026-04-15,2026-04-15,https://advisory.splunk.com/advisories/SVD-2026-0404
forwarder:9.3.1,forwarder,Splunk Universal Forwarder,9.3.1,9003001000,9.3.11,9003011000,SVD-2026-0404,CVE-2026-22796,Low,SVD-2026-0404 | Splunk Vulnerability Disclosure,9.3.0 to 9.3.10,2026-04-15,2026-04-15,https://advisory.splunk.com/advisories/SVD-2026-0404
forwarder:9.3.2,forwarder,Splunk Universal Forwarder,9.3.2,9003002000,9.3.11,9003011000,SVD-2026-0404,CVE-2026-22796,Low,SVD-2026-0404 | Splunk Vulnerability Disclosure,9.3.0 to 9.3.10,2026-04-15,2026-04-15,https://advisory.splunk.com/advisories/SVD-2026-0404
forwarder:9.3.3,forwarder,Splunk Universal Forwarder,9.3.3,9003003000,9.3.11,9003011000,SVD-2026-0404,CVE-2026-22796,Low,SVD-2026-0404 | Splunk Vulnerability Disclosure,9.3.0 to 9.3.10,2026-04-15,2026-04-15,https://advisory.splunk.com/advisories/SVD-2026-0404
forwarder:9.3.4,forwarder,Splunk Universal Forwarder,9.3.4,9003004000,9.3.11,9003011000,SVD-2026-0404,CVE-2026-22796,Low,SVD-2026-0404 | Splunk Vulnerability Disclosure,9.3.0 to 9.3.10,2026-04-15,2026-04-15,https://advisory.splunk.com/advisories/SVD-2026-0404
forwarder:9.3.5,forwarder,Splunk Universal Forwarder,9.3.5,9003005000,9.3.11,9003011000,SVD-2026-0404,CVE-2026-22796,Low,SVD-2026-0404 | Splunk Vulnerability Disclosure,9.3.0 to 9.3.10,2026-04-15,2026-04-15,https://advisory.splunk.com/advisories/SVD-2026-0404
forwarder:9.3.6,forwarder,Splunk Universal Forwarder,9.3.6,9003006000,9.3.11,9003011000,SVD-2026-0404,CVE-2026-22796,Low,SVD-2026-0404 | Splunk Vulnerability Disclosure,9.3.0 to 9.3.10,2026-04-15,2026-04-15,https://advisory.splunk.com/advisories/SVD-2026-0404
forwarder:9.3.7,forwarder,Splunk Universal Forwarder,9.3.7,9003007000,9.3.11,9003011000,SVD-2026-0404,CVE-2026-22796,Low,SVD-2026-0404 | Splunk Vulnerability Disclosure,9.3.0 to 9.3.10,2026-04-15,2026-04-15,https://advisory.splunk.com/advisories/SVD-2026-0404
forwarder:9.3.8,forwarder,Splunk Universal Forwarder,9.3.8,9003008000,9.3.11,9003011000,SVD-2026-0404,CVE-2026-22796,Low,SVD-2026-0404 | Splunk Vulnerability Disclosure,9.3.0 to 9.3.10,2026-04-15,2026-04-15,https://advisory.splunk.com/advisories/SVD-2026-0404
forwarder:9.3.9,forwarder,Splunk Universal Forwarder,9.3.9,9003009000,9.3.11,9003011000,SVD-2026-0404,CVE-2026-22796,Low,SVD-2026-0404 | Splunk Vulnerability Disclosure,9.3.0 to 9.3.10,2026-04-15,2026-04-15,https://advisory.splunk.com/advisories/SVD-2026-0404
forwarder:9.3.10,forwarder,Splunk Universal Forwarder,9.3.10,9003010000,9.3.11,9003011000,SVD-2026-0404,CVE-2026-22796,Low,SVD-2026-0404 | Splunk Vulnerability Disclosure,9.3.0 to 9.3.10,2026-04-15,2026-04-15,https://advisory.splunk.com/advisories/SVD-2026-0404
forwarder:10.2.0,forwarder,Splunk Universal Forwarder,10.2.0,10002000000,10.2.1,10002001000,SVD-2026-0314,Multiple (3),High,SVD-2026-0314 | Splunk Vulnerability Disclosure,Below 10.2.1,2026-03-18,2026-03-18,https://advisory.splunk.com/advisories/SVD-2026-0314
forwarder:10.0.0,forwarder,Splunk Universal Forwarder,10.0.0,10000000000,10.0.4,10000004000,SVD-2026-0314,Multiple (3),High,SVD-2026-0314 | Splunk Vulnerability Disclosure,10.0.0 to 10.0.3,2026-03-18,2026-03-18,https://advisory.splunk.com/advisories/SVD-2026-0314
forwarder:10.0.1,forwarder,Splunk Universal Forwarder,10.0.1,10000001000,10.0.4,10000004000,SVD-2026-0314,Multiple (3),High,SVD-2026-0314 | Splunk Vulnerability Disclosure,10.0.0 to 10.0.3,2026-03-18,2026-03-18,https://advisory.splunk.com/advisories/SVD-2026-0314
forwarder:10.0.2,forwarder,Splunk Universal Forwarder,10.0.2,10000002000,10.0.4,10000004000,SVD-2026-0314,Multiple (3),High,SVD-2026-0314 | Splunk Vulnerability Disclosure,10.0.0 to 10.0.3,2026-03-18,2026-03-18,https://advisory.splunk.com/advisories/SVD-2026-0314
forwarder:10.0.3,forwarder,Splunk Universal Forwarder,10.0.3,10000003000,10.0.4,10000004000,SVD-2026-0314,Multiple (3),High,SVD-2026-0314 | Splunk Vulnerability Disclosure,10.0.0 to 10.0.3,2026-03-18,2026-03-18,https://advisory.splunk.com/advisories/SVD-2026-0314
enterprise:10.2.0,enterprise,Splunk Enterprise,10.2.0,10002000000,10.2.1,10002001000,SVD-2026-0306,Multiple (41) CVE-2025-22868 CVE-2024-47081 CVE-2025-0913 CVE-2025-22871 CVE-2025-22874 CVE-2025-4673 CVE-2025-47906 CVE-2025-47907 CVE-2025-47912 CVE-2025-58183 CVE-2025-58185 CVE-2025-58186 CVE-2025-58187 CVE-2025-58188 CVE-2025-58189 CVE-2025-61723 CVE-2025-61724 CVE-2025-61725 CVE-2025-47913 CVE-2025-47914 CVE-2025-58181 CVE-2025-22870 CVE-2025-22872 CVE-2024-7246 CVE-2024-51744 CVE-2025-30204 CVE-2025-8556 CVE-2025-30153 CVE-2025-4565 CVE-2025-69224 CVE-2025-69225 CVE-2025-69230 CVE-2025-69223 CVE-2025-69228 CVE-2025-69227 CVE-2025-69229 CVE-2025-69226 CVE-2026-21226 CVE-2026-22796 CVE-2025-15467 CVE-2026-22795,High,SVD-2026-0306 | Splunk Vulnerability Disclosure,Below 10.2.1,2026-03-11,2026-04-09,https://advisory.splunk.com/advisories/SVD-2026-0306
enterprise:10.0.0,enterprise,Splunk Enterprise,10.0.0,10000000000,10.0.4,10000004000,SVD-2026-0306,Multiple (41) CVE-2025-22868 CVE-2024-47081 CVE-2025-0913 CVE-2025-22871 CVE-2025-22874 CVE-2025-4673 CVE-2025-47906 CVE-2025-47907 CVE-2025-47912 CVE-2025-58183 CVE-2025-58185 CVE-2025-58186 CVE-2025-58187 CVE-2025-58188 CVE-2025-58189 CVE-2025-61723 CVE-2025-61724 CVE-2025-61725 CVE-2025-47913 CVE-2025-47914 CVE-2025-58181 CVE-2025-22870 CVE-2025-22872 CVE-2024-7246 CVE-2024-51744 CVE-2025-30204 CVE-2025-8556 CVE-2025-30153 CVE-2025-4565 CVE-2025-69224 CVE-2025-69225 CVE-2025-69230 CVE-2025-69223 CVE-2025-69228 CVE-2025-69227 CVE-2025-69229 CVE-2025-69226 CVE-2026-21226 CVE-2026-22796 CVE-2025-15467 CVE-2026-22795,High,SVD-2026-0306 | Splunk Vulnerability Disclosure,10.0.0 to 10.0.3,2026-03-11,2026-04-09,https://advisory.splunk.com/advisories/SVD-2026-0306
enterprise:10.0.1,enterprise,Splunk Enterprise,10.0.1,10000001000,10.0.4,10000004000,SVD-2026-0306,Multiple (41) CVE-2025-22868 CVE-2024-47081 CVE-2025-0913 CVE-2025-22871 CVE-2025-22874 CVE-2025-4673 CVE-2025-47906 CVE-2025-47907 CVE-2025-47912 CVE-2025-58183 CVE-2025-58185 CVE-2025-58186 CVE-2025-58187 CVE-2025-58188 CVE-2025-58189 CVE-2025-61723 CVE-2025-61724 CVE-2025-61725 CVE-2025-47913 CVE-2025-47914 CVE-2025-58181 CVE-2025-22870 CVE-2025-22872 CVE-2024-7246 CVE-2024-51744 CVE-2025-30204 CVE-2025-8556 CVE-2025-30153 CVE-2025-4565 CVE-2025-69224 CVE-2025-69225 CVE-2025-69230 CVE-2025-69223 CVE-2025-69228 CVE-2025-69227 CVE-2025-69229 CVE-2025-69226 CVE-2026-21226 CVE-2026-22796 CVE-2025-15467 CVE-2026-22795,High,SVD-2026-0306 | Splunk Vulnerability Disclosure,10.0.0 to 10.0.3,2026-03-11,2026-04-09,https://advisory.splunk.com/advisories/SVD-2026-0306
enterprise:10.0.2,enterprise,Splunk Enterprise,10.0.2,10000002000,10.0.4,10000004000,SVD-2026-0306,Multiple (41) CVE-2025-22868 CVE-2024-47081 CVE-2025-0913 CVE-2025-22871 CVE-2025-22874 CVE-2025-4673 CVE-2025-47906 CVE-2025-47907 CVE-2025-47912 CVE-2025-58183 CVE-2025-58185 CVE-2025-58186 CVE-2025-58187 CVE-2025-58188 CVE-2025-58189 CVE-2025-61723 CVE-2025-61724 CVE-2025-61725 CVE-2025-47913 CVE-2025-47914 CVE-2025-58181 CVE-2025-22870 CVE-2025-22872 CVE-2024-7246 CVE-2024-51744 CVE-2025-30204 CVE-2025-8556 CVE-2025-30153 CVE-2025-4565 CVE-2025-69224 CVE-2025-69225 CVE-2025-69230 CVE-2025-69223 CVE-2025-69228 CVE-2025-69227 CVE-2025-69229 CVE-2025-69226 CVE-2026-21226 CVE-2026-22796 CVE-2025-15467 CVE-2026-22795,High,SVD-2026-0306 | Splunk Vulnerability Disclosure,10.0.0 to 10.0.3,2026-03-11,2026-04-09,https://advisory.splunk.com/advisories/SVD-2026-0306
enterprise:10.0.3,enterprise,Splunk Enterprise,10.0.3,10000003000,10.0.4,10000004000,SVD-2026-0306,Multiple (41) CVE-2025-22868 CVE-2024-47081 CVE-2025-0913 CVE-2025-22871 CVE-2025-22874 CVE-2025-4673 CVE-2025-47906 CVE-2025-47907 CVE-2025-47912 CVE-2025-58183 CVE-2025-58185 CVE-2025-58186 CVE-2025-58187 CVE-2025-58188 CVE-2025-58189 CVE-2025-61723 CVE-2025-61724 CVE-2025-61725 CVE-2025-47913 CVE-2025-47914 CVE-2025-58181 CVE-2025-22870 CVE-2025-22872 CVE-2024-7246 CVE-2024-51744 CVE-2025-30204 CVE-2025-8556 CVE-2025-30153 CVE-2025-4565 CVE-2025-69224 CVE-2025-69225 CVE-2025-69230 CVE-2025-69223 CVE-2025-69228 CVE-2025-69227 CVE-2025-69229 CVE-2025-69226 CVE-2026-21226 CVE-2026-22796 CVE-2025-15467 CVE-2026-22795,High,SVD-2026-0306 | Splunk Vulnerability Disclosure,10.0.0 to 10.0.3,2026-03-11,2026-04-09,https://advisory.splunk.com/advisories/SVD-2026-0306
enterprise:9.4.0,enterprise,Splunk Enterprise,9.4.0,9004000000,9.4.9,9004009000,SVD-2026-0306,Multiple (41) CVE-2025-22868 CVE-2024-47081 CVE-2025-0913 CVE-2025-22871 CVE-2025-22874 CVE-2025-4673 CVE-2025-47906 CVE-2025-47907 CVE-2025-47912 CVE-2025-58183 CVE-2025-58185 CVE-2025-58186 CVE-2025-58187 CVE-2025-58188 CVE-2025-58189 CVE-2025-61723 CVE-2025-61724 CVE-2025-61725 CVE-2025-47913 CVE-2025-47914 CVE-2025-58181 CVE-2025-22870 CVE-2025-22872 CVE-2024-7246 CVE-2024-51744 CVE-2025-30204 CVE-2025-8556 CVE-2025-30153 CVE-2025-4565 CVE-2025-69224 CVE-2025-69225 CVE-2025-69230 CVE-2025-69223 CVE-2025-69228 CVE-2025-69227 CVE-2025-69229 CVE-2025-69226 CVE-2026-21226 CVE-2026-22796 CVE-2025-15467 CVE-2026-22795,High,SVD-2026-0306 | Splunk Vulnerability Disclosure,9.4.0 to 9.4.8,2026-03-11,2026-04-09,https://advisory.splunk.com/advisories/SVD-2026-0306
enterprise:9.4.1,enterprise,Splunk Enterprise,9.4.1,9004001000,9.4.9,9004009000,SVD-2026-0306,Multiple (41) CVE-2025-22868 CVE-2024-47081 CVE-2025-0913 CVE-2025-22871 CVE-2025-22874 CVE-2025-4673 CVE-2025-47906 CVE-2025-47907 CVE-2025-47912 CVE-2025-58183 CVE-2025-58185 CVE-2025-58186 CVE-2025-58187 CVE-2025-58188 CVE-2025-58189 CVE-2025-61723 CVE-2025-61724 CVE-2025-61725 CVE-2025-47913 CVE-2025-47914 CVE-2025-58181 CVE-2025-22870 CVE-2025-22872 CVE-2024-7246 CVE-2024-51744 CVE-2025-30204 CVE-2025-8556 CVE-2025-30153 CVE-2025-4565 CVE-2025-69224 CVE-2025-69225 CVE-2025-69230 CVE-2025-69223 CVE-2025-69228 CVE-2025-69227 CVE-2025-69229 CVE-2025-69226 CVE-2026-21226 CVE-2026-22796 CVE-2025-15467 CVE-2026-22795,High,SVD-2026-0306 | Splunk Vulnerability Disclosure,9.4.0 to 9.4.8,2026-03-11,2026-04-09,https://advisory.splunk.com/advisories/SVD-2026-0306
enterprise:9.4.2,enterprise,Splunk Enterprise,9.4.2,9004002000,9.4.9,9004009000,SVD-2026-0306,Multiple (41) CVE-2025-22868 CVE-2024-47081 CVE-2025-0913 CVE-2025-22871 CVE-2025-22874 CVE-2025-4673 CVE-2025-47906 CVE-2025-47907 CVE-2025-47912 CVE-2025-58183 CVE-2025-58185 CVE-2025-58186 CVE-2025-58187 CVE-2025-58188 CVE-2025-58189 CVE-2025-61723 CVE-2025-61724 CVE-2025-61725 CVE-2025-47913 CVE-2025-47914 CVE-2025-58181 CVE-2025-22870 CVE-2025-22872 CVE-2024-7246 CVE-2024-51744 CVE-2025-30204 CVE-2025-8556 CVE-2025-30153 CVE-2025-4565 CVE-2025-69224 CVE-2025-69225 CVE-2025-69230 CVE-2025-69223 CVE-2025-69228 CVE-2025-69227 CVE-2025-69229 CVE-2025-69226 CVE-2026-21226 CVE-2026-22796 CVE-2025-15467 CVE-2026-22795,High,SVD-2026-0306 | Splunk Vulnerability Disclosure,9.4.0 to 9.4.8,2026-03-11,2026-04-09,https://advisory.splunk.com/advisories/SVD-2026-0306
enterprise:9.4.3,enterprise,Splunk Enterprise,9.4.3,9004003000,9.4.9,9004009000,SVD-2026-0306,Multiple (41) CVE-2025-22868 CVE-2024-47081 CVE-2025-0913 CVE-2025-22871 CVE-2025-22874 CVE-2025-4673 CVE-2025-47906 CVE-2025-47907 CVE-2025-47912 CVE-2025-58183 CVE-2025-58185 CVE-2025-58186 CVE-2025-58187 CVE-2025-58188 CVE-2025-58189 CVE-2025-61723 CVE-2025-61724 CVE-2025-61725 CVE-2025-47913 CVE-2025-47914 CVE-2025-58181 CVE-2025-22870 CVE-2025-22872 CVE-2024-7246 CVE-2024-51744 CVE-2025-30204 CVE-2025-8556 CVE-2025-30153 CVE-2025-4565 CVE-2025-69224 CVE-2025-69225 CVE-2025-69230 CVE-2025-69223 CVE-2025-69228 CVE-2025-69227 CVE-2025-69229 CVE-2025-69226 CVE-2026-21226 CVE-2026-22796 CVE-2025-15467 CVE-2026-22795,High,SVD-2026-0306 | Splunk Vulnerability Disclosure,9.4.0 to 9.4.8,2026-03-11,2026-04-09,https://advisory.splunk.com/advisories/SVD-2026-0306
enterprise:9.4.4,enterprise,Splunk Enterprise,9.4.4,9004004000,9.4.9,9004009000,SVD-2026-0306,Multiple (41) CVE-2025-22868 CVE-2024-47081 CVE-2025-0913 CVE-2025-22871 CVE-2025-22874 CVE-2025-4673 CVE-2025-47906 CVE-2025-47907 CVE-2025-47912 CVE-2025-58183 CVE-2025-58185 CVE-2025-58186 CVE-2025-58187 CVE-2025-58188 CVE-2025-58189 CVE-2025-61723 CVE-2025-61724 CVE-2025-61725 CVE-2025-47913 CVE-2025-47914 CVE-2025-58181 CVE-2025-22870 CVE-2025-22872 CVE-2024-7246 CVE-2024-51744 CVE-2025-30204 CVE-2025-8556 CVE-2025-30153 CVE-2025-4565 CVE-2025-69224 CVE-2025-69225 CVE-2025-69230 CVE-2025-69223 CVE-2025-69228 CVE-2025-69227 CVE-2025-69229 CVE-2025-69226 CVE-2026-21226 CVE-2026-22796 CVE-2025-15467 CVE-2026-22795,High,SVD-2026-0306 | Splunk Vulnerability Disclosure,9.4.0 to 9.4.8,2026-03-11,2026-04-09,https://advisory.splunk.com/advisories/SVD-2026-0306
enterprise:9.4.5,enterprise,Splunk Enterprise,9.4.5,9004005000,9.4.9,9004009000,SVD-2026-0306,Multiple (41) CVE-2025-22868 CVE-2024-47081 CVE-2025-0913 CVE-2025-22871 CVE-2025-22874 CVE-2025-4673 CVE-2025-47906 CVE-2025-47907 CVE-2025-47912 CVE-2025-58183 CVE-2025-58185 CVE-2025-58186 CVE-2025-58187 CVE-2025-58188 CVE-2025-58189 CVE-2025-61723 CVE-2025-61724 CVE-2025-61725 CVE-2025-47913 CVE-2025-47914 CVE-2025-58181 CVE-2025-22870 CVE-2025-22872 CVE-2024-7246 CVE-2024-51744 CVE-2025-30204 CVE-2025-8556 CVE-2025-30153 CVE-2025-4565 CVE-2025-69224 CVE-2025-69225 CVE-2025-69230 CVE-2025-69223 CVE-2025-69228 CVE-2025-69227 CVE-2025-69229 CVE-2025-69226 CVE-2026-21226 CVE-2026-22796 CVE-2025-15467 CVE-2026-22795,High,SVD-2026-0306 | Splunk Vulnerability Disclosure,9.4.0 to 9.4.8,2026-03-11,2026-04-09,https://advisory.splunk.com/advisories/SVD-2026-0306
enterprise:9.4.6,enterprise,Splunk Enterprise,9.4.6,9004006000,9.4.9,9004009000,SVD-2026-0306,Multiple (41) CVE-2025-22868 CVE-2024-47081 CVE-2025-0913 CVE-2025-22871 CVE-2025-22874 CVE-2025-4673 CVE-2025-47906 CVE-2025-47907 CVE-2025-47912 CVE-2025-58183 CVE-2025-58185 CVE-2025-58186 CVE-2025-58187 CVE-2025-58188 CVE-2025-58189 CVE-2025-61723 CVE-2025-61724 CVE-2025-61725 CVE-2025-47913 CVE-2025-47914 CVE-2025-58181 CVE-2025-22870 CVE-2025-22872 CVE-2024-7246 CVE-2024-51744 CVE-2025-30204 CVE-2025-8556 CVE-2025-30153 CVE-2025-4565 CVE-2025-69224 CVE-2025-69225 CVE-2025-69230 CVE-2025-69223 CVE-2025-69228 CVE-2025-69227 CVE-2025-69229 CVE-2025-69226 CVE-2026-21226 CVE-2026-22796 CVE-2025-15467 CVE-2026-22795,High,SVD-2026-0306 | Splunk Vulnerability Disclosure,9.4.0 to 9.4.8,2026-03-11,2026-04-09,https://advisory.splunk.com/advisories/SVD-2026-0306
enterprise:9.4.7,enterprise,Splunk Enterprise,9.4.7,9004007000,9.4.9,9004009000,SVD-2026-0306,Multiple (41) CVE-2025-22868 CVE-2024-47081 CVE-2025-0913 CVE-2025-22871 CVE-2025-22874 CVE-2025-4673 CVE-2025-47906 CVE-2025-47907 CVE-2025-47912 CVE-2025-58183 CVE-2025-58185 CVE-2025-58186 CVE-2025-58187 CVE-2025-58188 CVE-2025-58189 CVE-2025-61723 CVE-2025-61724 CVE-2025-61725 CVE-2025-47913 CVE-2025-47914 CVE-2025-58181 CVE-2025-22870 CVE-2025-22872 CVE-2024-7246 CVE-2024-51744 CVE-2025-30204 CVE-2025-8556 CVE-2025-30153 CVE-2025-4565 CVE-2025-69224 CVE-2025-69225 CVE-2025-69230 CVE-2025-69223 CVE-2025-69228 CVE-2025-69227 CVE-2025-69229 CVE-2025-69226 CVE-2026-21226 CVE-2026-22796 CVE-2025-15467 CVE-2026-22795,High,SVD-2026-0306 | Splunk Vulnerability Disclosure,9.4.0 to 9.4.8,2026-03-11,2026-04-09,https://advisory.splunk.com/advisories/SVD-2026-0306
enterprise:9.4.8,enterprise,Splunk Enterprise,9.4.8,9004008000,9.4.9,9004009000,SVD-2026-0306,Multiple (41) CVE-2025-22868 CVE-2024-47081 CVE-2025-0913 CVE-2025-22871 CVE-2025-22874 CVE-2025-4673 CVE-2025-47906 CVE-2025-47907 CVE-2025-47912 CVE-2025-58183 CVE-2025-58185 CVE-2025-58186 CVE-2025-58187 CVE-2025-58188 CVE-2025-58189 CVE-2025-61723 CVE-2025-61724 CVE-2025-61725 CVE-2025-47913 CVE-2025-47914 CVE-2025-58181 CVE-2025-22870 CVE-2025-22872 CVE-2024-7246 CVE-2024-51744 CVE-2025-30204 CVE-2025-8556 CVE-2025-30153 CVE-2025-4565 CVE-2025-69224 CVE-2025-69225 CVE-2025-69230 CVE-2025-69223 CVE-2025-69228 CVE-2025-69227 CVE-2025-69229 CVE-2025-69226 CVE-2026-21226 CVE-2026-22796 CVE-2025-15467 CVE-2026-22795,High,SVD-2026-0306 | Splunk Vulnerability Disclosure,9.4.0 to 9.4.8,2026-03-11,2026-04-09,https://advisory.splunk.com/advisories/SVD-2026-0306
enterprise:9.3.0,enterprise,Splunk Enterprise,9.3.0,9003000000,9.3.10,9003010000,SVD-2026-0306,Multiple (41) CVE-2025-22868 CVE-2024-47081 CVE-2025-0913 CVE-2025-22871 CVE-2025-22874 CVE-2025-4673 CVE-2025-47906 CVE-2025-47907 CVE-2025-47912 CVE-2025-58183 CVE-2025-58185 CVE-2025-58186 CVE-2025-58187 CVE-2025-58188 CVE-2025-58189 CVE-2025-61723 CVE-2025-61724 CVE-2025-61725 CVE-2025-47913 CVE-2025-47914 CVE-2025-58181 CVE-2025-22870 CVE-2025-22872 CVE-2024-7246 CVE-2024-51744 CVE-2025-30204 CVE-2025-8556 CVE-2025-30153 CVE-2025-4565 CVE-2025-69224 CVE-2025-69225 CVE-2025-69230 CVE-2025-69223 CVE-2025-69228 CVE-2025-69227 CVE-2025-69229 CVE-2025-69226 CVE-2026-21226 CVE-2026-22796 CVE-2025-15467 CVE-2026-22795,High,SVD-2026-0306 | Splunk Vulnerability Disclosure,9.3.0 to 9.3.9,2026-03-11,2026-04-09,https://advisory.splunk.com/advisories/SVD-2026-0306
enterprise:9.3.1,enterprise,Splunk Enterprise,9.3.1,9003001000,9.3.10,9003010000,SVD-2026-0306,Multiple (41) CVE-2025-22868 CVE-2024-47081 CVE-2025-0913 CVE-2025-22871 CVE-2025-22874 CVE-2025-4673 CVE-2025-47906 CVE-2025-47907 CVE-2025-47912 CVE-2025-58183 CVE-2025-58185 CVE-2025-58186 CVE-2025-58187 CVE-2025-58188 CVE-2025-58189 CVE-2025-61723 CVE-2025-61724 CVE-2025-61725 CVE-2025-47913 CVE-2025-47914 CVE-2025-58181 CVE-2025-22870 CVE-2025-22872 CVE-2024-7246 CVE-2024-51744 CVE-2025-30204 CVE-2025-8556 CVE-2025-30153 CVE-2025-4565 CVE-2025-69224 CVE-2025-69225 CVE-2025-69230 CVE-2025-69223 CVE-2025-69228 CVE-2025-69227 CVE-2025-69229 CVE-2025-69226 CVE-2026-21226 CVE-2026-22796 CVE-2025-15467 CVE-2026-22795,High,SVD-2026-0306 | Splunk Vulnerability Disclosure,9.3.0 to 9.3.9,2026-03-11,2026-04-09,https://advisory.splunk.com/advisories/SVD-2026-0306
enterprise:9.3.2,enterprise,Splunk Enterprise,9.3.2,9003002000,9.3.10,9003010000,SVD-2026-0306,Multiple (41) CVE-2025-22868 CVE-2024-47081 CVE-2025-0913 CVE-2025-22871 CVE-2025-22874 CVE-2025-4673 CVE-2025-47906 CVE-2025-47907 CVE-2025-47912 CVE-2025-58183 CVE-2025-58185 CVE-2025-58186 CVE-2025-58187 CVE-2025-58188 CVE-2025-58189 CVE-2025-61723 CVE-2025-61724 CVE-2025-61725 CVE-2025-47913 CVE-2025-47914 CVE-2025-58181 CVE-2025-22870 CVE-2025-22872 CVE-2024-7246 CVE-2024-51744 CVE-2025-30204 CVE-2025-8556 CVE-2025-30153 CVE-2025-4565 CVE-2025-69224 CVE-2025-69225 CVE-2025-69230 CVE-2025-69223 CVE-2025-69228 CVE-2025-69227 CVE-2025-69229 CVE-2025-69226 CVE-2026-21226 CVE-2026-22796 CVE-2025-15467 CVE-2026-22795,High,SVD-2026-0306 | Splunk Vulnerability Disclosure,9.3.0 to 9.3.9,2026-03-11,2026-04-09,https://advisory.splunk.com/advisories/SVD-2026-0306
enterprise:9.3.3,enterprise,Splunk Enterprise,9.3.3,9003003000,9.3.10,9003010000,SVD-2026-0306,Multiple (41) CVE-2025-22868 CVE-2024-47081 CVE-2025-0913 CVE-2025-22871 CVE-2025-22874 CVE-2025-4673 CVE-2025-47906 CVE-2025-47907 CVE-2025-47912 CVE-2025-58183 CVE-2025-58185 CVE-2025-58186 CVE-2025-58187 CVE-2025-58188 CVE-2025-58189 CVE-2025-61723 CVE-2025-61724 CVE-2025-61725 CVE-2025-47913 CVE-2025-47914 CVE-2025-58181 CVE-2025-22870 CVE-2025-22872 CVE-2024-7246 CVE-2024-51744 CVE-2025-30204 CVE-2025-8556 CVE-2025-30153 CVE-2025-4565 CVE-2025-69224 CVE-2025-69225 CVE-2025-69230 CVE-2025-69223 CVE-2025-69228 CVE-2025-69227 CVE-2025-69229 CVE-2025-69226 CVE-2026-21226 CVE-2026-22796 CVE-2025-15467 CVE-2026-22795,High,SVD-2026-0306 | Splunk Vulnerability Disclosure,9.3.0 to 9.3.9,2026-03-11,2026-04-09,https://advisory.splunk.com/advisories/SVD-2026-0306
enterprise:9.3.4,enterprise,Splunk Enterprise,9.3.4,9003004000,9.3.10,9003010000,SVD-2026-0306,Multiple (41) CVE-2025-22868 CVE-2024-47081 CVE-2025-0913 CVE-2025-22871 CVE-2025-22874 CVE-2025-4673 CVE-2025-47906 CVE-2025-47907 CVE-2025-47912 CVE-2025-58183 CVE-2025-58185 CVE-2025-58186 CVE-2025-58187 CVE-2025-58188 CVE-2025-58189 CVE-2025-61723 CVE-2025-61724 CVE-2025-61725 CVE-2025-47913 CVE-2025-47914 CVE-2025-58181 CVE-2025-22870 CVE-2025-22872 CVE-2024-7246 CVE-2024-51744 CVE-2025-30204 CVE-2025-8556 CVE-2025-30153 CVE-2025-4565 CVE-2025-69224 CVE-2025-69225 CVE-2025-69230 CVE-2025-69223 CVE-2025-69228 CVE-2025-69227 CVE-2025-69229 CVE-2025-69226 CVE-2026-21226 CVE-2026-22796 CVE-2025-15467 CVE-2026-22795,High,SVD-2026-0306 | Splunk Vulnerability Disclosure,9.3.0 to 9.3.9,2026-03-11,2026-04-09,https://advisory.splunk.com/advisories/SVD-2026-0306
enterprise:9.3.5,enterprise,Splunk Enterprise,9.3.5,9003005000,9.3.10,9003010000,SVD-2026-0306,Multiple (41) CVE-2025-22868 CVE-2024-47081 CVE-2025-0913 CVE-2025-22871 CVE-2025-22874 CVE-2025-4673 CVE-2025-47906 CVE-2025-47907 CVE-2025-47912 CVE-2025-58183 CVE-2025-58185 CVE-2025-58186 CVE-2025-58187 CVE-2025-58188 CVE-2025-58189 CVE-2025-61723 CVE-2025-61724 CVE-2025-61725 CVE-2025-47913 CVE-2025-47914 CVE-2025-58181 CVE-2025-22870 CVE-2025-22872 CVE-2024-7246 CVE-2024-51744 CVE-2025-30204 CVE-2025-8556 CVE-2025-30153 CVE-2025-4565 CVE-2025-69224 CVE-2025-69225 CVE-2025-69230 CVE-2025-69223 CVE-2025-69228 CVE-2025-69227 CVE-2025-69229 CVE-2025-69226 CVE-2026-21226 CVE-2026-22796 CVE-2025-15467 CVE-2026-22795,High,SVD-2026-0306 | Splunk Vulnerability Disclosure,9.3.0 to 9.3.9,2026-03-11,2026-04-09,https://advisory.splunk.com/advisories/SVD-2026-0306
enterprise:9.3.6,enterprise,Splunk Enterprise,9.3.6,9003006000,9.3.10,9003010000,SVD-2026-0306,Multiple (41) CVE-2025-22868 CVE-2024-47081 CVE-2025-0913 CVE-2025-22871 CVE-2025-22874 CVE-2025-4673 CVE-2025-47906 CVE-2025-47907 CVE-2025-47912 CVE-2025-58183 CVE-2025-58185 CVE-2025-58186 CVE-2025-58187 CVE-2025-58188 CVE-2025-58189 CVE-2025-61723 CVE-2025-61724 CVE-2025-61725 CVE-2025-47913 CVE-2025-47914 CVE-2025-58181 CVE-2025-22870 CVE-2025-22872 CVE-2024-7246 CVE-2024-51744 CVE-2025-30204 CVE-2025-8556 CVE-2025-30153 CVE-2025-4565 CVE-2025-69224 CVE-2025-69225 CVE-2025-69230 CVE-2025-69223 CVE-2025-69228 CVE-2025-69227 CVE-2025-69229 CVE-2025-69226 CVE-2026-21226 CVE-2026-22796 CVE-2025-15467 CVE-2026-22795,High,SVD-2026-0306 | Splunk Vulnerability Disclosure,9.3.0 to 9.3.9,2026-03-11,2026-04-09,https://advisory.splunk.com/advisories/SVD-2026-0306
enterprise:9.3.7,enterprise,Splunk Enterprise,9.3.7,9003007000,9.3.10,9003010000,SVD-2026-0306,Multiple (41) CVE-2025-22868 CVE-2024-47081 CVE-2025-0913 CVE-2025-22871 CVE-2025-22874 CVE-2025-4673 CVE-2025-47906 CVE-2025-47907 CVE-2025-47912 CVE-2025-58183 CVE-2025-58185 CVE-2025-58186 CVE-2025-58187 CVE-2025-58188 CVE-2025-58189 CVE-2025-61723 CVE-2025-61724 CVE-2025-61725 CVE-2025-47913 CVE-2025-47914 CVE-2025-58181 CVE-2025-22870 CVE-2025-22872 CVE-2024-7246 CVE-2024-51744 CVE-2025-30204 CVE-2025-8556 CVE-2025-30153 CVE-2025-4565 CVE-2025-69224 CVE-2025-69225 CVE-2025-69230 CVE-2025-69223 CVE-2025-69228 CVE-2025-69227 CVE-2025-69229 CVE-2025-69226 CVE-2026-21226 CVE-2026-22796 CVE-2025-15467 CVE-2026-22795,High,SVD-2026-0306 | Splunk Vulnerability Disclosure,9.3.0 to 9.3.9,2026-03-11,2026-04-09,https://advisory.splunk.com/advisories/SVD-2026-0306
enterprise:9.3.8,enterprise,Splunk Enterprise,9.3.8,9003008000,9.3.10,9003010000,SVD-2026-0306,Multiple (41) CVE-2025-22868 CVE-2024-47081 CVE-2025-0913 CVE-2025-22871 CVE-2025-22874 CVE-2025-4673 CVE-2025-47906 CVE-2025-47907 CVE-2025-47912 CVE-2025-58183 CVE-2025-58185 CVE-2025-58186 CVE-2025-58187 CVE-2025-58188 CVE-2025-58189 CVE-2025-61723 CVE-2025-61724 CVE-2025-61725 CVE-2025-47913 CVE-2025-47914 CVE-2025-58181 CVE-2025-22870 CVE-2025-22872 CVE-2024-7246 CVE-2024-51744 CVE-2025-30204 CVE-2025-8556 CVE-2025-30153 CVE-2025-4565 CVE-2025-69224 CVE-2025-69225 CVE-2025-69230 CVE-2025-69223 CVE-2025-69228 CVE-2025-69227 CVE-2025-69229 CVE-2025-69226 CVE-2026-21226 CVE-2026-22796 CVE-2025-15467 CVE-2026-22795,High,SVD-2026-0306 | Splunk Vulnerability Disclosure,9.3.0 to 9.3.9,2026-03-11,2026-04-09,https://advisory.splunk.com/advisories/SVD-2026-0306
enterprise:9.3.9,enterprise,Splunk Enterprise,9.3.9,9003009000,9.3.10,9003010000,SVD-2026-0306,Multiple (41) CVE-2025-22868 CVE-2024-47081 CVE-2025-0913 CVE-2025-22871 CVE-2025-22874 CVE-2025-4673 CVE-2025-47906 CVE-2025-47907 CVE-2025-47912 CVE-2025-58183 CVE-2025-58185 CVE-2025-58186 CVE-2025-58187 CVE-2025-58188 CVE-2025-58189 CVE-2025-61723 CVE-2025-61724 CVE-2025-61725 CVE-2025-47913 CVE-2025-47914 CVE-2025-58181 CVE-2025-22870 CVE-2025-22872 CVE-2024-7246 CVE-2024-51744 CVE-2025-30204 CVE-2025-8556 CVE-2025-30153 CVE-2025-4565 CVE-2025-69224 CVE-2025-69225 CVE-2025-69230 CVE-2025-69223 CVE-2025-69228 CVE-2025-69227 CVE-2025-69229 CVE-2025-69226 CVE-2026-21226 CVE-2026-22796 CVE-2025-15467 CVE-2026-22795,High,SVD-2026-0306 | Splunk Vulnerability Disclosure,9.3.0 to 9.3.9,2026-03-11,2026-04-09,https://advisory.splunk.com/advisories/SVD-2026-0306
enterprise:10.0.0,enterprise,Splunk Enterprise,10.0.0,10000000000,10.0.3,10000003000,SVD-2026-0211,Multiple (20) CVE-2025-0913 CVE-2025-22871 CVE-2025-22874 CVE-2025-4673 CVE-2025-47906 CVE-2025-47907 CVE-2025-47912 CVE-2025-58183 CVE-2025-58185 CVE-2025-58186 CVE-2025-58187 CVE-2025-58188 CVE-2025-58189 CVE-2025-61723 CVE-2025-61724 CVE-2025-61725 CVE-2025-23166 CVE-2025-27210 CVE-2025-53643 CVE-2025-9230,Critical,SVD-2026-0211 | Splunk Vulnerability Disclosure,10.0.0 to 10.0.2,2026-02-18,2026-03-04,https://advisory.splunk.com/advisories/SVD-2026-0211
enterprise:10.0.1,enterprise,Splunk Enterprise,10.0.1,10000001000,10.0.3,10000003000,SVD-2026-0211,Multiple (20) CVE-2025-0913 CVE-2025-22871 CVE-2025-22874 CVE-2025-4673 CVE-2025-47906 CVE-2025-47907 CVE-2025-47912 CVE-2025-58183 CVE-2025-58185 CVE-2025-58186 CVE-2025-58187 CVE-2025-58188 CVE-2025-58189 CVE-2025-61723 CVE-2025-61724 CVE-2025-61725 CVE-2025-23166 CVE-2025-27210 CVE-2025-53643 CVE-2025-9230,Critical,SVD-2026-0211 | Splunk Vulnerability Disclosure,10.0.0 to 10.0.2,2026-02-18,2026-03-04,https://advisory.splunk.com/advisories/SVD-2026-0211
enterprise:10.0.2,enterprise,Splunk Enterprise,10.0.2,10000002000,10.0.3,10000003000,SVD-2026-0211,Multiple (20) CVE-2025-0913 CVE-2025-22871 CVE-2025-22874 CVE-2025-4673 CVE-2025-47906 CVE-2025-47907 CVE-2025-47912 CVE-2025-58183 CVE-2025-58185 CVE-2025-58186 CVE-2025-58187 CVE-2025-58188 CVE-2025-58189 CVE-2025-61723 CVE-2025-61724 CVE-2025-61725 CVE-2025-23166 CVE-2025-27210 CVE-2025-53643 CVE-2025-9230,Critical,SVD-2026-0211 | Splunk Vulnerability Disclosure,10.0.0 to 10.0.2,2026-02-18,2026-03-04,https://advisory.splunk.com/advisories/SVD-2026-0211
enterprise:9.4.0,enterprise,Splunk Enterprise,9.4.0,9004000000,9.4.8,9004008000,SVD-2026-0211,Multiple (20) CVE-2025-0913 CVE-2025-22871 CVE-2025-22874 CVE-2025-4673 CVE-2025-47906 CVE-2025-47907 CVE-2025-47912 CVE-2025-58183 CVE-2025-58185 CVE-2025-58186 CVE-2025-58187 CVE-2025-58188 CVE-2025-58189 CVE-2025-61723 CVE-2025-61724 CVE-2025-61725 CVE-2025-23166 CVE-2025-27210 CVE-2025-53643 CVE-2025-9230,Critical,SVD-2026-0211 | Splunk Vulnerability Disclosure,9.4.0 to 9.4.7,2026-02-18,2026-03-04,https://advisory.splunk.com/advisories/SVD-2026-0211
enterprise:9.4.1,enterprise,Splunk Enterprise,9.4.1,9004001000,9.4.8,9004008000,SVD-2026-0211,Multiple (20) CVE-2025-0913 CVE-2025-22871 CVE-2025-22874 CVE-2025-4673 CVE-2025-47906 CVE-2025-47907 CVE-2025-47912 CVE-2025-58183 CVE-2025-58185 CVE-2025-58186 CVE-2025-58187 CVE-2025-58188 CVE-2025-58189 CVE-2025-61723 CVE-2025-61724 CVE-2025-61725 CVE-2025-23166 CVE-2025-27210 CVE-2025-53643 CVE-2025-9230,Critical,SVD-2026-0211 | Splunk Vulnerability Disclosure,9.4.0 to 9.4.7,2026-02-18,2026-03-04,https://advisory.splunk.com/advisories/SVD-2026-0211
enterprise:9.4.2,enterprise,Splunk Enterprise,9.4.2,9004002000,9.4.8,9004008000,SVD-2026-0211,Multiple (20) CVE-2025-0913 CVE-2025-22871 CVE-2025-22874 CVE-2025-4673 CVE-2025-47906 CVE-2025-47907 CVE-2025-47912 CVE-2025-58183 CVE-2025-58185 CVE-2025-58186 CVE-2025-58187 CVE-2025-58188 CVE-2025-58189 CVE-2025-61723 CVE-2025-61724 CVE-2025-61725 CVE-2025-23166 CVE-2025-27210 CVE-2025-53643 CVE-2025-9230,Critical,SVD-2026-0211 | Splunk Vulnerability Disclosure,9.4.0 to 9.4.7,2026-02-18,2026-03-04,https://advisory.splunk.com/advisories/SVD-2026-0211
enterprise:9.4.3,enterprise,Splunk Enterprise,9.4.3,9004003000,9.4.8,9004008000,SVD-2026-0211,Multiple (20) CVE-2025-0913 CVE-2025-22871 CVE-2025-22874 CVE-2025-4673 CVE-2025-47906 CVE-2025-47907 CVE-2025-47912 CVE-2025-58183 CVE-2025-58185 CVE-2025-58186 CVE-2025-58187 CVE-2025-58188 CVE-2025-58189 CVE-2025-61723 CVE-2025-61724 CVE-2025-61725 CVE-2025-23166 CVE-2025-27210 CVE-2025-53643 CVE-2025-9230,Critical,SVD-2026-0211 | Splunk Vulnerability Disclosure,9.4.0 to 9.4.7,2026-02-18,2026-03-04,https://advisory.splunk.com/advisories/SVD-2026-0211
enterprise:9.4.4,enterprise,Splunk Enterprise,9.4.4,9004004000,9.4.8,9004008000,SVD-2026-0211,Multiple (20) CVE-2025-0913 CVE-2025-22871 CVE-2025-22874 CVE-2025-4673 CVE-2025-47906 CVE-2025-47907 CVE-2025-47912 CVE-2025-58183 CVE-2025-58185 CVE-2025-58186 CVE-2025-58187 CVE-2025-58188 CVE-2025-58189 CVE-2025-61723 CVE-2025-61724 CVE-2025-61725 CVE-2025-23166 CVE-2025-27210 CVE-2025-53643 CVE-2025-9230,Critical,SVD-2026-0211 | Splunk Vulnerability Disclosure,9.4.0 to 9.4.7,2026-02-18,2026-03-04,https://advisory.splunk.com/advisories/SVD-2026-0211
enterprise:9.4.5,enterprise,Splunk Enterprise,9.4.5,9004005000,9.4.8,9004008000,SVD-2026-0211,Multiple (20) CVE-2025-0913 CVE-2025-22871 CVE-2025-22874 CVE-2025-4673 CVE-2025-47906 CVE-2025-47907 CVE-2025-47912 CVE-2025-58183 CVE-2025-58185 CVE-2025-58186 CVE-2025-58187 CVE-2025-58188 CVE-2025-58189 CVE-2025-61723 CVE-2025-61724 CVE-2025-61725 CVE-2025-23166 CVE-2025-27210 CVE-2025-53643 CVE-2025-9230,Critical,SVD-2026-0211 | Splunk Vulnerability Disclosure,9.4.0 to 9.4.7,2026-02-18,2026-03-04,https://advisory.splunk.com/advisories/SVD-2026-0211
enterprise:9.4.6,enterprise,Splunk Enterprise,9.4.6,9004006000,9.4.8,9004008000,SVD-2026-0211,Multiple (20) CVE-2025-0913 CVE-2025-22871 CVE-2025-22874 CVE-2025-4673 CVE-2025-47906 CVE-2025-47907 CVE-2025-47912 CVE-2025-58183 CVE-2025-58185 CVE-2025-58186 CVE-2025-58187 CVE-2025-58188 CVE-2025-58189 CVE-2025-61723 CVE-2025-61724 CVE-2025-61725 CVE-2025-23166 CVE-2025-27210 CVE-2025-53643 CVE-2025-9230,Critical,SVD-2026-0211 | Splunk Vulnerability Disclosure,9.4.0 to 9.4.7,2026-02-18,2026-03-04,https://advisory.splunk.com/advisories/SVD-2026-0211
enterprise:9.4.7,enterprise,Splunk Enterprise,9.4.7,9004007000,9.4.8,9004008000,SVD-2026-0211,Multiple (20) CVE-2025-0913 CVE-2025-22871 CVE-2025-22874 CVE-2025-4673 CVE-2025-47906 CVE-2025-47907 CVE-2025-47912 CVE-2025-58183 CVE-2025-58185 CVE-2025-58186 CVE-2025-58187 CVE-2025-58188 CVE-2025-58189 CVE-2025-61723 CVE-2025-61724 CVE-2025-61725 CVE-2025-23166 CVE-2025-27210 CVE-2025-53643 CVE-2025-9230,Critical,SVD-2026-0211 | Splunk Vulnerability Disclosure,9.4.0 to 9.4.7,2026-02-18,2026-03-04,https://advisory.splunk.com/advisories/SVD-2026-0211
enterprise:9.3.0,enterprise,Splunk Enterprise,9.3.0,9003000000,9.3.9,9003009000,SVD-2026-0211,Multiple (20) CVE-2025-0913 CVE-2025-22871 CVE-2025-22874 CVE-2025-4673 CVE-2025-47906 CVE-2025-47907 CVE-2025-47912 CVE-2025-58183 CVE-2025-58185 CVE-2025-58186 CVE-2025-58187 CVE-2025-58188 CVE-2025-58189 CVE-2025-61723 CVE-2025-61724 CVE-2025-61725 CVE-2025-23166 CVE-2025-27210 CVE-2025-53643 CVE-2025-9230,Critical,SVD-2026-0211 | Splunk Vulnerability Disclosure,9.3.0 to 9.3.8,2026-02-18,2026-03-04,https://advisory.splunk.com/advisories/SVD-2026-0211
enterprise:9.3.1,enterprise,Splunk Enterprise,9.3.1,9003001000,9.3.9,9003009000,SVD-2026-0211,Multiple (20) CVE-2025-0913 CVE-2025-22871 CVE-2025-22874 CVE-2025-4673 CVE-2025-47906 CVE-2025-47907 CVE-2025-47912 CVE-2025-58183 CVE-2025-58185 CVE-2025-58186 CVE-2025-58187 CVE-2025-58188 CVE-2025-58189 CVE-2025-61723 CVE-2025-61724 CVE-2025-61725 CVE-2025-23166 CVE-2025-27210 CVE-2025-53643 CVE-2025-9230,Critical,SVD-2026-0211 | Splunk Vulnerability Disclosure,9.3.0 to 9.3.8,2026-02-18,2026-03-04,https://advisory.splunk.com/advisories/SVD-2026-0211
enterprise:9.3.2,enterprise,Splunk Enterprise,9.3.2,9003002000,9.3.9,9003009000,SVD-2026-0211,Multiple (20) CVE-2025-0913 CVE-2025-22871 CVE-2025-22874 CVE-2025-4673 CVE-2025-47906 CVE-2025-47907 CVE-2025-47912 CVE-2025-58183 CVE-2025-58185 CVE-2025-58186 CVE-2025-58187 CVE-2025-58188 CVE-2025-58189 CVE-2025-61723 CVE-2025-61724 CVE-2025-61725 CVE-2025-23166 CVE-2025-27210 CVE-2025-53643 CVE-2025-9230,Critical,SVD-2026-0211 | Splunk Vulnerability Disclosure,9.3.0 to 9.3.8,2026-02-18,2026-03-04,https://advisory.splunk.com/advisories/SVD-2026-0211
enterprise:9.3.3,enterprise,Splunk Enterprise,9.3.3,9003003000,9.3.9,9003009000,SVD-2026-0211,Multiple (20) CVE-2025-0913 CVE-2025-22871 CVE-2025-22874 CVE-2025-4673 CVE-2025-47906 CVE-2025-47907 CVE-2025-47912 CVE-2025-58183 CVE-2025-58185 CVE-2025-58186 CVE-2025-58187 CVE-2025-58188 CVE-2025-58189 CVE-2025-61723 CVE-2025-61724 CVE-2025-61725 CVE-2025-23166 CVE-2025-27210 CVE-2025-53643 CVE-2025-9230,Critical,SVD-2026-0211 | Splunk Vulnerability Disclosure,9.3.0 to 9.3.8,2026-02-18,2026-03-04,https://advisory.splunk.com/advisories/SVD-2026-0211
enterprise:9.3.4,enterprise,Splunk Enterprise,9.3.4,9003004000,9.3.9,9003009000,SVD-2026-0211,Multiple (20) CVE-2025-0913 CVE-2025-22871 CVE-2025-22874 CVE-2025-4673 CVE-2025-47906 CVE-2025-47907 CVE-2025-47912 CVE-2025-58183 CVE-2025-58185 CVE-2025-58186 CVE-2025-58187 CVE-2025-58188 CVE-2025-58189 CVE-2025-61723 CVE-2025-61724 CVE-2025-61725 CVE-2025-23166 CVE-2025-27210 CVE-2025-53643 CVE-2025-9230,Critical,SVD-2026-0211 | Splunk Vulnerability Disclosure,9.3.0 to 9.3.8,2026-02-18,2026-03-04,https://advisory.splunk.com/advisories/SVD-2026-0211
enterprise:9.3.5,enterprise,Splunk Enterprise,9.3.5,9003005000,9.3.9,9003009000,SVD-2026-0211,Multiple (20) CVE-2025-0913 CVE-2025-22871 CVE-2025-22874 CVE-2025-4673 CVE-2025-47906 CVE-2025-47907 CVE-2025-47912 CVE-2025-58183 CVE-2025-58185 CVE-2025-58186 CVE-2025-58187 CVE-2025-58188 CVE-2025-58189 CVE-2025-61723 CVE-2025-61724 CVE-2025-61725 CVE-2025-23166 CVE-2025-27210 CVE-2025-53643 CVE-2025-9230,Critical,SVD-2026-0211 | Splunk Vulnerability Disclosure,9.3.0 to 9.3.8,2026-02-18,2026-03-04,https://advisory.splunk.com/advisories/SVD-2026-0211
enterprise:9.3.6,enterprise,Splunk Enterprise,9.3.6,9003006000,9.3.9,9003009000,SVD-2026-0211,Multiple (20) CVE-2025-0913 CVE-2025-22871 CVE-2025-22874 CVE-2025-4673 CVE-2025-47906 CVE-2025-47907 CVE-2025-47912 CVE-2025-58183 CVE-2025-58185 CVE-2025-58186 CVE-2025-58187 CVE-2025-58188 CVE-2025-58189 CVE-2025-61723 CVE-2025-61724 CVE-2025-61725 CVE-2025-23166 CVE-2025-27210 CVE-2025-53643 CVE-2025-9230,Critical,SVD-2026-0211 | Splunk Vulnerability Disclosure,9.3.0 to 9.3.8,2026-02-18,2026-03-04,https://advisory.splunk.com/advisories/SVD-2026-0211
enterprise:9.3.7,enterprise,Splunk Enterprise,9.3.7,9003007000,9.3.9,9003009000,SVD-2026-0211,Multiple (20) CVE-2025-0913 CVE-2025-22871 CVE-2025-22874 CVE-2025-4673 CVE-2025-47906 CVE-2025-47907 CVE-2025-47912 CVE-2025-58183 CVE-2025-58185 CVE-2025-58186 CVE-2025-58187 CVE-2025-58188 CVE-2025-58189 CVE-2025-61723 CVE-2025-61724 CVE-2025-61725 CVE-2025-23166 CVE-2025-27210 CVE-2025-53643 CVE-2025-9230,Critical,SVD-2026-0211 | Splunk Vulnerability Disclosure,9.3.0 to 9.3.8,2026-02-18,2026-03-04,https://advisory.splunk.com/advisories/SVD-2026-0211
enterprise:9.3.8,enterprise,Splunk Enterprise,9.3.8,9003008000,9.3.9,9003009000,SVD-2026-0211,Multiple (20) CVE-2025-0913 CVE-2025-22871 CVE-2025-22874 CVE-2025-4673 CVE-2025-47906 CVE-2025-47907 CVE-2025-47912 CVE-2025-58183 CVE-2025-58185 CVE-2025-58186 CVE-2025-58187 CVE-2025-58188 CVE-2025-58189 CVE-2025-61723 CVE-2025-61724 CVE-2025-61725 CVE-2025-23166 CVE-2025-27210 CVE-2025-53643 CVE-2025-9230,Critical,SVD-2026-0211 | Splunk Vulnerability Disclosure,9.3.0 to 9.3.8,2026-02-18,2026-03-04,https://advisory.splunk.com/advisories/SVD-2026-0211
enterprise:9.2.0,enterprise,Splunk Enterprise,9.2.0,9002000000,9.2.12,9002012000,SVD-2026-0211,Multiple (20) CVE-2025-0913 CVE-2025-22871 CVE-2025-22874 CVE-2025-4673 CVE-2025-47906 CVE-2025-47907 CVE-2025-47912 CVE-2025-58183 CVE-2025-58185 CVE-2025-58186 CVE-2025-58187 CVE-2025-58188 CVE-2025-58189 CVE-2025-61723 CVE-2025-61724 CVE-2025-61725 CVE-2025-23166 CVE-2025-27210 CVE-2025-53643 CVE-2025-9230,Critical,SVD-2026-0211 | Splunk Vulnerability Disclosure,9.2.0 to 9.2.11,2026-02-18,2026-03-04,https://advisory.splunk.com/advisories/SVD-2026-0211
enterprise:9.2.1,enterprise,Splunk Enterprise,9.2.1,9002001000,9.2.12,9002012000,SVD-2026-0211,Multiple (20) CVE-2025-0913 CVE-2025-22871 CVE-2025-22874 CVE-2025-4673 CVE-2025-47906 CVE-2025-47907 CVE-2025-47912 CVE-2025-58183 CVE-2025-58185 CVE-2025-58186 CVE-2025-58187 CVE-2025-58188 CVE-2025-58189 CVE-2025-61723 CVE-2025-61724 CVE-2025-61725 CVE-2025-23166 CVE-2025-27210 CVE-2025-53643 CVE-2025-9230,Critical,SVD-2026-0211 | Splunk Vulnerability Disclosure,9.2.0 to 9.2.11,2026-02-18,2026-03-04,https://advisory.splunk.com/advisories/SVD-2026-0211
enterprise:9.2.2,enterprise,Splunk Enterprise,9.2.2,9002002000,9.2.12,9002012000,SVD-2026-0211,Multiple (20) CVE-2025-0913 CVE-2025-22871 CVE-2025-22874 CVE-2025-4673 CVE-2025-47906 CVE-2025-47907 CVE-2025-47912 CVE-2025-58183 CVE-2025-58185 CVE-2025-58186 CVE-2025-58187 CVE-2025-58188 CVE-2025-58189 CVE-2025-61723 CVE-2025-61724 CVE-2025-61725 CVE-2025-23166 CVE-2025-27210 CVE-2025-53643 CVE-2025-9230,Critical,SVD-2026-0211 | Splunk Vulnerability Disclosure,9.2.0 to 9.2.11,2026-02-18,2026-03-04,https://advisory.splunk.com/advisories/SVD-2026-0211
enterprise:9.2.3,enterprise,Splunk Enterprise,9.2.3,9002003000,9.2.12,9002012000,SVD-2026-0211,Multiple (20) CVE-2025-0913 CVE-2025-22871 CVE-2025-22874 CVE-2025-4673 CVE-2025-47906 CVE-2025-47907 CVE-2025-47912 CVE-2025-58183 CVE-2025-58185 CVE-2025-58186 CVE-2025-58187 CVE-2025-58188 CVE-2025-58189 CVE-2025-61723 CVE-2025-61724 CVE-2025-61725 CVE-2025-23166 CVE-2025-27210 CVE-2025-53643 CVE-2025-9230,Critical,SVD-2026-0211 | Splunk Vulnerability Disclosure,9.2.0 to 9.2.11,2026-02-18,2026-03-04,https://advisory.splunk.com/advisories/SVD-2026-0211
enterprise:9.2.4,enterprise,Splunk Enterprise,9.2.4,9002004000,9.2.12,9002012000,SVD-2026-0211,Multiple (20) CVE-2025-0913 CVE-2025-22871 CVE-2025-22874 CVE-2025-4673 CVE-2025-47906 CVE-2025-47907 CVE-2025-47912 CVE-2025-58183 CVE-2025-58185 CVE-2025-58186 CVE-2025-58187 CVE-2025-58188 CVE-2025-58189 CVE-2025-61723 CVE-2025-61724 CVE-2025-61725 CVE-2025-23166 CVE-2025-27210 CVE-2025-53643 CVE-2025-9230,Critical,SVD-2026-0211 | Splunk Vulnerability Disclosure,9.2.0 to 9.2.11,2026-02-18,2026-03-04,https://advisory.splunk.com/advisories/SVD-2026-0211
enterprise:9.2.5,enterprise,Splunk Enterprise,9.2.5,9002005000,9.2.12,9002012000,SVD-2026-0211,Multiple (20) CVE-2025-0913 CVE-2025-22871 CVE-2025-22874 CVE-2025-4673 CVE-2025-47906 CVE-2025-47907 CVE-2025-47912 CVE-2025-58183 CVE-2025-58185 CVE-2025-58186 CVE-2025-58187 CVE-2025-58188 CVE-2025-58189 CVE-2025-61723 CVE-2025-61724 CVE-2025-61725 CVE-2025-23166 CVE-2025-27210 CVE-2025-53643 CVE-2025-9230,Critical,SVD-2026-0211 | Splunk Vulnerability Disclosure,9.2.0 to 9.2.11,2026-02-18,2026-03-04,https://advisory.splunk.com/advisories/SVD-2026-0211
enterprise:9.2.6,enterprise,Splunk Enterprise,9.2.6,9002006000,9.2.12,9002012000,SVD-2026-0211,Multiple (20) CVE-2025-0913 CVE-2025-22871 CVE-2025-22874 CVE-2025-4673 CVE-2025-47906 CVE-2025-47907 CVE-2025-47912 CVE-2025-58183 CVE-2025-58185 CVE-2025-58186 CVE-2025-58187 CVE-2025-58188 CVE-2025-58189 CVE-2025-61723 CVE-2025-61724 CVE-2025-61725 CVE-2025-23166 CVE-2025-27210 CVE-2025-53643 CVE-2025-9230,Critical,SVD-2026-0211 | Splunk Vulnerability Disclosure,9.2.0 to 9.2.11,2026-02-18,2026-03-04,https://advisory.splunk.com/advisories/SVD-2026-0211
enterprise:9.2.7,enterprise,Splunk Enterprise,9.2.7,9002007000,9.2.12,9002012000,SVD-2026-0211,Multiple (20) CVE-2025-0913 CVE-2025-22871 CVE-2025-22874 CVE-2025-4673 CVE-2025-47906 CVE-2025-47907 CVE-2025-47912 CVE-2025-58183 CVE-2025-58185 CVE-2025-58186 CVE-2025-58187 CVE-2025-58188 CVE-2025-58189 CVE-2025-61723 CVE-2025-61724 CVE-2025-61725 CVE-2025-23166 CVE-2025-27210 CVE-2025-53643 CVE-2025-9230,Critical,SVD-2026-0211 | Splunk Vulnerability Disclosure,9.2.0 to 9.2.11,2026-02-18,2026-03-04,https://advisory.splunk.com/advisories/SVD-2026-0211
enterprise:9.2.8,enterprise,Splunk Enterprise,9.2.8,9002008000,9.2.12,9002012000,SVD-2026-0211,Multiple (20) CVE-2025-0913 CVE-2025-22871 CVE-2025-22874 CVE-2025-4673 CVE-2025-47906 CVE-2025-47907 CVE-2025-47912 CVE-2025-58183 CVE-2025-58185 CVE-2025-58186 CVE-2025-58187 CVE-2025-58188 CVE-2025-58189 CVE-2025-61723 CVE-2025-61724 CVE-2025-61725 CVE-2025-23166 CVE-2025-27210 CVE-2025-53643 CVE-2025-9230,Critical,SVD-2026-0211 | Splunk Vulnerability Disclosure,9.2.0 to 9.2.11,2026-02-18,2026-03-04,https://advisory.splunk.com/advisories/SVD-2026-0211
enterprise:9.2.9,enterprise,Splunk Enterprise,9.2.9,9002009000,9.2.12,9002012000,SVD-2026-0211,Multiple (20) CVE-2025-0913 CVE-2025-22871 CVE-2025-22874 CVE-2025-4673 CVE-2025-47906 CVE-2025-47907 CVE-2025-47912 CVE-2025-58183 CVE-2025-58185 CVE-2025-58186 CVE-2025-58187 CVE-2025-58188 CVE-2025-58189 CVE-2025-61723 CVE-2025-61724 CVE-2025-61725 CVE-2025-23166 CVE-2025-27210 CVE-2025-53643 CVE-2025-9230,Critical,SVD-2026-0211 | Splunk Vulnerability Disclosure,9.2.0 to 9.2.11,2026-02-18,2026-03-04,https://advisory.splunk.com/advisories/SVD-2026-0211
enterprise:9.2.10,enterprise,Splunk Enterprise,9.2.10,9002010000,9.2.12,9002012000,SVD-2026-0211,Multiple (20) CVE-2025-0913 CVE-2025-22871 CVE-2025-22874 CVE-2025-4673 CVE-2025-47906 CVE-2025-47907 CVE-2025-47912 CVE-2025-58183 CVE-2025-58185 CVE-2025-58186 CVE-2025-58187 CVE-2025-58188 CVE-2025-58189 CVE-2025-61723 CVE-2025-61724 CVE-2025-61725 CVE-2025-23166 CVE-2025-27210 CVE-2025-53643 CVE-2025-9230,Critical,SVD-2026-0211 | Splunk Vulnerability Disclosure,9.2.0 to 9.2.11,2026-02-18,2026-03-04,https://advisory.splunk.com/advisories/SVD-2026-0211
enterprise:9.2.11,enterprise,Splunk Enterprise,9.2.11,9002011000,9.2.12,9002012000,SVD-2026-0211,Multiple (20) CVE-2025-0913 CVE-2025-22871 CVE-2025-22874 CVE-2025-4673 CVE-2025-47906 CVE-2025-47907 CVE-2025-47912 CVE-2025-58183 CVE-2025-58185 CVE-2025-58186 CVE-2025-58187 CVE-2025-58188 CVE-2025-58189 CVE-2025-61723 CVE-2025-61724 CVE-2025-61725 CVE-2025-23166 CVE-2025-27210 CVE-2025-53643 CVE-2025-9230,Critical,SVD-2026-0211 | Splunk Vulnerability Disclosure,9.2.0 to 9.2.11,2026-02-18,2026-03-04,https://advisory.splunk.com/advisories/SVD-2026-0211
forwarder:10.0.0,forwarder,Splunk Universal Forwarder,10.0.0,10000000000,10.0.3,10000003000,SVD-2026-0210,CVE-2025-9230,Medium,SVD-2026-0210 | Splunk Vulnerability Disclosure,10.0.0 to 10.0.2,2026-02-18,2026-03-30,https://advisory.splunk.com/advisories/SVD-2026-0210
forwarder:10.0.1,forwarder,Splunk Universal Forwarder,10.0.1,10000001000,10.0.3,10000003000,SVD-2026-0210,CVE-2025-9230,Medium,SVD-2026-0210 | Splunk Vulnerability Disclosure,10.0.0 to 10.0.2,2026-02-18,2026-03-30,https://advisory.splunk.com/advisories/SVD-2026-0210
forwarder:10.0.2,forwarder,Splunk Universal Forwarder,10.0.2,10000002000,10.0.3,10000003000,SVD-2026-0210,CVE-2025-9230,Medium,SVD-2026-0210 | Splunk Vulnerability Disclosure,10.0.0 to 10.0.2,2026-02-18,2026-03-30,https://advisory.splunk.com/advisories/SVD-2026-0210
forwarder:9.4.0,forwarder,Splunk Universal Forwarder,9.4.0,9004000000,9.4.7,9004007000,SVD-2026-0210,CVE-2025-9230,Medium,SVD-2026-0210 | Splunk Vulnerability Disclosure,9.4.0 to 9.4.6,2026-02-18,2026-03-30,https://advisory.splunk.com/advisories/SVD-2026-0210
forwarder:9.4.1,forwarder,Splunk Universal Forwarder,9.4.1,9004001000,9.4.7,9004007000,SVD-2026-0210,CVE-2025-9230,Medium,SVD-2026-0210 | Splunk Vulnerability Disclosure,9.4.0 to 9.4.6,2026-02-18,2026-03-30,https://advisory.splunk.com/advisories/SVD-2026-0210
forwarder:9.4.2,forwarder,Splunk Universal Forwarder,9.4.2,9004002000,9.4.7,9004007000,SVD-2026-0210,CVE-2025-9230,Medium,SVD-2026-0210 | Splunk Vulnerability Disclosure,9.4.0 to 9.4.6,2026-02-18,2026-03-30,https://advisory.splunk.com/advisories/SVD-2026-0210
forwarder:9.4.3,forwarder,Splunk Universal Forwarder,9.4.3,9004003000,9.4.7,9004007000,SVD-2026-0210,CVE-2025-9230,Medium,SVD-2026-0210 | Splunk Vulnerability Disclosure,9.4.0 to 9.4.6,2026-02-18,2026-03-30,https://advisory.splunk.com/advisories/SVD-2026-0210
forwarder:9.4.4,forwarder,Splunk Universal Forwarder,9.4.4,9004004000,9.4.7,9004007000,SVD-2026-0210,CVE-2025-9230,Medium,SVD-2026-0210 | Splunk Vulnerability Disclosure,9.4.0 to 9.4.6,2026-02-18,2026-03-30,https://advisory.splunk.com/advisories/SVD-2026-0210
forwarder:9.4.5,forwarder,Splunk Universal Forwarder,9.4.5,9004005000,9.4.7,9004007000,SVD-2026-0210,CVE-2025-9230,Medium,SVD-2026-0210 | Splunk Vulnerability Disclosure,9.4.0 to 9.4.6,2026-02-18,2026-03-30,https://advisory.splunk.com/advisories/SVD-2026-0210
forwarder:9.4.6,forwarder,Splunk Universal Forwarder,9.4.6,9004006000,9.4.7,9004007000,SVD-2026-0210,CVE-2025-9230,Medium,SVD-2026-0210 | Splunk Vulnerability Disclosure,9.4.0 to 9.4.6,2026-02-18,2026-03-30,https://advisory.splunk.com/advisories/SVD-2026-0210
forwarder:9.3.0,forwarder,Splunk Universal Forwarder,9.3.0,9003000000,9.3.9,9003009000,SVD-2026-0210,CVE-2025-9230,Medium,SVD-2026-0210 | Splunk Vulnerability Disclosure,9.3.0 to 9.3.8,2026-02-18,2026-03-30,https://advisory.splunk.com/advisories/SVD-2026-0210
forwarder:9.3.1,forwarder,Splunk Universal Forwarder,9.3.1,9003001000,9.3.9,9003009000,SVD-2026-0210,CVE-2025-9230,Medium,SVD-2026-0210 | Splunk Vulnerability Disclosure,9.3.0 to 9.3.8,2026-02-18,2026-03-30,https://advisory.splunk.com/advisories/SVD-2026-0210
forwarder:9.3.2,forwarder,Splunk Universal Forwarder,9.3.2,9003002000,9.3.9,9003009000,SVD-2026-0210,CVE-2025-9230,Medium,SVD-2026-0210 | Splunk Vulnerability Disclosure,9.3.0 to 9.3.8,2026-02-18,2026-03-30,https://advisory.splunk.com/advisories/SVD-2026-0210
forwarder:9.3.3,forwarder,Splunk Universal Forwarder,9.3.3,9003003000,9.3.9,9003009000,SVD-2026-0210,CVE-2025-9230,Medium,SVD-2026-0210 | Splunk Vulnerability Disclosure,9.3.0 to 9.3.8,2026-02-18,2026-03-30,https://advisory.splunk.com/advisories/SVD-2026-0210
forwarder:9.3.4,forwarder,Splunk Universal Forwarder,9.3.4,9003004000,9.3.9,9003009000,SVD-2026-0210,CVE-2025-9230,Medium,SVD-2026-0210 | Splunk Vulnerability Disclosure,9.3.0 to 9.3.8,2026-02-18,2026-03-30,https://advisory.splunk.com/advisories/SVD-2026-0210
forwarder:9.3.5,forwarder,Splunk Universal Forwarder,9.3.5,9003005000,9.3.9,9003009000,SVD-2026-0210,CVE-2025-9230,Medium,SVD-2026-0210 | Splunk Vulnerability Disclosure,9.3.0 to 9.3.8,2026-02-18,2026-03-30,https://advisory.splunk.com/advisories/SVD-2026-0210
forwarder:9.3.6,forwarder,Splunk Universal Forwarder,9.3.6,9003006000,9.3.9,9003009000,SVD-2026-0210,CVE-2025-9230,Medium,SVD-2026-0210 | Splunk Vulnerability Disclosure,9.3.0 to 9.3.8,2026-02-18,2026-03-30,https://advisory.splunk.com/advisories/SVD-2026-0210
forwarder:9.3.7,forwarder,Splunk Universal Forwarder,9.3.7,9003007000,9.3.9,9003009000,SVD-2026-0210,CVE-2025-9230,Medium,SVD-2026-0210 | Splunk Vulnerability Disclosure,9.3.0 to 9.3.8,2026-02-18,2026-03-30,https://advisory.splunk.com/advisories/SVD-2026-0210
forwarder:9.3.8,forwarder,Splunk Universal Forwarder,9.3.8,9003008000,9.3.9,9003009000,SVD-2026-0210,CVE-2025-9230,Medium,SVD-2026-0210 | Splunk Vulnerability Disclosure,9.3.0 to 9.3.8,2026-02-18,2026-03-30,https://advisory.splunk.com/advisories/SVD-2026-0210
forwarder:9.2.0,forwarder,Splunk Universal Forwarder,9.2.0,9002000000,9.2.12,9002012000,SVD-2026-0210,CVE-2025-9230,Medium,SVD-2026-0210 | Splunk Vulnerability Disclosure,9.2.0 to 9.2.11,2026-02-18,2026-03-30,https://advisory.splunk.com/advisories/SVD-2026-0210
forwarder:9.2.1,forwarder,Splunk Universal Forwarder,9.2.1,9002001000,9.2.12,9002012000,SVD-2026-0210,CVE-2025-9230,Medium,SVD-2026-0210 | Splunk Vulnerability Disclosure,9.2.0 to 9.2.11,2026-02-18,2026-03-30,https://advisory.splunk.com/advisories/SVD-2026-0210
forwarder:9.2.2,forwarder,Splunk Universal Forwarder,9.2.2,9002002000,9.2.12,9002012000,SVD-2026-0210,CVE-2025-9230,Medium,SVD-2026-0210 | Splunk Vulnerability Disclosure,9.2.0 to 9.2.11,2026-02-18,2026-03-30,https://advisory.splunk.com/advisories/SVD-2026-0210
forwarder:9.2.3,forwarder,Splunk Universal Forwarder,9.2.3,9002003000,9.2.12,9002012000,SVD-2026-0210,CVE-2025-9230,Medium,SVD-2026-0210 | Splunk Vulnerability Disclosure,9.2.0 to 9.2.11,2026-02-18,2026-03-30,https://advisory.splunk.com/advisories/SVD-2026-0210
forwarder:9.2.4,forwarder,Splunk Universal Forwarder,9.2.4,9002004000,9.2.12,9002012000,SVD-2026-0210,CVE-2025-9230,Medium,SVD-2026-0210 | Splunk Vulnerability Disclosure,9.2.0 to 9.2.11,2026-02-18,2026-03-30,https://advisory.splunk.com/advisories/SVD-2026-0210
forwarder:9.2.5,forwarder,Splunk Universal Forwarder,9.2.5,9002005000,9.2.12,9002012000,SVD-2026-0210,CVE-2025-9230,Medium,SVD-2026-0210 | Splunk Vulnerability Disclosure,9.2.0 to 9.2.11,2026-02-18,2026-03-30,https://advisory.splunk.com/advisories/SVD-2026-0210
forwarder:9.2.6,forwarder,Splunk Universal Forwarder,9.2.6,9002006000,9.2.12,9002012000,SVD-2026-0210,CVE-2025-9230,Medium,SVD-2026-0210 | Splunk Vulnerability Disclosure,9.2.0 to 9.2.11,2026-02-18,2026-03-30,https://advisory.splunk.com/advisories/SVD-2026-0210
forwarder:9.2.7,forwarder,Splunk Universal Forwarder,9.2.7,9002007000,9.2.12,9002012000,SVD-2026-0210,CVE-2025-9230,Medium,SVD-2026-0210 | Splunk Vulnerability Disclosure,9.2.0 to 9.2.11,2026-02-18,2026-03-30,https://advisory.splunk.com/advisories/SVD-2026-0210
forwarder:9.2.8,forwarder,Splunk Universal Forwarder,9.2.8,9002008000,9.2.12,9002012000,SVD-2026-0210,CVE-2025-9230,Medium,SVD-2026-0210 | Splunk Vulnerability Disclosure,9.2.0 to 9.2.11,2026-02-18,2026-03-30,https://advisory.splunk.com/advisories/SVD-2026-0210
forwarder:9.2.9,forwarder,Splunk Universal Forwarder,9.2.9,9002009000,9.2.12,9002012000,SVD-2026-0210,CVE-2025-9230,Medium,SVD-2026-0210 | Splunk Vulnerability Disclosure,9.2.0 to 9.2.11,2026-02-18,2026-03-30,https://advisory.splunk.com/advisories/SVD-2026-0210
forwarder:9.2.10,forwarder,Splunk Universal Forwarder,9.2.10,9002010000,9.2.12,9002012000,SVD-2026-0210,CVE-2025-9230,Medium,SVD-2026-0210 | Splunk Vulnerability Disclosure,9.2.0 to 9.2.11,2026-02-18,2026-03-30,https://advisory.splunk.com/advisories/SVD-2026-0210
forwarder:9.2.11,forwarder,Splunk Universal Forwarder,9.2.11,9002011000,9.2.12,9002012000,SVD-2026-0210,CVE-2025-9230,Medium,SVD-2026-0210 | Splunk Vulnerability Disclosure,9.2.0 to 9.2.11,2026-02-18,2026-03-30,https://advisory.splunk.com/advisories/SVD-2026-0210
enterprise:10.0.0,enterprise,Splunk Enterprise,10.0.0,10000000000,10.0.3,10000003000,SVD-2026-0208,CVE-2026-20143,High,SVD-2026-0208 | Splunk Vulnerability Disclosure,10.0.0 to 10.0.2,2026-02-18,2026-02-18,https://advisory.splunk.com/advisories/SVD-2026-0208
enterprise:10.0.1,enterprise,Splunk Enterprise,10.0.1,10000001000,10.0.3,10000003000,SVD-2026-0208,CVE-2026-20143,High,SVD-2026-0208 | Splunk Vulnerability Disclosure,10.0.0 to 10.0.2,2026-02-18,2026-02-18,https://advisory.splunk.com/advisories/SVD-2026-0208
enterprise:10.0.2,enterprise,Splunk Enterprise,10.0.2,10000002000,10.0.3,10000003000,SVD-2026-0208,CVE-2026-20143,High,SVD-2026-0208 | Splunk Vulnerability Disclosure,10.0.0 to 10.0.2,2026-02-18,2026-02-18,https://advisory.splunk.com/advisories/SVD-2026-0208
enterprise:9.4.0,enterprise,Splunk Enterprise,9.4.0,9004000000,9.4.8,9004008000,SVD-2026-0208,CVE-2026-20143,High,SVD-2026-0208 | Splunk Vulnerability Disclosure,9.4.0 to 9.4.7,2026-02-18,2026-02-18,https://advisory.splunk.com/advisories/SVD-2026-0208
enterprise:9.4.1,enterprise,Splunk Enterprise,9.4.1,9004001000,9.4.8,9004008000,SVD-2026-0208,CVE-2026-20143,High,SVD-2026-0208 | Splunk Vulnerability Disclosure,9.4.0 to 9.4.7,2026-02-18,2026-02-18,https://advisory.splunk.com/advisories/SVD-2026-0208
enterprise:9.4.2,enterprise,Splunk Enterprise,9.4.2,9004002000,9.4.8,9004008000,SVD-2026-0208,CVE-2026-20143,High,SVD-2026-0208 | Splunk Vulnerability Disclosure,9.4.0 to 9.4.7,2026-02-18,2026-02-18,https://advisory.splunk.com/advisories/SVD-2026-0208
enterprise:9.4.3,enterprise,Splunk Enterprise,9.4.3,9004003000,9.4.8,9004008000,SVD-2026-0208,CVE-2026-20143,High,SVD-2026-0208 | Splunk Vulnerability Disclosure,9.4.0 to 9.4.7,2026-02-18,2026-02-18,https://advisory.splunk.com/advisories/SVD-2026-0208
enterprise:9.4.4,enterprise,Splunk Enterprise,9.4.4,9004004000,9.4.8,9004008000,SVD-2026-0208,CVE-2026-20143,High,SVD-2026-0208 | Splunk Vulnerability Disclosure,9.4.0 to 9.4.7,2026-02-18,2026-02-18,https://advisory.splunk.com/advisories/SVD-2026-0208
enterprise:9.4.5,enterprise,Splunk Enterprise,9.4.5,9004005000,9.4.8,9004008000,SVD-2026-0208,CVE-2026-20143,High,SVD-2026-0208 | Splunk Vulnerability Disclosure,9.4.0 to 9.4.7,2026-02-18,2026-02-18,https://advisory.splunk.com/advisories/SVD-2026-0208
enterprise:9.4.6,enterprise,Splunk Enterprise,9.4.6,9004006000,9.4.8,9004008000,SVD-2026-0208,CVE-2026-20143,High,SVD-2026-0208 | Splunk Vulnerability Disclosure,9.4.0 to 9.4.7,2026-02-18,2026-02-18,https://advisory.splunk.com/advisories/SVD-2026-0208
enterprise:9.4.7,enterprise,Splunk Enterprise,9.4.7,9004007000,9.4.8,9004008000,SVD-2026-0208,CVE-2026-20143,High,SVD-2026-0208 | Splunk Vulnerability Disclosure,9.4.0 to 9.4.7,2026-02-18,2026-02-18,https://advisory.splunk.com/advisories/SVD-2026-0208
enterprise:9.3.0,enterprise,Splunk Enterprise,9.3.0,9003000000,9.3.9,9003009000,SVD-2026-0208,CVE-2026-20143,High,SVD-2026-0208 | Splunk Vulnerability Disclosure,9.3.0 to 9.3.8,2026-02-18,2026-02-18,https://advisory.splunk.com/advisories/SVD-2026-0208
enterprise:9.3.1,enterprise,Splunk Enterprise,9.3.1,9003001000,9.3.9,9003009000,SVD-2026-0208,CVE-2026-20143,High,SVD-2026-0208 | Splunk Vulnerability Disclosure,9.3.0 to 9.3.8,2026-02-18,2026-02-18,https://advisory.splunk.com/advisories/SVD-2026-0208
enterprise:9.3.2,enterprise,Splunk Enterprise,9.3.2,9003002000,9.3.9,9003009000,SVD-2026-0208,CVE-2026-20143,High,SVD-2026-0208 | Splunk Vulnerability Disclosure,9.3.0 to 9.3.8,2026-02-18,2026-02-18,https://advisory.splunk.com/advisories/SVD-2026-0208
enterprise:9.3.3,enterprise,Splunk Enterprise,9.3.3,9003003000,9.3.9,9003009000,SVD-2026-0208,CVE-2026-20143,High,SVD-2026-0208 | Splunk Vulnerability Disclosure,9.3.0 to 9.3.8,2026-02-18,2026-02-18,https://advisory.splunk.com/advisories/SVD-2026-0208
enterprise:9.3.4,enterprise,Splunk Enterprise,9.3.4,9003004000,9.3.9,9003009000,SVD-2026-0208,CVE-2026-20143,High,SVD-2026-0208 | Splunk Vulnerability Disclosure,9.3.0 to 9.3.8,2026-02-18,2026-02-18,https://advisory.splunk.com/advisories/SVD-2026-0208
enterprise:9.3.5,enterprise,Splunk Enterprise,9.3.5,9003005000,9.3.9,9003009000,SVD-2026-0208,CVE-2026-20143,High,SVD-2026-0208 | Splunk Vulnerability Disclosure,9.3.0 to 9.3.8,2026-02-18,2026-02-18,https://advisory.splunk.com/advisories/SVD-2026-0208
enterprise:9.3.6,enterprise,Splunk Enterprise,9.3.6,9003006000,9.3.9,9003009000,SVD-2026-0208,CVE-2026-20143,High,SVD-2026-0208 | Splunk Vulnerability Disclosure,9.3.0 to 9.3.8,2026-02-18,2026-02-18,https://advisory.splunk.com/advisories/SVD-2026-0208
enterprise:9.3.7,enterprise,Splunk Enterprise,9.3.7,9003007000,9.3.9,9003009000,SVD-2026-0208,CVE-2026-20143,High,SVD-2026-0208 | Splunk Vulnerability Disclosure,9.3.0 to 9.3.8,2026-02-18,2026-02-18,https://advisory.splunk.com/advisories/SVD-2026-0208
enterprise:9.3.8,enterprise,Splunk Enterprise,9.3.8,9003008000,9.3.9,9003009000,SVD-2026-0208,CVE-2026-20143,High,SVD-2026-0208 | Splunk Vulnerability Disclosure,9.3.0 to 9.3.8,2026-02-18,2026-02-18,https://advisory.splunk.com/advisories/SVD-2026-0208
enterprise:10.0.0,enterprise,Splunk Enterprise,10.0.0,10000000000,10.0.2,10000002000,SVD-2025-1209,CVE-2025-47273,High,SVD-2025-1209 | Splunk Vulnerability Disclosure,Below 10.0.2,2025-12-03,2025-12-03,https://advisory.splunk.com/advisories/SVD-2025-1209
enterprise:10.0.1,enterprise,Splunk Enterprise,10.0.1,10000001000,10.0.2,10000002000,SVD-2025-1209,CVE-2025-47273,High,SVD-2025-1209 | Splunk Vulnerability Disclosure,Below 10.0.2,2025-12-03,2025-12-03,https://advisory.splunk.com/advisories/SVD-2025-1209
enterprise:9.4.0,enterprise,Splunk Enterprise,9.4.0,9004000000,9.4.6,9004006000,SVD-2025-1209,CVE-2025-47273,High,SVD-2025-1209 | Splunk Vulnerability Disclosure,9.4.0 to 9.4.5,2025-12-03,2025-12-03,https://advisory.splunk.com/advisories/SVD-2025-1209
enterprise:9.4.1,enterprise,Splunk Enterprise,9.4.1,9004001000,9.4.6,9004006000,SVD-2025-1209,CVE-2025-47273,High,SVD-2025-1209 | Splunk Vulnerability Disclosure,9.4.0 to 9.4.5,2025-12-03,2025-12-03,https://advisory.splunk.com/advisories/SVD-2025-1209
enterprise:9.4.2,enterprise,Splunk Enterprise,9.4.2,9004002000,9.4.6,9004006000,SVD-2025-1209,CVE-2025-47273,High,SVD-2025-1209 | Splunk Vulnerability Disclosure,9.4.0 to 9.4.5,2025-12-03,2025-12-03,https://advisory.splunk.com/advisories/SVD-2025-1209
enterprise:9.4.3,enterprise,Splunk Enterprise,9.4.3,9004003000,9.4.6,9004006000,SVD-2025-1209,CVE-2025-47273,High,SVD-2025-1209 | Splunk Vulnerability Disclosure,9.4.0 to 9.4.5,2025-12-03,2025-12-03,https://advisory.splunk.com/advisories/SVD-2025-1209
enterprise:9.4.4,enterprise,Splunk Enterprise,9.4.4,9004004000,9.4.6,9004006000,SVD-2025-1209,CVE-2025-47273,High,SVD-2025-1209 | Splunk Vulnerability Disclosure,9.4.0 to 9.4.5,2025-12-03,2025-12-03,https://advisory.splunk.com/advisories/SVD-2025-1209
enterprise:9.4.5,enterprise,Splunk Enterprise,9.4.5,9004005000,9.4.6,9004006000,SVD-2025-1209,CVE-2025-47273,High,SVD-2025-1209 | Splunk Vulnerability Disclosure,9.4.0 to 9.4.5,2025-12-03,2025-12-03,https://advisory.splunk.com/advisories/SVD-2025-1209
enterprise:9.3.0,enterprise,Splunk Enterprise,9.3.0,9003000000,9.3.8,9003008000,SVD-2025-1209,CVE-2025-47273,High,SVD-2025-1209 | Splunk Vulnerability Disclosure,9.3.0 to 9.3.7,2025-12-03,2025-12-03,https://advisory.splunk.com/advisories/SVD-2025-1209
enterprise:9.3.1,enterprise,Splunk Enterprise,9.3.1,9003001000,9.3.8,9003008000,SVD-2025-1209,CVE-2025-47273,High,SVD-2025-1209 | Splunk Vulnerability Disclosure,9.3.0 to 9.3.7,2025-12-03,2025-12-03,https://advisory.splunk.com/advisories/SVD-2025-1209
enterprise:9.3.2,enterprise,Splunk Enterprise,9.3.2,9003002000,9.3.8,9003008000,SVD-2025-1209,CVE-2025-47273,High,SVD-2025-1209 | Splunk Vulnerability Disclosure,9.3.0 to 9.3.7,2025-12-03,2025-12-03,https://advisory.splunk.com/advisories/SVD-2025-1209
enterprise:9.3.3,enterprise,Splunk Enterprise,9.3.3,9003003000,9.3.8,9003008000,SVD-2025-1209,CVE-2025-47273,High,SVD-2025-1209 | Splunk Vulnerability Disclosure,9.3.0 to 9.3.7,2025-12-03,2025-12-03,https://advisory.splunk.com/advisories/SVD-2025-1209
enterprise:9.3.4,enterprise,Splunk Enterprise,9.3.4,9003004000,9.3.8,9003008000,SVD-2025-1209,CVE-2025-47273,High,SVD-2025-1209 | Splunk Vulnerability Disclosure,9.3.0 to 9.3.7,2025-12-03,2025-12-03,https://advisory.splunk.com/advisories/SVD-2025-1209
enterprise:9.3.5,enterprise,Splunk Enterprise,9.3.5,9003005000,9.3.8,9003008000,SVD-2025-1209,CVE-2025-47273,High,SVD-2025-1209 | Splunk Vulnerability Disclosure,9.3.0 to 9.3.7,2025-12-03,2025-12-03,https://advisory.splunk.com/advisories/SVD-2025-1209
enterprise:9.3.6,enterprise,Splunk Enterprise,9.3.6,9003006000,9.3.8,9003008000,SVD-2025-1209,CVE-2025-47273,High,SVD-2025-1209 | Splunk Vulnerability Disclosure,9.3.0 to 9.3.7,2025-12-03,2025-12-03,https://advisory.splunk.com/advisories/SVD-2025-1209
enterprise:9.3.7,enterprise,Splunk Enterprise,9.3.7,9003007000,9.3.8,9003008000,SVD-2025-1209,CVE-2025-47273,High,SVD-2025-1209 | Splunk Vulnerability Disclosure,9.3.0 to 9.3.7,2025-12-03,2025-12-03,https://advisory.splunk.com/advisories/SVD-2025-1209
enterprise:9.2.0,enterprise,Splunk Enterprise,9.2.0,9002000000,9.2.10,9002010000,SVD-2025-1209,CVE-2025-47273,High,SVD-2025-1209 | Splunk Vulnerability Disclosure,9.2.0 to 9.2.9,2025-12-03,2025-12-03,https://advisory.splunk.com/advisories/SVD-2025-1209
enterprise:9.2.1,enterprise,Splunk Enterprise,9.2.1,9002001000,9.2.10,9002010000,SVD-2025-1209,CVE-2025-47273,High,SVD-2025-1209 | Splunk Vulnerability Disclosure,9.2.0 to 9.2.9,2025-12-03,2025-12-03,https://advisory.splunk.com/advisories/SVD-2025-1209
enterprise:9.2.2,enterprise,Splunk Enterprise,9.2.2,9002002000,9.2.10,9002010000,SVD-2025-1209,CVE-2025-47273,High,SVD-2025-1209 | Splunk Vulnerability Disclosure,9.2.0 to 9.2.9,2025-12-03,2025-12-03,https://advisory.splunk.com/advisories/SVD-2025-1209
enterprise:9.2.3,enterprise,Splunk Enterprise,9.2.3,9002003000,9.2.10,9002010000,SVD-2025-1209,CVE-2025-47273,High,SVD-2025-1209 | Splunk Vulnerability Disclosure,9.2.0 to 9.2.9,2025-12-03,2025-12-03,https://advisory.splunk.com/advisories/SVD-2025-1209
enterprise:9.2.4,enterprise,Splunk Enterprise,9.2.4,9002004000,9.2.10,9002010000,SVD-2025-1209,CVE-2025-47273,High,SVD-2025-1209 | Splunk Vulnerability Disclosure,9.2.0 to 9.2.9,2025-12-03,2025-12-03,https://advisory.splunk.com/advisories/SVD-2025-1209
enterprise:9.2.5,enterprise,Splunk Enterprise,9.2.5,9002005000,9.2.10,9002010000,SVD-2025-1209,CVE-2025-47273,High,SVD-2025-1209 | Splunk Vulnerability Disclosure,9.2.0 to 9.2.9,2025-12-03,2025-12-03,https://advisory.splunk.com/advisories/SVD-2025-1209
enterprise:9.2.6,enterprise,Splunk Enterprise,9.2.6,9002006000,9.2.10,9002010000,SVD-2025-1209,CVE-2025-47273,High,SVD-2025-1209 | Splunk Vulnerability Disclosure,9.2.0 to 9.2.9,2025-12-03,2025-12-03,https://advisory.splunk.com/advisories/SVD-2025-1209
enterprise:9.2.7,enterprise,Splunk Enterprise,9.2.7,9002007000,9.2.10,9002010000,SVD-2025-1209,CVE-2025-47273,High,SVD-2025-1209 | Splunk Vulnerability Disclosure,9.2.0 to 9.2.9,2025-12-03,2025-12-03,https://advisory.splunk.com/advisories/SVD-2025-1209
enterprise:9.2.8,enterprise,Splunk Enterprise,9.2.8,9002008000,9.2.10,9002010000,SVD-2025-1209,CVE-2025-47273,High,SVD-2025-1209 | Splunk Vulnerability Disclosure,9.2.0 to 9.2.9,2025-12-03,2025-12-03,https://advisory.splunk.com/advisories/SVD-2025-1209
enterprise:9.2.9,enterprise,Splunk Enterprise,9.2.9,9002009000,9.2.10,9002010000,SVD-2025-1209,CVE-2025-47273,High,SVD-2025-1209 | Splunk Vulnerability Disclosure,9.2.0 to 9.2.9,2025-12-03,2025-12-03,https://advisory.splunk.com/advisories/SVD-2025-1209
forwarder:10.0.0,forwarder,Splunk/UniversalForwarder for Windows,10.0.0,10000000000,10.0.2,10000002000,SVD-2025-1206,CVE-2025-20387,High,SVD-2025-1206 | Splunk Vulnerability Disclosure,Below 10.0.2,2025-12-03,2025-12-03,https://advisory.splunk.com/advisories/SVD-2025-1206
forwarder:10.0.1,forwarder,Splunk/UniversalForwarder for Windows,10.0.1,10000001000,10.0.2,10000002000,SVD-2025-1206,CVE-2025-20387,High,SVD-2025-1206 | Splunk Vulnerability Disclosure,Below 10.0.2,2025-12-03,2025-12-03,https://advisory.splunk.com/advisories/SVD-2025-1206
forwarder:9.4.0,forwarder,Splunk/UniversalForwarder for Windows,9.4.0,9004000000,9.4.6,9004006000,SVD-2025-1206,CVE-2025-20387,High,SVD-2025-1206 | Splunk Vulnerability Disclosure,9.4.0 to 9.4.5,2025-12-03,2025-12-03,https://advisory.splunk.com/advisories/SVD-2025-1206
forwarder:9.4.1,forwarder,Splunk/UniversalForwarder for Windows,9.4.1,9004001000,9.4.6,9004006000,SVD-2025-1206,CVE-2025-20387,High,SVD-2025-1206 | Splunk Vulnerability Disclosure,9.4.0 to 9.4.5,2025-12-03,2025-12-03,https://advisory.splunk.com/advisories/SVD-2025-1206
forwarder:9.4.2,forwarder,Splunk/UniversalForwarder for Windows,9.4.2,9004002000,9.4.6,9004006000,SVD-2025-1206,CVE-2025-20387,High,SVD-2025-1206 | Splunk Vulnerability Disclosure,9.4.0 to 9.4.5,2025-12-03,2025-12-03,https://advisory.splunk.com/advisories/SVD-2025-1206
forwarder:9.4.3,forwarder,Splunk/UniversalForwarder for Windows,9.4.3,9004003000,9.4.6,9004006000,SVD-2025-1206,CVE-2025-20387,High,SVD-2025-1206 | Splunk Vulnerability Disclosure,9.4.0 to 9.4.5,2025-12-03,2025-12-03,https://advisory.splunk.com/advisories/SVD-2025-1206
forwarder:9.4.4,forwarder,Splunk/UniversalForwarder for Windows,9.4.4,9004004000,9.4.6,9004006000,SVD-2025-1206,CVE-2025-20387,High,SVD-2025-1206 | Splunk Vulnerability Disclosure,9.4.0 to 9.4.5,2025-12-03,2025-12-03,https://advisory.splunk.com/advisories/SVD-2025-1206
forwarder:9.4.5,forwarder,Splunk/UniversalForwarder for Windows,9.4.5,9004005000,9.4.6,9004006000,SVD-2025-1206,CVE-2025-20387,High,SVD-2025-1206 | Splunk Vulnerability Disclosure,9.4.0 to 9.4.5,2025-12-03,2025-12-03,https://advisory.splunk.com/advisories/SVD-2025-1206
forwarder:9.3.0,forwarder,Splunk/UniversalForwarder for Windows,9.3.0,9003000000,9.3.8,9003008000,SVD-2025-1206,CVE-2025-20387,High,SVD-2025-1206 | Splunk Vulnerability Disclosure,9.3.0 to 9.3.7,2025-12-03,2025-12-03,https://advisory.splunk.com/advisories/SVD-2025-1206
forwarder:9.3.1,forwarder,Splunk/UniversalForwarder for Windows,9.3.1,9003001000,9.3.8,9003008000,SVD-2025-1206,CVE-2025-20387,High,SVD-2025-1206 | Splunk Vulnerability Disclosure,9.3.0 to 9.3.7,2025-12-03,2025-12-03,https://advisory.splunk.com/advisories/SVD-2025-1206
forwarder:9.3.2,forwarder,Splunk/UniversalForwarder for Windows,9.3.2,9003002000,9.3.8,9003008000,SVD-2025-1206,CVE-2025-20387,High,SVD-2025-1206 | Splunk Vulnerability Disclosure,9.3.0 to 9.3.7,2025-12-03,2025-12-03,https://advisory.splunk.com/advisories/SVD-2025-1206
forwarder:9.3.3,forwarder,Splunk/UniversalForwarder for Windows,9.3.3,9003003000,9.3.8,9003008000,SVD-2025-1206,CVE-2025-20387,High,SVD-2025-1206 | Splunk Vulnerability Disclosure,9.3.0 to 9.3.7,2025-12-03,2025-12-03,https://advisory.splunk.com/advisories/SVD-2025-1206
forwarder:9.3.4,forwarder,Splunk/UniversalForwarder for Windows,9.3.4,9003004000,9.3.8,9003008000,SVD-2025-1206,CVE-2025-20387,High,SVD-2025-1206 | Splunk Vulnerability Disclosure,9.3.0 to 9.3.7,2025-12-03,2025-12-03,https://advisory.splunk.com/advisories/SVD-2025-1206
forwarder:9.3.5,forwarder,Splunk/UniversalForwarder for Windows,9.3.5,9003005000,9.3.8,9003008000,SVD-2025-1206,CVE-2025-20387,High,SVD-2025-1206 | Splunk Vulnerability Disclosure,9.3.0 to 9.3.7,2025-12-03,2025-12-03,https://advisory.splunk.com/advisories/SVD-2025-1206
forwarder:9.3.6,forwarder,Splunk/UniversalForwarder for Windows,9.3.6,9003006000,9.3.8,9003008000,SVD-2025-1206,CVE-2025-20387,High,SVD-2025-1206 | Splunk Vulnerability Disclosure,9.3.0 to 9.3.7,2025-12-03,2025-12-03,https://advisory.splunk.com/advisories/SVD-2025-1206
forwarder:9.3.7,forwarder,Splunk/UniversalForwarder for Windows,9.3.7,9003007000,9.3.8,9003008000,SVD-2025-1206,CVE-2025-20387,High,SVD-2025-1206 | Splunk Vulnerability Disclosure,9.3.0 to 9.3.7,2025-12-03,2025-12-03,https://advisory.splunk.com/advisories/SVD-2025-1206
forwarder:9.2.0,forwarder,Splunk/UniversalForwarder for Windows,9.2.0,9002000000,9.2.10,9002010000,SVD-2025-1206,CVE-2025-20387,High,SVD-2025-1206 | Splunk Vulnerability Disclosure,9.2.0 to 9.2.9,2025-12-03,2025-12-03,https://advisory.splunk.com/advisories/SVD-2025-1206
forwarder:9.2.1,forwarder,Splunk/UniversalForwarder for Windows,9.2.1,9002001000,9.2.10,9002010000,SVD-2025-1206,CVE-2025-20387,High,SVD-2025-1206 | Splunk Vulnerability Disclosure,9.2.0 to 9.2.9,2025-12-03,2025-12-03,https://advisory.splunk.com/advisories/SVD-2025-1206
forwarder:9.2.2,forwarder,Splunk/UniversalForwarder for Windows,9.2.2,9002002000,9.2.10,9002010000,SVD-2025-1206,CVE-2025-20387,High,SVD-2025-1206 | Splunk Vulnerability Disclosure,9.2.0 to 9.2.9,2025-12-03,2025-12-03,https://advisory.splunk.com/advisories/SVD-2025-1206
forwarder:9.2.3,forwarder,Splunk/UniversalForwarder for Windows,9.2.3,9002003000,9.2.10,9002010000,SVD-2025-1206,CVE-2025-20387,High,SVD-2025-1206 | Splunk Vulnerability Disclosure,9.2.0 to 9.2.9,2025-12-03,2025-12-03,https://advisory.splunk.com/advisories/SVD-2025-1206
forwarder:9.2.4,forwarder,Splunk/UniversalForwarder for Windows,9.2.4,9002004000,9.2.10,9002010000,SVD-2025-1206,CVE-2025-20387,High,SVD-2025-1206 | Splunk Vulnerability Disclosure,9.2.0 to 9.2.9,2025-12-03,2025-12-03,https://advisory.splunk.com/advisories/SVD-2025-1206
forwarder:9.2.5,forwarder,Splunk/UniversalForwarder for Windows,9.2.5,9002005000,9.2.10,9002010000,SVD-2025-1206,CVE-2025-20387,High,SVD-2025-1206 | Splunk Vulnerability Disclosure,9.2.0 to 9.2.9,2025-12-03,2025-12-03,https://advisory.splunk.com/advisories/SVD-2025-1206
forwarder:9.2.6,forwarder,Splunk/UniversalForwarder for Windows,9.2.6,9002006000,9.2.10,9002010000,SVD-2025-1206,CVE-2025-20387,High,SVD-2025-1206 | Splunk Vulnerability Disclosure,9.2.0 to 9.2.9,2025-12-03,2025-12-03,https://advisory.splunk.com/advisories/SVD-2025-1206
forwarder:9.2.7,forwarder,Splunk/UniversalForwarder for Windows,9.2.7,9002007000,9.2.10,9002010000,SVD-2025-1206,CVE-2025-20387,High,SVD-2025-1206 | Splunk Vulnerability Disclosure,9.2.0 to 9.2.9,2025-12-03,2025-12-03,https://advisory.splunk.com/advisories/SVD-2025-1206
forwarder:9.2.8,forwarder,Splunk/UniversalForwarder for Windows,9.2.8,9002008000,9.2.10,9002010000,SVD-2025-1206,CVE-2025-20387,High,SVD-2025-1206 | Splunk Vulnerability Disclosure,9.2.0 to 9.2.9,2025-12-03,2025-12-03,https://advisory.splunk.com/advisories/SVD-2025-1206
forwarder:9.2.9,forwarder,Splunk/UniversalForwarder for Windows,9.2.9,9002009000,9.2.10,9002010000,SVD-2025-1206,CVE-2025-20387,High,SVD-2025-1206 | Splunk Vulnerability Disclosure,9.2.0 to 9.2.9,2025-12-03,2025-12-03,https://advisory.splunk.com/advisories/SVD-2025-1206
enterprise:10.0.0,enterprise,Splunk Enterprise,10.0.0,10000000000,10.0.2,10000002000,SVD-2025-1205,CVE-2025-20386,High,SVD-2025-1205 | Splunk Vulnerability Disclosure,Below 10.0.2,2025-12-03,2025-12-03,https://advisory.splunk.com/advisories/SVD-2025-1205
enterprise:10.0.1,enterprise,Splunk Enterprise,10.0.1,10000001000,10.0.2,10000002000,SVD-2025-1205,CVE-2025-20386,High,SVD-2025-1205 | Splunk Vulnerability Disclosure,Below 10.0.2,2025-12-03,2025-12-03,https://advisory.splunk.com/advisories/SVD-2025-1205
enterprise:9.4.0,enterprise,Splunk Enterprise,9.4.0,9004000000,9.4.6,9004006000,SVD-2025-1205,CVE-2025-20386,High,SVD-2025-1205 | Splunk Vulnerability Disclosure,9.4.0 to 9.4.5,2025-12-03,2025-12-03,https://advisory.splunk.com/advisories/SVD-2025-1205
enterprise:9.4.1,enterprise,Splunk Enterprise,9.4.1,9004001000,9.4.6,9004006000,SVD-2025-1205,CVE-2025-20386,High,SVD-2025-1205 | Splunk Vulnerability Disclosure,9.4.0 to 9.4.5,2025-12-03,2025-12-03,https://advisory.splunk.com/advisories/SVD-2025-1205
enterprise:9.4.2,enterprise,Splunk Enterprise,9.4.2,9004002000,9.4.6,9004006000,SVD-2025-1205,CVE-2025-20386,High,SVD-2025-1205 | Splunk Vulnerability Disclosure,9.4.0 to 9.4.5,2025-12-03,2025-12-03,https://advisory.splunk.com/advisories/SVD-2025-1205
enterprise:9.4.3,enterprise,Splunk Enterprise,9.4.3,9004003000,9.4.6,9004006000,SVD-2025-1205,CVE-2025-20386,High,SVD-2025-1205 | Splunk Vulnerability Disclosure,9.4.0 to 9.4.5,2025-12-03,2025-12-03,https://advisory.splunk.com/advisories/SVD-2025-1205
enterprise:9.4.4,enterprise,Splunk Enterprise,9.4.4,9004004000,9.4.6,9004006000,SVD-2025-1205,CVE-2025-20386,High,SVD-2025-1205 | Splunk Vulnerability Disclosure,9.4.0 to 9.4.5,2025-12-03,2025-12-03,https://advisory.splunk.com/advisories/SVD-2025-1205
enterprise:9.4.5,enterprise,Splunk Enterprise,9.4.5,9004005000,9.4.6,9004006000,SVD-2025-1205,CVE-2025-20386,High,SVD-2025-1205 | Splunk Vulnerability Disclosure,9.4.0 to 9.4.5,2025-12-03,2025-12-03,https://advisory.splunk.com/advisories/SVD-2025-1205
enterprise:9.3.0,enterprise,Splunk Enterprise,9.3.0,9003000000,9.3.8,9003008000,SVD-2025-1205,CVE-2025-20386,High,SVD-2025-1205 | Splunk Vulnerability Disclosure,9.3.0 to 9.3.7,2025-12-03,2025-12-03,https://advisory.splunk.com/advisories/SVD-2025-1205
enterprise:9.3.1,enterprise,Splunk Enterprise,9.3.1,9003001000,9.3.8,9003008000,SVD-2025-1205,CVE-2025-20386,High,SVD-2025-1205 | Splunk Vulnerability Disclosure,9.3.0 to 9.3.7,2025-12-03,2025-12-03,https://advisory.splunk.com/advisories/SVD-2025-1205
enterprise:9.3.2,enterprise,Splunk Enterprise,9.3.2,9003002000,9.3.8,9003008000,SVD-2025-1205,CVE-2025-20386,High,SVD-2025-1205 | Splunk Vulnerability Disclosure,9.3.0 to 9.3.7,2025-12-03,2025-12-03,https://advisory.splunk.com/advisories/SVD-2025-1205
enterprise:9.3.3,enterprise,Splunk Enterprise,9.3.3,9003003000,9.3.8,9003008000,SVD-2025-1205,CVE-2025-20386,High,SVD-2025-1205 | Splunk Vulnerability Disclosure,9.3.0 to 9.3.7,2025-12-03,2025-12-03,https://advisory.splunk.com/advisories/SVD-2025-1205
enterprise:9.3.4,enterprise,Splunk Enterprise,9.3.4,9003004000,9.3.8,9003008000,SVD-2025-1205,CVE-2025-20386,High,SVD-2025-1205 | Splunk Vulnerability Disclosure,9.3.0 to 9.3.7,2025-12-03,2025-12-03,https://advisory.splunk.com/advisories/SVD-2025-1205
enterprise:9.3.5,enterprise,Splunk Enterprise,9.3.5,9003005000,9.3.8,9003008000,SVD-2025-1205,CVE-2025-20386,High,SVD-2025-1205 | Splunk Vulnerability Disclosure,9.3.0 to 9.3.7,2025-12-03,2025-12-03,https://advisory.splunk.com/advisories/SVD-2025-1205
enterprise:9.3.6,enterprise,Splunk Enterprise,9.3.6,9003006000,9.3.8,9003008000,SVD-2025-1205,CVE-2025-20386,High,SVD-2025-1205 | Splunk Vulnerability Disclosure,9.3.0 to 9.3.7,2025-12-03,2025-12-03,https://advisory.splunk.com/advisories/SVD-2025-1205
enterprise:9.3.7,enterprise,Splunk Enterprise,9.3.7,9003007000,9.3.8,9003008000,SVD-2025-1205,CVE-2025-20386,High,SVD-2025-1205 | Splunk Vulnerability Disclosure,9.3.0 to 9.3.7,2025-12-03,2025-12-03,https://advisory.splunk.com/advisories/SVD-2025-1205
enterprise:9.2.0,enterprise,Splunk Enterprise,9.2.0,9002000000,9.2.10,9002010000,SVD-2025-1205,CVE-2025-20386,High,SVD-2025-1205 | Splunk Vulnerability Disclosure,9.2.0 to 9.2.9,2025-12-03,2025-12-03,https://advisory.splunk.com/advisories/SVD-2025-1205
enterprise:9.2.1,enterprise,Splunk Enterprise,9.2.1,9002001000,9.2.10,9002010000,SVD-2025-1205,CVE-2025-20386,High,SVD-2025-1205 | Splunk Vulnerability Disclosure,9.2.0 to 9.2.9,2025-12-03,2025-12-03,https://advisory.splunk.com/advisories/SVD-2025-1205
enterprise:9.2.2,enterprise,Splunk Enterprise,9.2.2,9002002000,9.2.10,9002010000,SVD-2025-1205,CVE-2025-20386,High,SVD-2025-1205 | Splunk Vulnerability Disclosure,9.2.0 to 9.2.9,2025-12-03,2025-12-03,https://advisory.splunk.com/advisories/SVD-2025-1205
enterprise:9.2.3,enterprise,Splunk Enterprise,9.2.3,9002003000,9.2.10,9002010000,SVD-2025-1205,CVE-2025-20386,High,SVD-2025-1205 | Splunk Vulnerability Disclosure,9.2.0 to 9.2.9,2025-12-03,2025-12-03,https://advisory.splunk.com/advisories/SVD-2025-1205
enterprise:9.2.4,enterprise,Splunk Enterprise,9.2.4,9002004000,9.2.10,9002010000,SVD-2025-1205,CVE-2025-20386,High,SVD-2025-1205 | Splunk Vulnerability Disclosure,9.2.0 to 9.2.9,2025-12-03,2025-12-03,https://advisory.splunk.com/advisories/SVD-2025-1205
enterprise:9.2.5,enterprise,Splunk Enterprise,9.2.5,9002005000,9.2.10,9002010000,SVD-2025-1205,CVE-2025-20386,High,SVD-2025-1205 | Splunk Vulnerability Disclosure,9.2.0 to 9.2.9,2025-12-03,2025-12-03,https://advisory.splunk.com/advisories/SVD-2025-1205
enterprise:9.2.6,enterprise,Splunk Enterprise,9.2.6,9002006000,9.2.10,9002010000,SVD-2025-1205,CVE-2025-20386,High,SVD-2025-1205 | Splunk Vulnerability Disclosure,9.2.0 to 9.2.9,2025-12-03,2025-12-03,https://advisory.splunk.com/advisories/SVD-2025-1205
enterprise:9.2.7,enterprise,Splunk Enterprise,9.2.7,9002007000,9.2.10,9002010000,SVD-2025-1205,CVE-2025-20386,High,SVD-2025-1205 | Splunk Vulnerability Disclosure,9.2.0 to 9.2.9,2025-12-03,2025-12-03,https://advisory.splunk.com/advisories/SVD-2025-1205
enterprise:9.2.8,enterprise,Splunk Enterprise,9.2.8,9002008000,9.2.10,9002010000,SVD-2025-1205,CVE-2025-20386,High,SVD-2025-1205 | Splunk Vulnerability Disclosure,9.2.0 to 9.2.9,2025-12-03,2025-12-03,https://advisory.splunk.com/advisories/SVD-2025-1205
enterprise:9.2.9,enterprise,Splunk Enterprise,9.2.9,9002009000,9.2.10,9002010000,SVD-2025-1205,CVE-2025-20386,High,SVD-2025-1205 | Splunk Vulnerability Disclosure,9.2.0 to 9.2.9,2025-12-03,2025-12-03,https://advisory.splunk.com/advisories/SVD-2025-1205
enterprise:10.0.0,enterprise,Splunk Enterprise,10.0.0,10000000000,10.0.1,10000001000,SVD-2025-1103,Multiple (5) CVE-2025-52999 CVE-2025-0167 CVE-2025-0725 CVE-2025-5025 CVE-2025-4947,High,SVD-2025-1103 | Splunk Vulnerability Disclosure,10.0.0,2025-11-12,2025-12-05,https://advisory.splunk.com/advisories/SVD-2025-1103
enterprise:9.4.0,enterprise,Splunk Enterprise,9.4.0,9004000000,9.4.5,9004005000,SVD-2025-1103,Multiple (5) CVE-2025-52999 CVE-2025-0167 CVE-2025-0725 CVE-2025-5025 CVE-2025-4947,High,SVD-2025-1103 | Splunk Vulnerability Disclosure,9.4.0 to 9.4.4,2025-11-12,2025-12-05,https://advisory.splunk.com/advisories/SVD-2025-1103
enterprise:9.4.1,enterprise,Splunk Enterprise,9.4.1,9004001000,9.4.5,9004005000,SVD-2025-1103,Multiple (5) CVE-2025-52999 CVE-2025-0167 CVE-2025-0725 CVE-2025-5025 CVE-2025-4947,High,SVD-2025-1103 | Splunk Vulnerability Disclosure,9.4.0 to 9.4.4,2025-11-12,2025-12-05,https://advisory.splunk.com/advisories/SVD-2025-1103
enterprise:9.4.2,enterprise,Splunk Enterprise,9.4.2,9004002000,9.4.5,9004005000,SVD-2025-1103,Multiple (5) CVE-2025-52999 CVE-2025-0167 CVE-2025-0725 CVE-2025-5025 CVE-2025-4947,High,SVD-2025-1103 | Splunk Vulnerability Disclosure,9.4.0 to 9.4.4,2025-11-12,2025-12-05,https://advisory.splunk.com/advisories/SVD-2025-1103
enterprise:9.4.3,enterprise,Splunk Enterprise,9.4.3,9004003000,9.4.5,9004005000,SVD-2025-1103,Multiple (5) CVE-2025-52999 CVE-2025-0167 CVE-2025-0725 CVE-2025-5025 CVE-2025-4947,High,SVD-2025-1103 | Splunk Vulnerability Disclosure,9.4.0 to 9.4.4,2025-11-12,2025-12-05,https://advisory.splunk.com/advisories/SVD-2025-1103
enterprise:9.4.4,enterprise,Splunk Enterprise,9.4.4,9004004000,9.4.5,9004005000,SVD-2025-1103,Multiple (5) CVE-2025-52999 CVE-2025-0167 CVE-2025-0725 CVE-2025-5025 CVE-2025-4947,High,SVD-2025-1103 | Splunk Vulnerability Disclosure,9.4.0 to 9.4.4,2025-11-12,2025-12-05,https://advisory.splunk.com/advisories/SVD-2025-1103
enterprise:9.3.0,enterprise,Splunk Enterprise,9.3.0,9003000000,9.3.7,9003007000,SVD-2025-1103,Multiple (5) CVE-2025-52999 CVE-2025-0167 CVE-2025-0725 CVE-2025-5025 CVE-2025-4947,High,SVD-2025-1103 | Splunk Vulnerability Disclosure,9.3.0 to 9.3.6,2025-11-12,2025-12-05,https://advisory.splunk.com/advisories/SVD-2025-1103
enterprise:9.3.1,enterprise,Splunk Enterprise,9.3.1,9003001000,9.3.7,9003007000,SVD-2025-1103,Multiple (5) CVE-2025-52999 CVE-2025-0167 CVE-2025-0725 CVE-2025-5025 CVE-2025-4947,High,SVD-2025-1103 | Splunk Vulnerability Disclosure,9.3.0 to 9.3.6,2025-11-12,2025-12-05,https://advisory.splunk.com/advisories/SVD-2025-1103
enterprise:9.3.2,enterprise,Splunk Enterprise,9.3.2,9003002000,9.3.7,9003007000,SVD-2025-1103,Multiple (5) CVE-2025-52999 CVE-2025-0167 CVE-2025-0725 CVE-2025-5025 CVE-2025-4947,High,SVD-2025-1103 | Splunk Vulnerability Disclosure,9.3.0 to 9.3.6,2025-11-12,2025-12-05,https://advisory.splunk.com/advisories/SVD-2025-1103
enterprise:9.3.3,enterprise,Splunk Enterprise,9.3.3,9003003000,9.3.7,9003007000,SVD-2025-1103,Multiple (5) CVE-2025-52999 CVE-2025-0167 CVE-2025-0725 CVE-2025-5025 CVE-2025-4947,High,SVD-2025-1103 | Splunk Vulnerability Disclosure,9.3.0 to 9.3.6,2025-11-12,2025-12-05,https://advisory.splunk.com/advisories/SVD-2025-1103
enterprise:9.3.4,enterprise,Splunk Enterprise,9.3.4,9003004000,9.3.7,9003007000,SVD-2025-1103,Multiple (5) CVE-2025-52999 CVE-2025-0167 CVE-2025-0725 CVE-2025-5025 CVE-2025-4947,High,SVD-2025-1103 | Splunk Vulnerability Disclosure,9.3.0 to 9.3.6,2025-11-12,2025-12-05,https://advisory.splunk.com/advisories/SVD-2025-1103
enterprise:9.3.5,enterprise,Splunk Enterprise,9.3.5,9003005000,9.3.7,9003007000,SVD-2025-1103,Multiple (5) CVE-2025-52999 CVE-2025-0167 CVE-2025-0725 CVE-2025-5025 CVE-2025-4947,High,SVD-2025-1103 | Splunk Vulnerability Disclosure,9.3.0 to 9.3.6,2025-11-12,2025-12-05,https://advisory.splunk.com/advisories/SVD-2025-1103
enterprise:9.3.6,enterprise,Splunk Enterprise,9.3.6,9003006000,9.3.7,9003007000,SVD-2025-1103,Multiple (5) CVE-2025-52999 CVE-2025-0167 CVE-2025-0725 CVE-2025-5025 CVE-2025-4947,High,SVD-2025-1103 | Splunk Vulnerability Disclosure,9.3.0 to 9.3.6,2025-11-12,2025-12-05,https://advisory.splunk.com/advisories/SVD-2025-1103
enterprise:9.2.0,enterprise,Splunk Enterprise,9.2.0,9002000000,9.2.9,9002009000,SVD-2025-1103,Multiple (5) CVE-2025-52999 CVE-2025-0167 CVE-2025-0725 CVE-2025-5025 CVE-2025-4947,High,SVD-2025-1103 | Splunk Vulnerability Disclosure,9.2.0 to 9.2.8,2025-11-12,2025-12-05,https://advisory.splunk.com/advisories/SVD-2025-1103
enterprise:9.2.1,enterprise,Splunk Enterprise,9.2.1,9002001000,9.2.9,9002009000,SVD-2025-1103,Multiple (5) CVE-2025-52999 CVE-2025-0167 CVE-2025-0725 CVE-2025-5025 CVE-2025-4947,High,SVD-2025-1103 | Splunk Vulnerability Disclosure,9.2.0 to 9.2.8,2025-11-12,2025-12-05,https://advisory.splunk.com/advisories/SVD-2025-1103
enterprise:9.2.2,enterprise,Splunk Enterprise,9.2.2,9002002000,9.2.9,9002009000,SVD-2025-1103,Multiple (5) CVE-2025-52999 CVE-2025-0167 CVE-2025-0725 CVE-2025-5025 CVE-2025-4947,High,SVD-2025-1103 | Splunk Vulnerability Disclosure,9.2.0 to 9.2.8,2025-11-12,2025-12-05,https://advisory.splunk.com/advisories/SVD-2025-1103
enterprise:9.2.3,enterprise,Splunk Enterprise,9.2.3,9002003000,9.2.9,9002009000,SVD-2025-1103,Multiple (5) CVE-2025-52999 CVE-2025-0167 CVE-2025-0725 CVE-2025-5025 CVE-2025-4947,High,SVD-2025-1103 | Splunk Vulnerability Disclosure,9.2.0 to 9.2.8,2025-11-12,2025-12-05,https://advisory.splunk.com/advisories/SVD-2025-1103
enterprise:9.2.4,enterprise,Splunk Enterprise,9.2.4,9002004000,9.2.9,9002009000,SVD-2025-1103,Multiple (5) CVE-2025-52999 CVE-2025-0167 CVE-2025-0725 CVE-2025-5025 CVE-2025-4947,High,SVD-2025-1103 | Splunk Vulnerability Disclosure,9.2.0 to 9.2.8,2025-11-12,2025-12-05,https://advisory.splunk.com/advisories/SVD-2025-1103
enterprise:9.2.5,enterprise,Splunk Enterprise,9.2.5,9002005000,9.2.9,9002009000,SVD-2025-1103,Multiple (5) CVE-2025-52999 CVE-2025-0167 CVE-2025-0725 CVE-2025-5025 CVE-2025-4947,High,SVD-2025-1103 | Splunk Vulnerability Disclosure,9.2.0 to 9.2.8,2025-11-12,2025-12-05,https://advisory.splunk.com/advisories/SVD-2025-1103
enterprise:9.2.6,enterprise,Splunk Enterprise,9.2.6,9002006000,9.2.9,9002009000,SVD-2025-1103,Multiple (5) CVE-2025-52999 CVE-2025-0167 CVE-2025-0725 CVE-2025-5025 CVE-2025-4947,High,SVD-2025-1103 | Splunk Vulnerability Disclosure,9.2.0 to 9.2.8,2025-11-12,2025-12-05,https://advisory.splunk.com/advisories/SVD-2025-1103
enterprise:9.2.7,enterprise,Splunk Enterprise,9.2.7,9002007000,9.2.9,9002009000,SVD-2025-1103,Multiple (5) CVE-2025-52999 CVE-2025-0167 CVE-2025-0725 CVE-2025-5025 CVE-2025-4947,High,SVD-2025-1103 | Splunk Vulnerability Disclosure,9.2.0 to 9.2.8,2025-11-12,2025-12-05,https://advisory.splunk.com/advisories/SVD-2025-1103
enterprise:9.2.8,enterprise,Splunk Enterprise,9.2.8,9002008000,9.2.9,9002009000,SVD-2025-1103,Multiple (5) CVE-2025-52999 CVE-2025-0167 CVE-2025-0725 CVE-2025-5025 CVE-2025-4947,High,SVD-2025-1103 | Splunk Vulnerability Disclosure,9.2.0 to 9.2.8,2025-11-12,2025-12-05,https://advisory.splunk.com/advisories/SVD-2025-1103
enterprise:10.0.0,enterprise,Splunk Enterprise,10.0.0,10000000000,10.0.1,10000001000,SVD-2025-1007,Multiple (13) CVE-2015-5237 CVE-2024-7254 CVE-2024-7553 CVE-2024-1351 CVE-2022-46175 CVE-2022-37601 CVE-2021-44906 CVE-2025-32415 CVE-2024-45337 CVE-2025-0167 CVE-2025-0725 CVE-2025-5025 CVE-2025-4947,High,SVD-2025-1007 | Splunk Vulnerability Disclosure,10.0.0,2025-10-01,2025-10-29,https://advisory.splunk.com/advisories/SVD-2025-1007
enterprise:9.4.0,enterprise,Splunk Enterprise,9.4.0,9004000000,9.4.4,9004004000,SVD-2025-1007,Multiple (13) CVE-2015-5237 CVE-2024-7254 CVE-2024-7553 CVE-2024-1351 CVE-2022-46175 CVE-2022-37601 CVE-2021-44906 CVE-2025-32415 CVE-2024-45337 CVE-2025-0167 CVE-2025-0725 CVE-2025-5025 CVE-2025-4947,High,SVD-2025-1007 | Splunk Vulnerability Disclosure,9.4.0 to 9.4.3,2025-10-01,2025-10-29,https://advisory.splunk.com/advisories/SVD-2025-1007
enterprise:9.4.1,enterprise,Splunk Enterprise,9.4.1,9004001000,9.4.4,9004004000,SVD-2025-1007,Multiple (13) CVE-2015-5237 CVE-2024-7254 CVE-2024-7553 CVE-2024-1351 CVE-2022-46175 CVE-2022-37601 CVE-2021-44906 CVE-2025-32415 CVE-2024-45337 CVE-2025-0167 CVE-2025-0725 CVE-2025-5025 CVE-2025-4947,High,SVD-2025-1007 | Splunk Vulnerability Disclosure,9.4.0 to 9.4.3,2025-10-01,2025-10-29,https://advisory.splunk.com/advisories/SVD-2025-1007
enterprise:9.4.2,enterprise,Splunk Enterprise,9.4.2,9004002000,9.4.4,9004004000,SVD-2025-1007,Multiple (13) CVE-2015-5237 CVE-2024-7254 CVE-2024-7553 CVE-2024-1351 CVE-2022-46175 CVE-2022-37601 CVE-2021-44906 CVE-2025-32415 CVE-2024-45337 CVE-2025-0167 CVE-2025-0725 CVE-2025-5025 CVE-2025-4947,High,SVD-2025-1007 | Splunk Vulnerability Disclosure,9.4.0 to 9.4.3,2025-10-01,2025-10-29,https://advisory.splunk.com/advisories/SVD-2025-1007
enterprise:9.4.3,enterprise,Splunk Enterprise,9.4.3,9004003000,9.4.4,9004004000,SVD-2025-1007,Multiple (13) CVE-2015-5237 CVE-2024-7254 CVE-2024-7553 CVE-2024-1351 CVE-2022-46175 CVE-2022-37601 CVE-2021-44906 CVE-2025-32415 CVE-2024-45337 CVE-2025-0167 CVE-2025-0725 CVE-2025-5025 CVE-2025-4947,High,SVD-2025-1007 | Splunk Vulnerability Disclosure,9.4.0 to 9.4.3,2025-10-01,2025-10-29,https://advisory.splunk.com/advisories/SVD-2025-1007
enterprise:9.3.0,enterprise,Splunk Enterprise,9.3.0,9003000000,9.3.6,9003006000,SVD-2025-1007,Multiple (13) CVE-2015-5237 CVE-2024-7254 CVE-2024-7553 CVE-2024-1351 CVE-2022-46175 CVE-2022-37601 CVE-2021-44906 CVE-2025-32415 CVE-2024-45337 CVE-2025-0167 CVE-2025-0725 CVE-2025-5025 CVE-2025-4947,High,SVD-2025-1007 | Splunk Vulnerability Disclosure,9.3.0 to 9.3.5,2025-10-01,2025-10-29,https://advisory.splunk.com/advisories/SVD-2025-1007
enterprise:9.3.1,enterprise,Splunk Enterprise,9.3.1,9003001000,9.3.6,9003006000,SVD-2025-1007,Multiple (13) CVE-2015-5237 CVE-2024-7254 CVE-2024-7553 CVE-2024-1351 CVE-2022-46175 CVE-2022-37601 CVE-2021-44906 CVE-2025-32415 CVE-2024-45337 CVE-2025-0167 CVE-2025-0725 CVE-2025-5025 CVE-2025-4947,High,SVD-2025-1007 | Splunk Vulnerability Disclosure,9.3.0 to 9.3.5,2025-10-01,2025-10-29,https://advisory.splunk.com/advisories/SVD-2025-1007
enterprise:9.3.2,enterprise,Splunk Enterprise,9.3.2,9003002000,9.3.6,9003006000,SVD-2025-1007,Multiple (13) CVE-2015-5237 CVE-2024-7254 CVE-2024-7553 CVE-2024-1351 CVE-2022-46175 CVE-2022-37601 CVE-2021-44906 CVE-2025-32415 CVE-2024-45337 CVE-2025-0167 CVE-2025-0725 CVE-2025-5025 CVE-2025-4947,High,SVD-2025-1007 | Splunk Vulnerability Disclosure,9.3.0 to 9.3.5,2025-10-01,2025-10-29,https://advisory.splunk.com/advisories/SVD-2025-1007
enterprise:9.3.3,enterprise,Splunk Enterprise,9.3.3,9003003000,9.3.6,9003006000,SVD-2025-1007,Multiple (13) CVE-2015-5237 CVE-2024-7254 CVE-2024-7553 CVE-2024-1351 CVE-2022-46175 CVE-2022-37601 CVE-2021-44906 CVE-2025-32415 CVE-2024-45337 CVE-2025-0167 CVE-2025-0725 CVE-2025-5025 CVE-2025-4947,High,SVD-2025-1007 | Splunk Vulnerability Disclosure,9.3.0 to 9.3.5,2025-10-01,2025-10-29,https://advisory.splunk.com/advisories/SVD-2025-1007
enterprise:9.3.4,enterprise,Splunk Enterprise,9.3.4,9003004000,9.3.6,9003006000,SVD-2025-1007,Multiple (13) CVE-2015-5237 CVE-2024-7254 CVE-2024-7553 CVE-2024-1351 CVE-2022-46175 CVE-2022-37601 CVE-2021-44906 CVE-2025-32415 CVE-2024-45337 CVE-2025-0167 CVE-2025-0725 CVE-2025-5025 CVE-2025-4947,High,SVD-2025-1007 | Splunk Vulnerability Disclosure,9.3.0 to 9.3.5,2025-10-01,2025-10-29,https://advisory.splunk.com/advisories/SVD-2025-1007
enterprise:9.3.5,enterprise,Splunk Enterprise,9.3.5,9003005000,9.3.6,9003006000,SVD-2025-1007,Multiple (13) CVE-2015-5237 CVE-2024-7254 CVE-2024-7553 CVE-2024-1351 CVE-2022-46175 CVE-2022-37601 CVE-2021-44906 CVE-2025-32415 CVE-2024-45337 CVE-2025-0167 CVE-2025-0725 CVE-2025-5025 CVE-2025-4947,High,SVD-2025-1007 | Splunk Vulnerability Disclosure,9.3.0 to 9.3.5,2025-10-01,2025-10-29,https://advisory.splunk.com/advisories/SVD-2025-1007
enterprise:9.2.0,enterprise,Splunk Enterprise,9.2.0,9002000000,9.2.8,9002008000,SVD-2025-1007,Multiple (13) CVE-2015-5237 CVE-2024-7254 CVE-2024-7553 CVE-2024-1351 CVE-2022-46175 CVE-2022-37601 CVE-2021-44906 CVE-2025-32415 CVE-2024-45337 CVE-2025-0167 CVE-2025-0725 CVE-2025-5025 CVE-2025-4947,High,SVD-2025-1007 | Splunk Vulnerability Disclosure,9.2.0 to 9.2.7,2025-10-01,2025-10-29,https://advisory.splunk.com/advisories/SVD-2025-1007
enterprise:9.2.1,enterprise,Splunk Enterprise,9.2.1,9002001000,9.2.8,9002008000,SVD-2025-1007,Multiple (13) CVE-2015-5237 CVE-2024-7254 CVE-2024-7553 CVE-2024-1351 CVE-2022-46175 CVE-2022-37601 CVE-2021-44906 CVE-2025-32415 CVE-2024-45337 CVE-2025-0167 CVE-2025-0725 CVE-2025-5025 CVE-2025-4947,High,SVD-2025-1007 | Splunk Vulnerability Disclosure,9.2.0 to 9.2.7,2025-10-01,2025-10-29,https://advisory.splunk.com/advisories/SVD-2025-1007
enterprise:9.2.2,enterprise,Splunk Enterprise,9.2.2,9002002000,9.2.8,9002008000,SVD-2025-1007,Multiple (13) CVE-2015-5237 CVE-2024-7254 CVE-2024-7553 CVE-2024-1351 CVE-2022-46175 CVE-2022-37601 CVE-2021-44906 CVE-2025-32415 CVE-2024-45337 CVE-2025-0167 CVE-2025-0725 CVE-2025-5025 CVE-2025-4947,High,SVD-2025-1007 | Splunk Vulnerability Disclosure,9.2.0 to 9.2.7,2025-10-01,2025-10-29,https://advisory.splunk.com/advisories/SVD-2025-1007
enterprise:9.2.3,enterprise,Splunk Enterprise,9.2.3,9002003000,9.2.8,9002008000,SVD-2025-1007,Multiple (13) CVE-2015-5237 CVE-2024-7254 CVE-2024-7553 CVE-2024-1351 CVE-2022-46175 CVE-2022-37601 CVE-2021-44906 CVE-2025-32415 CVE-2024-45337 CVE-2025-0167 CVE-2025-0725 CVE-2025-5025 CVE-2025-4947,High,SVD-2025-1007 | Splunk Vulnerability Disclosure,9.2.0 to 9.2.7,2025-10-01,2025-10-29,https://advisory.splunk.com/advisories/SVD-2025-1007
enterprise:9.2.4,enterprise,Splunk Enterprise,9.2.4,9002004000,9.2.8,9002008000,SVD-2025-1007,Multiple (13) CVE-2015-5237 CVE-2024-7254 CVE-2024-7553 CVE-2024-1351 CVE-2022-46175 CVE-2022-37601 CVE-2021-44906 CVE-2025-32415 CVE-2024-45337 CVE-2025-0167 CVE-2025-0725 CVE-2025-5025 CVE-2025-4947,High,SVD-2025-1007 | Splunk Vulnerability Disclosure,9.2.0 to 9.2.7,2025-10-01,2025-10-29,https://advisory.splunk.com/advisories/SVD-2025-1007
enterprise:9.2.5,enterprise,Splunk Enterprise,9.2.5,9002005000,9.2.8,9002008000,SVD-2025-1007,Multiple (13) CVE-2015-5237 CVE-2024-7254 CVE-2024-7553 CVE-2024-1351 CVE-2022-46175 CVE-2022-37601 CVE-2021-44906 CVE-2025-32415 CVE-2024-45337 CVE-2025-0167 CVE-2025-0725 CVE-2025-5025 CVE-2025-4947,High,SVD-2025-1007 | Splunk Vulnerability Disclosure,9.2.0 to 9.2.7,2025-10-01,2025-10-29,https://advisory.splunk.com/advisories/SVD-2025-1007
enterprise:9.2.6,enterprise,Splunk Enterprise,9.2.6,9002006000,9.2.8,9002008000,SVD-2025-1007,Multiple (13) CVE-2015-5237 CVE-2024-7254 CVE-2024-7553 CVE-2024-1351 CVE-2022-46175 CVE-2022-37601 CVE-2021-44906 CVE-2025-32415 CVE-2024-45337 CVE-2025-0167 CVE-2025-0725 CVE-2025-5025 CVE-2025-4947,High,SVD-2025-1007 | Splunk Vulnerability Disclosure,9.2.0 to 9.2.7,2025-10-01,2025-10-29,https://advisory.splunk.com/advisories/SVD-2025-1007
enterprise:9.2.7,enterprise,Splunk Enterprise,9.2.7,9002007000,9.2.8,9002008000,SVD-2025-1007,Multiple (13) CVE-2015-5237 CVE-2024-7254 CVE-2024-7553 CVE-2024-1351 CVE-2022-46175 CVE-2022-37601 CVE-2021-44906 CVE-2025-32415 CVE-2024-45337 CVE-2025-0167 CVE-2025-0725 CVE-2025-5025 CVE-2025-4947,High,SVD-2025-1007 | Splunk Vulnerability Disclosure,9.2.0 to 9.2.7,2025-10-01,2025-10-29,https://advisory.splunk.com/advisories/SVD-2025-1007
forwarder:9.4.0,forwarder,Splunk Universal Forwarder,9.4.0,9004000000,9.4.3,9004003000,SVD-2025-0711,Multiple (2) CVE-2024-13176 CVE-2024-9143,Low,SVD-2025-0711 | Splunk Vulnerability Disclosure,9.4.0 to 9.4.2,2025-07-07,2025-07-16,https://advisory.splunk.com/advisories/SVD-2025-0711
forwarder:9.4.1,forwarder,Splunk Universal Forwarder,9.4.1,9004001000,9.4.3,9004003000,SVD-2025-0711,Multiple (2) CVE-2024-13176 CVE-2024-9143,Low,SVD-2025-0711 | Splunk Vulnerability Disclosure,9.4.0 to 9.4.2,2025-07-07,2025-07-16,https://advisory.splunk.com/advisories/SVD-2025-0711
forwarder:9.4.2,forwarder,Splunk Universal Forwarder,9.4.2,9004002000,9.4.3,9004003000,SVD-2025-0711,Multiple (2) CVE-2024-13176 CVE-2024-9143,Low,SVD-2025-0711 | Splunk Vulnerability Disclosure,9.4.0 to 9.4.2,2025-07-07,2025-07-16,https://advisory.splunk.com/advisories/SVD-2025-0711
forwarder:9.3.0,forwarder,Splunk Universal Forwarder,9.3.0,9003000000,9.3.5,9003005000,SVD-2025-0711,Multiple (2) CVE-2024-13176 CVE-2024-9143,Low,SVD-2025-0711 | Splunk Vulnerability Disclosure,9.3.0 to 9.3.4,2025-07-07,2025-07-16,https://advisory.splunk.com/advisories/SVD-2025-0711
forwarder:9.3.1,forwarder,Splunk Universal Forwarder,9.3.1,9003001000,9.3.5,9003005000,SVD-2025-0711,Multiple (2) CVE-2024-13176 CVE-2024-9143,Low,SVD-2025-0711 | Splunk Vulnerability Disclosure,9.3.0 to 9.3.4,2025-07-07,2025-07-16,https://advisory.splunk.com/advisories/SVD-2025-0711
forwarder:9.3.2,forwarder,Splunk Universal Forwarder,9.3.2,9003002000,9.3.5,9003005000,SVD-2025-0711,Multiple (2) CVE-2024-13176 CVE-2024-9143,Low,SVD-2025-0711 | Splunk Vulnerability Disclosure,9.3.0 to 9.3.4,2025-07-07,2025-07-16,https://advisory.splunk.com/advisories/SVD-2025-0711
forwarder:9.3.3,forwarder,Splunk Universal Forwarder,9.3.3,9003003000,9.3.5,9003005000,SVD-2025-0711,Multiple (2) CVE-2024-13176 CVE-2024-9143,Low,SVD-2025-0711 | Splunk Vulnerability Disclosure,9.3.0 to 9.3.4,2025-07-07,2025-07-16,https://advisory.splunk.com/advisories/SVD-2025-0711
forwarder:9.3.4,forwarder,Splunk Universal Forwarder,9.3.4,9003004000,9.3.5,9003005000,SVD-2025-0711,Multiple (2) CVE-2024-13176 CVE-2024-9143,Low,SVD-2025-0711 | Splunk Vulnerability Disclosure,9.3.0 to 9.3.4,2025-07-07,2025-07-16,https://advisory.splunk.com/advisories/SVD-2025-0711
forwarder:9.2.0,forwarder,Splunk Universal Forwarder,9.2.0,9002000000,9.2.7,9002007000,SVD-2025-0711,Multiple (2) CVE-2024-13176 CVE-2024-9143,Low,SVD-2025-0711 | Splunk Vulnerability Disclosure,9.2.0 to 9.2.6,2025-07-07,2025-07-16,https://advisory.splunk.com/advisories/SVD-2025-0711
forwarder:9.2.1,forwarder,Splunk Universal Forwarder,9.2.1,9002001000,9.2.7,9002007000,SVD-2025-0711,Multiple (2) CVE-2024-13176 CVE-2024-9143,Low,SVD-2025-0711 | Splunk Vulnerability Disclosure,9.2.0 to 9.2.6,2025-07-07,2025-07-16,https://advisory.splunk.com/advisories/SVD-2025-0711
forwarder:9.2.2,forwarder,Splunk Universal Forwarder,9.2.2,9002002000,9.2.7,9002007000,SVD-2025-0711,Multiple (2) CVE-2024-13176 CVE-2024-9143,Low,SVD-2025-0711 | Splunk Vulnerability Disclosure,9.2.0 to 9.2.6,2025-07-07,2025-07-16,https://advisory.splunk.com/advisories/SVD-2025-0711
forwarder:9.2.3,forwarder,Splunk Universal Forwarder,9.2.3,9002003000,9.2.7,9002007000,SVD-2025-0711,Multiple (2) CVE-2024-13176 CVE-2024-9143,Low,SVD-2025-0711 | Splunk Vulnerability Disclosure,9.2.0 to 9.2.6,2025-07-07,2025-07-16,https://advisory.splunk.com/advisories/SVD-2025-0711
forwarder:9.2.4,forwarder,Splunk Universal Forwarder,9.2.4,9002004000,9.2.7,9002007000,SVD-2025-0711,Multiple (2) CVE-2024-13176 CVE-2024-9143,Low,SVD-2025-0711 | Splunk Vulnerability Disclosure,9.2.0 to 9.2.6,2025-07-07,2025-07-16,https://advisory.splunk.com/advisories/SVD-2025-0711
forwarder:9.2.5,forwarder,Splunk Universal Forwarder,9.2.5,9002005000,9.2.7,9002007000,SVD-2025-0711,Multiple (2) CVE-2024-13176 CVE-2024-9143,Low,SVD-2025-0711 | Splunk Vulnerability Disclosure,9.2.0 to 9.2.6,2025-07-07,2025-07-16,https://advisory.splunk.com/advisories/SVD-2025-0711
forwarder:9.2.6,forwarder,Splunk Universal Forwarder,9.2.6,9002006000,9.2.7,9002007000,SVD-2025-0711,Multiple (2) CVE-2024-13176 CVE-2024-9143,Low,SVD-2025-0711 | Splunk Vulnerability Disclosure,9.2.0 to 9.2.6,2025-07-07,2025-07-16,https://advisory.splunk.com/advisories/SVD-2025-0711
forwarder:9.1.0,forwarder,Splunk Universal Forwarder,9.1.0,9001000000,9.1.10,9001010000,SVD-2025-0711,Multiple (2) CVE-2024-13176 CVE-2024-9143,Low,SVD-2025-0711 | Splunk Vulnerability Disclosure,9.1.0 to 9.1.9,2025-07-07,2025-07-16,https://advisory.splunk.com/advisories/SVD-2025-0711
forwarder:9.1.1,forwarder,Splunk Universal Forwarder,9.1.1,9001001000,9.1.10,9001010000,SVD-2025-0711,Multiple (2) CVE-2024-13176 CVE-2024-9143,Low,SVD-2025-0711 | Splunk Vulnerability Disclosure,9.1.0 to 9.1.9,2025-07-07,2025-07-16,https://advisory.splunk.com/advisories/SVD-2025-0711
forwarder:9.1.2,forwarder,Splunk Universal Forwarder,9.1.2,9001002000,9.1.10,9001010000,SVD-2025-0711,Multiple (2) CVE-2024-13176 CVE-2024-9143,Low,SVD-2025-0711 | Splunk Vulnerability Disclosure,9.1.0 to 9.1.9,2025-07-07,2025-07-16,https://advisory.splunk.com/advisories/SVD-2025-0711
forwarder:9.1.3,forwarder,Splunk Universal Forwarder,9.1.3,9001003000,9.1.10,9001010000,SVD-2025-0711,Multiple (2) CVE-2024-13176 CVE-2024-9143,Low,SVD-2025-0711 | Splunk Vulnerability Disclosure,9.1.0 to 9.1.9,2025-07-07,2025-07-16,https://advisory.splunk.com/advisories/SVD-2025-0711
forwarder:9.1.4,forwarder,Splunk Universal Forwarder,9.1.4,9001004000,9.1.10,9001010000,SVD-2025-0711,Multiple (2) CVE-2024-13176 CVE-2024-9143,Low,SVD-2025-0711 | Splunk Vulnerability Disclosure,9.1.0 to 9.1.9,2025-07-07,2025-07-16,https://advisory.splunk.com/advisories/SVD-2025-0711
forwarder:9.1.5,forwarder,Splunk Universal Forwarder,9.1.5,9001005000,9.1.10,9001010000,SVD-2025-0711,Multiple (2) CVE-2024-13176 CVE-2024-9143,Low,SVD-2025-0711 | Splunk Vulnerability Disclosure,9.1.0 to 9.1.9,2025-07-07,2025-07-16,https://advisory.splunk.com/advisories/SVD-2025-0711
forwarder:9.1.6,forwarder,Splunk Universal Forwarder,9.1.6,9001006000,9.1.10,9001010000,SVD-2025-0711,Multiple (2) CVE-2024-13176 CVE-2024-9143,Low,SVD-2025-0711 | Splunk Vulnerability Disclosure,9.1.0 to 9.1.9,2025-07-07,2025-07-16,https://advisory.splunk.com/advisories/SVD-2025-0711
forwarder:9.1.7,forwarder,Splunk Universal Forwarder,9.1.7,9001007000,9.1.10,9001010000,SVD-2025-0711,Multiple (2) CVE-2024-13176 CVE-2024-9143,Low,SVD-2025-0711 | Splunk Vulnerability Disclosure,9.1.0 to 9.1.9,2025-07-07,2025-07-16,https://advisory.splunk.com/advisories/SVD-2025-0711
forwarder:9.1.8,forwarder,Splunk Universal Forwarder,9.1.8,9001008000,9.1.10,9001010000,SVD-2025-0711,Multiple (2) CVE-2024-13176 CVE-2024-9143,Low,SVD-2025-0711 | Splunk Vulnerability Disclosure,9.1.0 to 9.1.9,2025-07-07,2025-07-16,https://advisory.splunk.com/advisories/SVD-2025-0711
forwarder:9.1.9,forwarder,Splunk Universal Forwarder,9.1.9,9001009000,9.1.10,9001010000,SVD-2025-0711,Multiple (2) CVE-2024-13176 CVE-2024-9143,Low,SVD-2025-0711 | Splunk Vulnerability Disclosure,9.1.0 to 9.1.9,2025-07-07,2025-07-16,https://advisory.splunk.com/advisories/SVD-2025-0711
enterprise:9.4.0,enterprise,Splunk Enterprise,9.4.0,9004000000,9.4.3,9004003000,SVD-2025-0710,Multiple (24) CVE-2024-6345 CVE-2024-45337 CVE-2025-22869 CVE-2025-27414 CVE-2025-22868 CVE-2025-23387 CVE-2025-23389 CVE-2025-23388 CVE-2025-22952 CVE-2024-45338 CVE-2025-22870 CVE-2013-7489 CVE-2022-30187 CVE-2024-13176 CVE-2024-9143 CVE-2024-0853 CVE-2024-2398 CVE-2024-2466 CVE-2024-7264 CVE-2024-8096 CVE-2024-9681 CVE-2024-11053 CVE-2025-0167 CVE-2025-0725,Critical,SVD-2025-0710 | Splunk Vulnerability Disclosure,9.4.0 to 9.4.2,2025-07-07,2025-07-16,https://advisory.splunk.com/advisories/SVD-2025-0710
enterprise:9.4.1,enterprise,Splunk Enterprise,9.4.1,9004001000,9.4.3,9004003000,SVD-2025-0710,Multiple (24) CVE-2024-6345 CVE-2024-45337 CVE-2025-22869 CVE-2025-27414 CVE-2025-22868 CVE-2025-23387 CVE-2025-23389 CVE-2025-23388 CVE-2025-22952 CVE-2024-45338 CVE-2025-22870 CVE-2013-7489 CVE-2022-30187 CVE-2024-13176 CVE-2024-9143 CVE-2024-0853 CVE-2024-2398 CVE-2024-2466 CVE-2024-7264 CVE-2024-8096 CVE-2024-9681 CVE-2024-11053 CVE-2025-0167 CVE-2025-0725,Critical,SVD-2025-0710 | Splunk Vulnerability Disclosure,9.4.0 to 9.4.2,2025-07-07,2025-07-16,https://advisory.splunk.com/advisories/SVD-2025-0710
enterprise:9.4.2,enterprise,Splunk Enterprise,9.4.2,9004002000,9.4.3,9004003000,SVD-2025-0710,Multiple (24) CVE-2024-6345 CVE-2024-45337 CVE-2025-22869 CVE-2025-27414 CVE-2025-22868 CVE-2025-23387 CVE-2025-23389 CVE-2025-23388 CVE-2025-22952 CVE-2024-45338 CVE-2025-22870 CVE-2013-7489 CVE-2022-30187 CVE-2024-13176 CVE-2024-9143 CVE-2024-0853 CVE-2024-2398 CVE-2024-2466 CVE-2024-7264 CVE-2024-8096 CVE-2024-9681 CVE-2024-11053 CVE-2025-0167 CVE-2025-0725,Critical,SVD-2025-0710 | Splunk Vulnerability Disclosure,9.4.0 to 9.4.2,2025-07-07,2025-07-16,https://advisory.splunk.com/advisories/SVD-2025-0710
enterprise:9.3.0,enterprise,Splunk Enterprise,9.3.0,9003000000,9.3.5,9003005000,SVD-2025-0710,Multiple (24) CVE-2024-6345 CVE-2024-45337 CVE-2025-22869 CVE-2025-27414 CVE-2025-22868 CVE-2025-23387 CVE-2025-23389 CVE-2025-23388 CVE-2025-22952 CVE-2024-45338 CVE-2025-22870 CVE-2013-7489 CVE-2022-30187 CVE-2024-13176 CVE-2024-9143 CVE-2024-0853 CVE-2024-2398 CVE-2024-2466 CVE-2024-7264 CVE-2024-8096 CVE-2024-9681 CVE-2024-11053 CVE-2025-0167 CVE-2025-0725,Critical,SVD-2025-0710 | Splunk Vulnerability Disclosure,9.3.0 to 9.3.4,2025-07-07,2025-07-16,https://advisory.splunk.com/advisories/SVD-2025-0710
enterprise:9.3.1,enterprise,Splunk Enterprise,9.3.1,9003001000,9.3.5,9003005000,SVD-2025-0710,Multiple (24) CVE-2024-6345 CVE-2024-45337 CVE-2025-22869 CVE-2025-27414 CVE-2025-22868 CVE-2025-23387 CVE-2025-23389 CVE-2025-23388 CVE-2025-22952 CVE-2024-45338 CVE-2025-22870 CVE-2013-7489 CVE-2022-30187 CVE-2024-13176 CVE-2024-9143 CVE-2024-0853 CVE-2024-2398 CVE-2024-2466 CVE-2024-7264 CVE-2024-8096 CVE-2024-9681 CVE-2024-11053 CVE-2025-0167 CVE-2025-0725,Critical,SVD-2025-0710 | Splunk Vulnerability Disclosure,9.3.0 to 9.3.4,2025-07-07,2025-07-16,https://advisory.splunk.com/advisories/SVD-2025-0710
enterprise:9.3.2,enterprise,Splunk Enterprise,9.3.2,9003002000,9.3.5,9003005000,SVD-2025-0710,Multiple (24) CVE-2024-6345 CVE-2024-45337 CVE-2025-22869 CVE-2025-27414 CVE-2025-22868 CVE-2025-23387 CVE-2025-23389 CVE-2025-23388 CVE-2025-22952 CVE-2024-45338 CVE-2025-22870 CVE-2013-7489 CVE-2022-30187 CVE-2024-13176 CVE-2024-9143 CVE-2024-0853 CVE-2024-2398 CVE-2024-2466 CVE-2024-7264 CVE-2024-8096 CVE-2024-9681 CVE-2024-11053 CVE-2025-0167 CVE-2025-0725,Critical,SVD-2025-0710 | Splunk Vulnerability Disclosure,9.3.0 to 9.3.4,2025-07-07,2025-07-16,https://advisory.splunk.com/advisories/SVD-2025-0710
enterprise:9.3.3,enterprise,Splunk Enterprise,9.3.3,9003003000,9.3.5,9003005000,SVD-2025-0710,Multiple (24) CVE-2024-6345 CVE-2024-45337 CVE-2025-22869 CVE-2025-27414 CVE-2025-22868 CVE-2025-23387 CVE-2025-23389 CVE-2025-23388 CVE-2025-22952 CVE-2024-45338 CVE-2025-22870 CVE-2013-7489 CVE-2022-30187 CVE-2024-13176 CVE-2024-9143 CVE-2024-0853 CVE-2024-2398 CVE-2024-2466 CVE-2024-7264 CVE-2024-8096 CVE-2024-9681 CVE-2024-11053 CVE-2025-0167 CVE-2025-0725,Critical,SVD-2025-0710 | Splunk Vulnerability Disclosure,9.3.0 to 9.3.4,2025-07-07,2025-07-16,https://advisory.splunk.com/advisories/SVD-2025-0710
enterprise:9.3.4,enterprise,Splunk Enterprise,9.3.4,9003004000,9.3.5,9003005000,SVD-2025-0710,Multiple (24) CVE-2024-6345 CVE-2024-45337 CVE-2025-22869 CVE-2025-27414 CVE-2025-22868 CVE-2025-23387 CVE-2025-23389 CVE-2025-23388 CVE-2025-22952 CVE-2024-45338 CVE-2025-22870 CVE-2013-7489 CVE-2022-30187 CVE-2024-13176 CVE-2024-9143 CVE-2024-0853 CVE-2024-2398 CVE-2024-2466 CVE-2024-7264 CVE-2024-8096 CVE-2024-9681 CVE-2024-11053 CVE-2025-0167 CVE-2025-0725,Critical,SVD-2025-0710 | Splunk Vulnerability Disclosure,9.3.0 to 9.3.4,2025-07-07,2025-07-16,https://advisory.splunk.com/advisories/SVD-2025-0710
enterprise:9.2.0,enterprise,Splunk Enterprise,9.2.0,9002000000,9.2.7,9002007000,SVD-2025-0710,Multiple (24) CVE-2024-6345 CVE-2024-45337 CVE-2025-22869 CVE-2025-27414 CVE-2025-22868 CVE-2025-23387 CVE-2025-23389 CVE-2025-23388 CVE-2025-22952 CVE-2024-45338 CVE-2025-22870 CVE-2013-7489 CVE-2022-30187 CVE-2024-13176 CVE-2024-9143 CVE-2024-0853 CVE-2024-2398 CVE-2024-2466 CVE-2024-7264 CVE-2024-8096 CVE-2024-9681 CVE-2024-11053 CVE-2025-0167 CVE-2025-0725,Critical,SVD-2025-0710 | Splunk Vulnerability Disclosure,9.2.0 to 9.2.6,2025-07-07,2025-07-16,https://advisory.splunk.com/advisories/SVD-2025-0710
enterprise:9.2.1,enterprise,Splunk Enterprise,9.2.1,9002001000,9.2.7,9002007000,SVD-2025-0710,Multiple (24) CVE-2024-6345 CVE-2024-45337 CVE-2025-22869 CVE-2025-27414 CVE-2025-22868 CVE-2025-23387 CVE-2025-23389 CVE-2025-23388 CVE-2025-22952 CVE-2024-45338 CVE-2025-22870 CVE-2013-7489 CVE-2022-30187 CVE-2024-13176 CVE-2024-9143 CVE-2024-0853 CVE-2024-2398 CVE-2024-2466 CVE-2024-7264 CVE-2024-8096 CVE-2024-9681 CVE-2024-11053 CVE-2025-0167 CVE-2025-0725,Critical,SVD-2025-0710 | Splunk Vulnerability Disclosure,9.2.0 to 9.2.6,2025-07-07,2025-07-16,https://advisory.splunk.com/advisories/SVD-2025-0710
enterprise:9.2.2,enterprise,Splunk Enterprise,9.2.2,9002002000,9.2.7,9002007000,SVD-2025-0710,Multiple (24) CVE-2024-6345 CVE-2024-45337 CVE-2025-22869 CVE-2025-27414 CVE-2025-22868 CVE-2025-23387 CVE-2025-23389 CVE-2025-23388 CVE-2025-22952 CVE-2024-45338 CVE-2025-22870 CVE-2013-7489 CVE-2022-30187 CVE-2024-13176 CVE-2024-9143 CVE-2024-0853 CVE-2024-2398 CVE-2024-2466 CVE-2024-7264 CVE-2024-8096 CVE-2024-9681 CVE-2024-11053 CVE-2025-0167 CVE-2025-0725,Critical,SVD-2025-0710 | Splunk Vulnerability Disclosure,9.2.0 to 9.2.6,2025-07-07,2025-07-16,https://advisory.splunk.com/advisories/SVD-2025-0710
enterprise:9.2.3,enterprise,Splunk Enterprise,9.2.3,9002003000,9.2.7,9002007000,SVD-2025-0710,Multiple (24) CVE-2024-6345 CVE-2024-45337 CVE-2025-22869 CVE-2025-27414 CVE-2025-22868 CVE-2025-23387 CVE-2025-23389 CVE-2025-23388 CVE-2025-22952 CVE-2024-45338 CVE-2025-22870 CVE-2013-7489 CVE-2022-30187 CVE-2024-13176 CVE-2024-9143 CVE-2024-0853 CVE-2024-2398 CVE-2024-2466 CVE-2024-7264 CVE-2024-8096 CVE-2024-9681 CVE-2024-11053 CVE-2025-0167 CVE-2025-0725,Critical,SVD-2025-0710 | Splunk Vulnerability Disclosure,9.2.0 to 9.2.6,2025-07-07,2025-07-16,https://advisory.splunk.com/advisories/SVD-2025-0710
enterprise:9.2.4,enterprise,Splunk Enterprise,9.2.4,9002004000,9.2.7,9002007000,SVD-2025-0710,Multiple (24) CVE-2024-6345 CVE-2024-45337 CVE-2025-22869 CVE-2025-27414 CVE-2025-22868 CVE-2025-23387 CVE-2025-23389 CVE-2025-23388 CVE-2025-22952 CVE-2024-45338 CVE-2025-22870 CVE-2013-7489 CVE-2022-30187 CVE-2024-13176 CVE-2024-9143 CVE-2024-0853 CVE-2024-2398 CVE-2024-2466 CVE-2024-7264 CVE-2024-8096 CVE-2024-9681 CVE-2024-11053 CVE-2025-0167 CVE-2025-0725,Critical,SVD-2025-0710 | Splunk Vulnerability Disclosure,9.2.0 to 9.2.6,2025-07-07,2025-07-16,https://advisory.splunk.com/advisories/SVD-2025-0710
enterprise:9.2.5,enterprise,Splunk Enterprise,9.2.5,9002005000,9.2.7,9002007000,SVD-2025-0710,Multiple (24) CVE-2024-6345 CVE-2024-45337 CVE-2025-22869 CVE-2025-27414 CVE-2025-22868 CVE-2025-23387 CVE-2025-23389 CVE-2025-23388 CVE-2025-22952 CVE-2024-45338 CVE-2025-22870 CVE-2013-7489 CVE-2022-30187 CVE-2024-13176 CVE-2024-9143 CVE-2024-0853 CVE-2024-2398 CVE-2024-2466 CVE-2024-7264 CVE-2024-8096 CVE-2024-9681 CVE-2024-11053 CVE-2025-0167 CVE-2025-0725,Critical,SVD-2025-0710 | Splunk Vulnerability Disclosure,9.2.0 to 9.2.6,2025-07-07,2025-07-16,https://advisory.splunk.com/advisories/SVD-2025-0710
enterprise:9.2.6,enterprise,Splunk Enterprise,9.2.6,9002006000,9.2.7,9002007000,SVD-2025-0710,Multiple (24) CVE-2024-6345 CVE-2024-45337 CVE-2025-22869 CVE-2025-27414 CVE-2025-22868 CVE-2025-23387 CVE-2025-23389 CVE-2025-23388 CVE-2025-22952 CVE-2024-45338 CVE-2025-22870 CVE-2013-7489 CVE-2022-30187 CVE-2024-13176 CVE-2024-9143 CVE-2024-0853 CVE-2024-2398 CVE-2024-2466 CVE-2024-7264 CVE-2024-8096 CVE-2024-9681 CVE-2024-11053 CVE-2025-0167 CVE-2025-0725,Critical,SVD-2025-0710 | Splunk Vulnerability Disclosure,9.2.0 to 9.2.6,2025-07-07,2025-07-16,https://advisory.splunk.com/advisories/SVD-2025-0710
enterprise:9.1.0,enterprise,Splunk Enterprise,9.1.0,9001000000,9.1.10,9001010000,SVD-2025-0710,Multiple (24) CVE-2024-6345 CVE-2024-45337 CVE-2025-22869 CVE-2025-27414 CVE-2025-22868 CVE-2025-23387 CVE-2025-23389 CVE-2025-23388 CVE-2025-22952 CVE-2024-45338 CVE-2025-22870 CVE-2013-7489 CVE-2022-30187 CVE-2024-13176 CVE-2024-9143 CVE-2024-0853 CVE-2024-2398 CVE-2024-2466 CVE-2024-7264 CVE-2024-8096 CVE-2024-9681 CVE-2024-11053 CVE-2025-0167 CVE-2025-0725,Critical,SVD-2025-0710 | Splunk Vulnerability Disclosure,9.1.0 to 9.1.9,2025-07-07,2025-07-16,https://advisory.splunk.com/advisories/SVD-2025-0710
enterprise:9.1.1,enterprise,Splunk Enterprise,9.1.1,9001001000,9.1.10,9001010000,SVD-2025-0710,Multiple (24) CVE-2024-6345 CVE-2024-45337 CVE-2025-22869 CVE-2025-27414 CVE-2025-22868 CVE-2025-23387 CVE-2025-23389 CVE-2025-23388 CVE-2025-22952 CVE-2024-45338 CVE-2025-22870 CVE-2013-7489 CVE-2022-30187 CVE-2024-13176 CVE-2024-9143 CVE-2024-0853 CVE-2024-2398 CVE-2024-2466 CVE-2024-7264 CVE-2024-8096 CVE-2024-9681 CVE-2024-11053 CVE-2025-0167 CVE-2025-0725,Critical,SVD-2025-0710 | Splunk Vulnerability Disclosure,9.1.0 to 9.1.9,2025-07-07,2025-07-16,https://advisory.splunk.com/advisories/SVD-2025-0710
enterprise:9.1.2,enterprise,Splunk Enterprise,9.1.2,9001002000,9.1.10,9001010000,SVD-2025-0710,Multiple (24) CVE-2024-6345 CVE-2024-45337 CVE-2025-22869 CVE-2025-27414 CVE-2025-22868 CVE-2025-23387 CVE-2025-23389 CVE-2025-23388 CVE-2025-22952 CVE-2024-45338 CVE-2025-22870 CVE-2013-7489 CVE-2022-30187 CVE-2024-13176 CVE-2024-9143 CVE-2024-0853 CVE-2024-2398 CVE-2024-2466 CVE-2024-7264 CVE-2024-8096 CVE-2024-9681 CVE-2024-11053 CVE-2025-0167 CVE-2025-0725,Critical,SVD-2025-0710 | Splunk Vulnerability Disclosure,9.1.0 to 9.1.9,2025-07-07,2025-07-16,https://advisory.splunk.com/advisories/SVD-2025-0710
enterprise:9.1.3,enterprise,Splunk Enterprise,9.1.3,9001003000,9.1.10,9001010000,SVD-2025-0710,Multiple (24) CVE-2024-6345 CVE-2024-45337 CVE-2025-22869 CVE-2025-27414 CVE-2025-22868 CVE-2025-23387 CVE-2025-23389 CVE-2025-23388 CVE-2025-22952 CVE-2024-45338 CVE-2025-22870 CVE-2013-7489 CVE-2022-30187 CVE-2024-13176 CVE-2024-9143 CVE-2024-0853 CVE-2024-2398 CVE-2024-2466 CVE-2024-7264 CVE-2024-8096 CVE-2024-9681 CVE-2024-11053 CVE-2025-0167 CVE-2025-0725,Critical,SVD-2025-0710 | Splunk Vulnerability Disclosure,9.1.0 to 9.1.9,2025-07-07,2025-07-16,https://advisory.splunk.com/advisories/SVD-2025-0710
enterprise:9.1.4,enterprise,Splunk Enterprise,9.1.4,9001004000,9.1.10,9001010000,SVD-2025-0710,Multiple (24) CVE-2024-6345 CVE-2024-45337 CVE-2025-22869 CVE-2025-27414 CVE-2025-22868 CVE-2025-23387 CVE-2025-23389 CVE-2025-23388 CVE-2025-22952 CVE-2024-45338 CVE-2025-22870 CVE-2013-7489 CVE-2022-30187 CVE-2024-13176 CVE-2024-9143 CVE-2024-0853 CVE-2024-2398 CVE-2024-2466 CVE-2024-7264 CVE-2024-8096 CVE-2024-9681 CVE-2024-11053 CVE-2025-0167 CVE-2025-0725,Critical,SVD-2025-0710 | Splunk Vulnerability Disclosure,9.1.0 to 9.1.9,2025-07-07,2025-07-16,https://advisory.splunk.com/advisories/SVD-2025-0710
enterprise:9.1.5,enterprise,Splunk Enterprise,9.1.5,9001005000,9.1.10,9001010000,SVD-2025-0710,Multiple (24) CVE-2024-6345 CVE-2024-45337 CVE-2025-22869 CVE-2025-27414 CVE-2025-22868 CVE-2025-23387 CVE-2025-23389 CVE-2025-23388 CVE-2025-22952 CVE-2024-45338 CVE-2025-22870 CVE-2013-7489 CVE-2022-30187 CVE-2024-13176 CVE-2024-9143 CVE-2024-0853 CVE-2024-2398 CVE-2024-2466 CVE-2024-7264 CVE-2024-8096 CVE-2024-9681 CVE-2024-11053 CVE-2025-0167 CVE-2025-0725,Critical,SVD-2025-0710 | Splunk Vulnerability Disclosure,9.1.0 to 9.1.9,2025-07-07,2025-07-16,https://advisory.splunk.com/advisories/SVD-2025-0710
enterprise:9.1.6,enterprise,Splunk Enterprise,9.1.6,9001006000,9.1.10,9001010000,SVD-2025-0710,Multiple (24) CVE-2024-6345 CVE-2024-45337 CVE-2025-22869 CVE-2025-27414 CVE-2025-22868 CVE-2025-23387 CVE-2025-23389 CVE-2025-23388 CVE-2025-22952 CVE-2024-45338 CVE-2025-22870 CVE-2013-7489 CVE-2022-30187 CVE-2024-13176 CVE-2024-9143 CVE-2024-0853 CVE-2024-2398 CVE-2024-2466 CVE-2024-7264 CVE-2024-8096 CVE-2024-9681 CVE-2024-11053 CVE-2025-0167 CVE-2025-0725,Critical,SVD-2025-0710 | Splunk Vulnerability Disclosure,9.1.0 to 9.1.9,2025-07-07,2025-07-16,https://advisory.splunk.com/advisories/SVD-2025-0710
enterprise:9.1.7,enterprise,Splunk Enterprise,9.1.7,9001007000,9.1.10,9001010000,SVD-2025-0710,Multiple (24) CVE-2024-6345 CVE-2024-45337 CVE-2025-22869 CVE-2025-27414 CVE-2025-22868 CVE-2025-23387 CVE-2025-23389 CVE-2025-23388 CVE-2025-22952 CVE-2024-45338 CVE-2025-22870 CVE-2013-7489 CVE-2022-30187 CVE-2024-13176 CVE-2024-9143 CVE-2024-0853 CVE-2024-2398 CVE-2024-2466 CVE-2024-7264 CVE-2024-8096 CVE-2024-9681 CVE-2024-11053 CVE-2025-0167 CVE-2025-0725,Critical,SVD-2025-0710 | Splunk Vulnerability Disclosure,9.1.0 to 9.1.9,2025-07-07,2025-07-16,https://advisory.splunk.com/advisories/SVD-2025-0710
enterprise:9.1.8,enterprise,Splunk Enterprise,9.1.8,9001008000,9.1.10,9001010000,SVD-2025-0710,Multiple (24) CVE-2024-6345 CVE-2024-45337 CVE-2025-22869 CVE-2025-27414 CVE-2025-22868 CVE-2025-23387 CVE-2025-23389 CVE-2025-23388 CVE-2025-22952 CVE-2024-45338 CVE-2025-22870 CVE-2013-7489 CVE-2022-30187 CVE-2024-13176 CVE-2024-9143 CVE-2024-0853 CVE-2024-2398 CVE-2024-2466 CVE-2024-7264 CVE-2024-8096 CVE-2024-9681 CVE-2024-11053 CVE-2025-0167 CVE-2025-0725,Critical,SVD-2025-0710 | Splunk Vulnerability Disclosure,9.1.0 to 9.1.9,2025-07-07,2025-07-16,https://advisory.splunk.com/advisories/SVD-2025-0710
enterprise:9.1.9,enterprise,Splunk Enterprise,9.1.9,9001009000,9.1.10,9001010000,SVD-2025-0710,Multiple (24) CVE-2024-6345 CVE-2024-45337 CVE-2025-22869 CVE-2025-27414 CVE-2025-22868 CVE-2025-23387 CVE-2025-23389 CVE-2025-23388 CVE-2025-22952 CVE-2024-45338 CVE-2025-22870 CVE-2013-7489 CVE-2022-30187 CVE-2024-13176 CVE-2024-9143 CVE-2024-0853 CVE-2024-2398 CVE-2024-2466 CVE-2024-7264 CVE-2024-8096 CVE-2024-9681 CVE-2024-11053 CVE-2025-0167 CVE-2025-0725,Critical,SVD-2025-0710 | Splunk Vulnerability Disclosure,9.1.0 to 9.1.9,2025-07-07,2025-07-16,https://advisory.splunk.com/advisories/SVD-2025-0710
enterprise:9.4.0,enterprise,Splunk Enterprise,9.4.0,9004000000,9.4.3,9004003000,SVD-2025-0709,CVE-2025-20325,Low,SVD-2025-0709 | Splunk Vulnerability Disclosure,9.4.0 to 9.4.2,2025-07-07,2025-07-07,https://advisory.splunk.com/advisories/SVD-2025-0709
enterprise:9.4.1,enterprise,Splunk Enterprise,9.4.1,9004001000,9.4.3,9004003000,SVD-2025-0709,CVE-2025-20325,Low,SVD-2025-0709 | Splunk Vulnerability Disclosure,9.4.0 to 9.4.2,2025-07-07,2025-07-07,https://advisory.splunk.com/advisories/SVD-2025-0709
enterprise:9.4.2,enterprise,Splunk Enterprise,9.4.2,9004002000,9.4.3,9004003000,SVD-2025-0709,CVE-2025-20325,Low,SVD-2025-0709 | Splunk Vulnerability Disclosure,9.4.0 to 9.4.2,2025-07-07,2025-07-07,https://advisory.splunk.com/advisories/SVD-2025-0709
enterprise:9.3.0,enterprise,Splunk Enterprise,9.3.0,9003000000,9.3.5,9003005000,SVD-2025-0709,CVE-2025-20325,Low,SVD-2025-0709 | Splunk Vulnerability Disclosure,9.3.0 to 9.3.4,2025-07-07,2025-07-07,https://advisory.splunk.com/advisories/SVD-2025-0709
enterprise:9.3.1,enterprise,Splunk Enterprise,9.3.1,9003001000,9.3.5,9003005000,SVD-2025-0709,CVE-2025-20325,Low,SVD-2025-0709 | Splunk Vulnerability Disclosure,9.3.0 to 9.3.4,2025-07-07,2025-07-07,https://advisory.splunk.com/advisories/SVD-2025-0709
enterprise:9.3.2,enterprise,Splunk Enterprise,9.3.2,9003002000,9.3.5,9003005000,SVD-2025-0709,CVE-2025-20325,Low,SVD-2025-0709 | Splunk Vulnerability Disclosure,9.3.0 to 9.3.4,2025-07-07,2025-07-07,https://advisory.splunk.com/advisories/SVD-2025-0709
enterprise:9.3.3,enterprise,Splunk Enterprise,9.3.3,9003003000,9.3.5,9003005000,SVD-2025-0709,CVE-2025-20325,Low,SVD-2025-0709 | Splunk Vulnerability Disclosure,9.3.0 to 9.3.4,2025-07-07,2025-07-07,https://advisory.splunk.com/advisories/SVD-2025-0709
enterprise:9.3.4,enterprise,Splunk Enterprise,9.3.4,9003004000,9.3.5,9003005000,SVD-2025-0709,CVE-2025-20325,Low,SVD-2025-0709 | Splunk Vulnerability Disclosure,9.3.0 to 9.3.4,2025-07-07,2025-07-07,https://advisory.splunk.com/advisories/SVD-2025-0709
enterprise:9.2.0,enterprise,Splunk Enterprise,9.2.0,9002000000,9.2.7,9002007000,SVD-2025-0709,CVE-2025-20325,Low,SVD-2025-0709 | Splunk Vulnerability Disclosure,9.2.0 to 9.2.6,2025-07-07,2025-07-07,https://advisory.splunk.com/advisories/SVD-2025-0709
enterprise:9.2.1,enterprise,Splunk Enterprise,9.2.1,9002001000,9.2.7,9002007000,SVD-2025-0709,CVE-2025-20325,Low,SVD-2025-0709 | Splunk Vulnerability Disclosure,9.2.0 to 9.2.6,2025-07-07,2025-07-07,https://advisory.splunk.com/advisories/SVD-2025-0709
enterprise:9.2.2,enterprise,Splunk Enterprise,9.2.2,9002002000,9.2.7,9002007000,SVD-2025-0709,CVE-2025-20325,Low,SVD-2025-0709 | Splunk Vulnerability Disclosure,9.2.0 to 9.2.6,2025-07-07,2025-07-07,https://advisory.splunk.com/advisories/SVD-2025-0709
enterprise:9.2.3,enterprise,Splunk Enterprise,9.2.3,9002003000,9.2.7,9002007000,SVD-2025-0709,CVE-2025-20325,Low,SVD-2025-0709 | Splunk Vulnerability Disclosure,9.2.0 to 9.2.6,2025-07-07,2025-07-07,https://advisory.splunk.com/advisories/SVD-2025-0709
enterprise:9.2.4,enterprise,Splunk Enterprise,9.2.4,9002004000,9.2.7,9002007000,SVD-2025-0709,CVE-2025-20325,Low,SVD-2025-0709 | Splunk Vulnerability Disclosure,9.2.0 to 9.2.6,2025-07-07,2025-07-07,https://advisory.splunk.com/advisories/SVD-2025-0709
enterprise:9.2.5,enterprise,Splunk Enterprise,9.2.5,9002005000,9.2.7,9002007000,SVD-2025-0709,CVE-2025-20325,Low,SVD-2025-0709 | Splunk Vulnerability Disclosure,9.2.0 to 9.2.6,2025-07-07,2025-07-07,https://advisory.splunk.com/advisories/SVD-2025-0709
enterprise:9.2.6,enterprise,Splunk Enterprise,9.2.6,9002006000,9.2.7,9002007000,SVD-2025-0709,CVE-2025-20325,Low,SVD-2025-0709 | Splunk Vulnerability Disclosure,9.2.0 to 9.2.6,2025-07-07,2025-07-07,https://advisory.splunk.com/advisories/SVD-2025-0709
enterprise:9.1.0,enterprise,Splunk Enterprise,9.1.0,9001000000,9.1.10,9001010000,SVD-2025-0709,CVE-2025-20325,Low,SVD-2025-0709 | Splunk Vulnerability Disclosure,9.1.0 to 9.1.9,2025-07-07,2025-07-07,https://advisory.splunk.com/advisories/SVD-2025-0709
enterprise:9.1.1,enterprise,Splunk Enterprise,9.1.1,9001001000,9.1.10,9001010000,SVD-2025-0709,CVE-2025-20325,Low,SVD-2025-0709 | Splunk Vulnerability Disclosure,9.1.0 to 9.1.9,2025-07-07,2025-07-07,https://advisory.splunk.com/advisories/SVD-2025-0709
enterprise:9.1.2,enterprise,Splunk Enterprise,9.1.2,9001002000,9.1.10,9001010000,SVD-2025-0709,CVE-2025-20325,Low,SVD-2025-0709 | Splunk Vulnerability Disclosure,9.1.0 to 9.1.9,2025-07-07,2025-07-07,https://advisory.splunk.com/advisories/SVD-2025-0709
enterprise:9.1.3,enterprise,Splunk Enterprise,9.1.3,9001003000,9.1.10,9001010000,SVD-2025-0709,CVE-2025-20325,Low,SVD-2025-0709 | Splunk Vulnerability Disclosure,9.1.0 to 9.1.9,2025-07-07,2025-07-07,https://advisory.splunk.com/advisories/SVD-2025-0709
enterprise:9.1.4,enterprise,Splunk Enterprise,9.1.4,9001004000,9.1.10,9001010000,SVD-2025-0709,CVE-2025-20325,Low,SVD-2025-0709 | Splunk Vulnerability Disclosure,9.1.0 to 9.1.9,2025-07-07,2025-07-07,https://advisory.splunk.com/advisories/SVD-2025-0709
enterprise:9.1.5,enterprise,Splunk Enterprise,9.1.5,9001005000,9.1.10,9001010000,SVD-2025-0709,CVE-2025-20325,Low,SVD-2025-0709 | Splunk Vulnerability Disclosure,9.1.0 to 9.1.9,2025-07-07,2025-07-07,https://advisory.splunk.com/advisories/SVD-2025-0709
enterprise:9.1.6,enterprise,Splunk Enterprise,9.1.6,9001006000,9.1.10,9001010000,SVD-2025-0709,CVE-2025-20325,Low,SVD-2025-0709 | Splunk Vulnerability Disclosure,9.1.0 to 9.1.9,2025-07-07,2025-07-07,https://advisory.splunk.com/advisories/SVD-2025-0709
enterprise:9.1.7,enterprise,Splunk Enterprise,9.1.7,9001007000,9.1.10,9001010000,SVD-2025-0709,CVE-2025-20325,Low,SVD-2025-0709 | Splunk Vulnerability Disclosure,9.1.0 to 9.1.9,2025-07-07,2025-07-07,https://advisory.splunk.com/advisories/SVD-2025-0709
enterprise:9.1.8,enterprise,Splunk Enterprise,9.1.8,9001008000,9.1.10,9001010000,SVD-2025-0709,CVE-2025-20325,Low,SVD-2025-0709 | Splunk Vulnerability Disclosure,9.1.0 to 9.1.9,2025-07-07,2025-07-07,https://advisory.splunk.com/advisories/SVD-2025-0709
enterprise:9.1.9,enterprise,Splunk Enterprise,9.1.9,9001009000,9.1.10,9001010000,SVD-2025-0709,CVE-2025-20325,Low,SVD-2025-0709 | Splunk Vulnerability Disclosure,9.1.0 to 9.1.9,2025-07-07,2025-07-07,https://advisory.splunk.com/advisories/SVD-2025-0709
enterprise:9.4.0,enterprise,Splunk Enterprise,9.4.0,9004000000,9.4.3,9004003000,SVD-2025-0702,CVE-2025-20319,High,SVD-2025-0702 | Splunk Vulnerability Disclosure,9.4.0 to 9.4.2,2025-07-07,2025-07-07,https://advisory.splunk.com/advisories/SVD-2025-0702
enterprise:9.4.1,enterprise,Splunk Enterprise,9.4.1,9004001000,9.4.3,9004003000,SVD-2025-0702,CVE-2025-20319,High,SVD-2025-0702 | Splunk Vulnerability Disclosure,9.4.0 to 9.4.2,2025-07-07,2025-07-07,https://advisory.splunk.com/advisories/SVD-2025-0702
enterprise:9.4.2,enterprise,Splunk Enterprise,9.4.2,9004002000,9.4.3,9004003000,SVD-2025-0702,CVE-2025-20319,High,SVD-2025-0702 | Splunk Vulnerability Disclosure,9.4.0 to 9.4.2,2025-07-07,2025-07-07,https://advisory.splunk.com/advisories/SVD-2025-0702
enterprise:9.3.0,enterprise,Splunk Enterprise,9.3.0,9003000000,9.3.5,9003005000,SVD-2025-0702,CVE-2025-20319,High,SVD-2025-0702 | Splunk Vulnerability Disclosure,9.3.0 to 9.3.4,2025-07-07,2025-07-07,https://advisory.splunk.com/advisories/SVD-2025-0702
enterprise:9.3.1,enterprise,Splunk Enterprise,9.3.1,9003001000,9.3.5,9003005000,SVD-2025-0702,CVE-2025-20319,High,SVD-2025-0702 | Splunk Vulnerability Disclosure,9.3.0 to 9.3.4,2025-07-07,2025-07-07,https://advisory.splunk.com/advisories/SVD-2025-0702
enterprise:9.3.2,enterprise,Splunk Enterprise,9.3.2,9003002000,9.3.5,9003005000,SVD-2025-0702,CVE-2025-20319,High,SVD-2025-0702 | Splunk Vulnerability Disclosure,9.3.0 to 9.3.4,2025-07-07,2025-07-07,https://advisory.splunk.com/advisories/SVD-2025-0702
enterprise:9.3.3,enterprise,Splunk Enterprise,9.3.3,9003003000,9.3.5,9003005000,SVD-2025-0702,CVE-2025-20319,High,SVD-2025-0702 | Splunk Vulnerability Disclosure,9.3.0 to 9.3.4,2025-07-07,2025-07-07,https://advisory.splunk.com/advisories/SVD-2025-0702
enterprise:9.3.4,enterprise,Splunk Enterprise,9.3.4,9003004000,9.3.5,9003005000,SVD-2025-0702,CVE-2025-20319,High,SVD-2025-0702 | Splunk Vulnerability Disclosure,9.3.0 to 9.3.4,2025-07-07,2025-07-07,https://advisory.splunk.com/advisories/SVD-2025-0702
enterprise:9.2.0,enterprise,Splunk Enterprise,9.2.0,9002000000,9.2.7,9002007000,SVD-2025-0702,CVE-2025-20319,High,SVD-2025-0702 | Splunk Vulnerability Disclosure,9.2.0 to 9.2.6,2025-07-07,2025-07-07,https://advisory.splunk.com/advisories/SVD-2025-0702
enterprise:9.2.1,enterprise,Splunk Enterprise,9.2.1,9002001000,9.2.7,9002007000,SVD-2025-0702,CVE-2025-20319,High,SVD-2025-0702 | Splunk Vulnerability Disclosure,9.2.0 to 9.2.6,2025-07-07,2025-07-07,https://advisory.splunk.com/advisories/SVD-2025-0702
enterprise:9.2.2,enterprise,Splunk Enterprise,9.2.2,9002002000,9.2.7,9002007000,SVD-2025-0702,CVE-2025-20319,High,SVD-2025-0702 | Splunk Vulnerability Disclosure,9.2.0 to 9.2.6,2025-07-07,2025-07-07,https://advisory.splunk.com/advisories/SVD-2025-0702
enterprise:9.2.3,enterprise,Splunk Enterprise,9.2.3,9002003000,9.2.7,9002007000,SVD-2025-0702,CVE-2025-20319,High,SVD-2025-0702 | Splunk Vulnerability Disclosure,9.2.0 to 9.2.6,2025-07-07,2025-07-07,https://advisory.splunk.com/advisories/SVD-2025-0702
enterprise:9.2.4,enterprise,Splunk Enterprise,9.2.4,9002004000,9.2.7,9002007000,SVD-2025-0702,CVE-2025-20319,High,SVD-2025-0702 | Splunk Vulnerability Disclosure,9.2.0 to 9.2.6,2025-07-07,2025-07-07,https://advisory.splunk.com/advisories/SVD-2025-0702
enterprise:9.2.5,enterprise,Splunk Enterprise,9.2.5,9002005000,9.2.7,9002007000,SVD-2025-0702,CVE-2025-20319,High,SVD-2025-0702 | Splunk Vulnerability Disclosure,9.2.0 to 9.2.6,2025-07-07,2025-07-07,https://advisory.splunk.com/advisories/SVD-2025-0702
enterprise:9.2.6,enterprise,Splunk Enterprise,9.2.6,9002006000,9.2.7,9002007000,SVD-2025-0702,CVE-2025-20319,High,SVD-2025-0702 | Splunk Vulnerability Disclosure,9.2.0 to 9.2.6,2025-07-07,2025-07-07,https://advisory.splunk.com/advisories/SVD-2025-0702
enterprise:9.1.0,enterprise,Splunk Enterprise,9.1.0,9001000000,9.1.10,9001010000,SVD-2025-0702,CVE-2025-20319,High,SVD-2025-0702 | Splunk Vulnerability Disclosure,9.1.0 to 9.1.9,2025-07-07,2025-07-07,https://advisory.splunk.com/advisories/SVD-2025-0702
enterprise:9.1.1,enterprise,Splunk Enterprise,9.1.1,9001001000,9.1.10,9001010000,SVD-2025-0702,CVE-2025-20319,High,SVD-2025-0702 | Splunk Vulnerability Disclosure,9.1.0 to 9.1.9,2025-07-07,2025-07-07,https://advisory.splunk.com/advisories/SVD-2025-0702
enterprise:9.1.2,enterprise,Splunk Enterprise,9.1.2,9001002000,9.1.10,9001010000,SVD-2025-0702,CVE-2025-20319,High,SVD-2025-0702 | Splunk Vulnerability Disclosure,9.1.0 to 9.1.9,2025-07-07,2025-07-07,https://advisory.splunk.com/advisories/SVD-2025-0702
enterprise:9.1.3,enterprise,Splunk Enterprise,9.1.3,9001003000,9.1.10,9001010000,SVD-2025-0702,CVE-2025-20319,High,SVD-2025-0702 | Splunk Vulnerability Disclosure,9.1.0 to 9.1.9,2025-07-07,2025-07-07,https://advisory.splunk.com/advisories/SVD-2025-0702
enterprise:9.1.4,enterprise,Splunk Enterprise,9.1.4,9001004000,9.1.10,9001010000,SVD-2025-0702,CVE-2025-20319,High,SVD-2025-0702 | Splunk Vulnerability Disclosure,9.1.0 to 9.1.9,2025-07-07,2025-07-07,https://advisory.splunk.com/advisories/SVD-2025-0702
enterprise:9.1.5,enterprise,Splunk Enterprise,9.1.5,9001005000,9.1.10,9001010000,SVD-2025-0702,CVE-2025-20319,High,SVD-2025-0702 | Splunk Vulnerability Disclosure,9.1.0 to 9.1.9,2025-07-07,2025-07-07,https://advisory.splunk.com/advisories/SVD-2025-0702
enterprise:9.1.6,enterprise,Splunk Enterprise,9.1.6,9001006000,9.1.10,9001010000,SVD-2025-0702,CVE-2025-20319,High,SVD-2025-0702 | Splunk Vulnerability Disclosure,9.1.0 to 9.1.9,2025-07-07,2025-07-07,https://advisory.splunk.com/advisories/SVD-2025-0702
enterprise:9.1.7,enterprise,Splunk Enterprise,9.1.7,9001007000,9.1.10,9001010000,SVD-2025-0702,CVE-2025-20319,High,SVD-2025-0702 | Splunk Vulnerability Disclosure,9.1.0 to 9.1.9,2025-07-07,2025-07-07,https://advisory.splunk.com/advisories/SVD-2025-0702
enterprise:9.1.8,enterprise,Splunk Enterprise,9.1.8,9001008000,9.1.10,9001010000,SVD-2025-0702,CVE-2025-20319,High,SVD-2025-0702 | Splunk Vulnerability Disclosure,9.1.0 to 9.1.9,2025-07-07,2025-07-07,https://advisory.splunk.com/advisories/SVD-2025-0702
enterprise:9.1.9,enterprise,Splunk Enterprise,9.1.9,9001009000,9.1.10,9001010000,SVD-2025-0702,CVE-2025-20319,High,SVD-2025-0702 | Splunk Vulnerability Disclosure,9.1.0 to 9.1.9,2025-07-07,2025-07-07,https://advisory.splunk.com/advisories/SVD-2025-0702
forwarder:9.4.0,forwarder,Splunk Universal Forwarder,9.4.0,9004000000,9.4.2,9004002000,SVD-2025-0604,Multiple (11) CVE-2024-24789 CVE-2024-24790 CVE-2024-45337 CVE-2025-22869 CVE-2023-5869 CVE-2024-7348 CVE-2024-10979 CVE-2025-1094 CVE-2024-45338 CVE-2024-53259 CVE-2024-28180,Critical,SVD-2025-0604 | Splunk Vulnerability Disclosure,9.4.0 to 9.4.1,2025-06-02,2025-06-06,https://advisory.splunk.com/advisories/SVD-2025-0604
forwarder:9.4.1,forwarder,Splunk Universal Forwarder,9.4.1,9004001000,9.4.2,9004002000,SVD-2025-0604,Multiple (11) CVE-2024-24789 CVE-2024-24790 CVE-2024-45337 CVE-2025-22869 CVE-2023-5869 CVE-2024-7348 CVE-2024-10979 CVE-2025-1094 CVE-2024-45338 CVE-2024-53259 CVE-2024-28180,Critical,SVD-2025-0604 | Splunk Vulnerability Disclosure,9.4.0 to 9.4.1,2025-06-02,2025-06-06,https://advisory.splunk.com/advisories/SVD-2025-0604
enterprise:9.4.0,enterprise,Splunk Enterprise,9.4.0,9004000000,9.4.2,9004002000,SVD-2025-0603,Multiple (17) CVE-2024-24789 CVE-2024-24790 CVE-2024-34155 CVE-2024-34158 CVE-2024-24791 CVE-2024-45337 CVE-2025-22869 CVE-2023-5869 CVE-2024-7348 CVE-2024-10979 CVE-2025-1094 CVE-2022-31159 CVE-2024-3651 CVE-2024-35255 CVE-2024-45338 CVE-2024-53259 CVE-2024-28180,Critical,SVD-2025-0603 | Splunk Vulnerability Disclosure,9.4.0 to 9.4.1,2025-06-02,2025-06-06,https://advisory.splunk.com/advisories/SVD-2025-0603
enterprise:9.4.1,enterprise,Splunk Enterprise,9.4.1,9004001000,9.4.2,9004002000,SVD-2025-0603,Multiple (17) CVE-2024-24789 CVE-2024-24790 CVE-2024-34155 CVE-2024-34158 CVE-2024-24791 CVE-2024-45337 CVE-2025-22869 CVE-2023-5869 CVE-2024-7348 CVE-2024-10979 CVE-2025-1094 CVE-2022-31159 CVE-2024-3651 CVE-2024-35255 CVE-2024-45338 CVE-2024-53259 CVE-2024-28180,Critical,SVD-2025-0603 | Splunk Vulnerability Disclosure,9.4.0 to 9.4.1,2025-06-02,2025-06-06,https://advisory.splunk.com/advisories/SVD-2025-0603
enterprise:9.3.0,enterprise,Splunk Enterprise,9.3.0,9003000000,9.3.4,9003004000,SVD-2025-0603,Multiple (17) CVE-2024-24789 CVE-2024-24790 CVE-2024-34155 CVE-2024-34158 CVE-2024-24791 CVE-2024-45337 CVE-2025-22869 CVE-2023-5869 CVE-2024-7348 CVE-2024-10979 CVE-2025-1094 CVE-2022-31159 CVE-2024-3651 CVE-2024-35255 CVE-2024-45338 CVE-2024-53259 CVE-2024-28180,Critical,SVD-2025-0603 | Splunk Vulnerability Disclosure,9.3.0 to 9.3.3,2025-06-02,2025-06-06,https://advisory.splunk.com/advisories/SVD-2025-0603
enterprise:9.3.1,enterprise,Splunk Enterprise,9.3.1,9003001000,9.3.4,9003004000,SVD-2025-0603,Multiple (17) CVE-2024-24789 CVE-2024-24790 CVE-2024-34155 CVE-2024-34158 CVE-2024-24791 CVE-2024-45337 CVE-2025-22869 CVE-2023-5869 CVE-2024-7348 CVE-2024-10979 CVE-2025-1094 CVE-2022-31159 CVE-2024-3651 CVE-2024-35255 CVE-2024-45338 CVE-2024-53259 CVE-2024-28180,Critical,SVD-2025-0603 | Splunk Vulnerability Disclosure,9.3.0 to 9.3.3,2025-06-02,2025-06-06,https://advisory.splunk.com/advisories/SVD-2025-0603
enterprise:9.3.2,enterprise,Splunk Enterprise,9.3.2,9003002000,9.3.4,9003004000,SVD-2025-0603,Multiple (17) CVE-2024-24789 CVE-2024-24790 CVE-2024-34155 CVE-2024-34158 CVE-2024-24791 CVE-2024-45337 CVE-2025-22869 CVE-2023-5869 CVE-2024-7348 CVE-2024-10979 CVE-2025-1094 CVE-2022-31159 CVE-2024-3651 CVE-2024-35255 CVE-2024-45338 CVE-2024-53259 CVE-2024-28180,Critical,SVD-2025-0603 | Splunk Vulnerability Disclosure,9.3.0 to 9.3.3,2025-06-02,2025-06-06,https://advisory.splunk.com/advisories/SVD-2025-0603
enterprise:9.3.3,enterprise,Splunk Enterprise,9.3.3,9003003000,9.3.4,9003004000,SVD-2025-0603,Multiple (17) CVE-2024-24789 CVE-2024-24790 CVE-2024-34155 CVE-2024-34158 CVE-2024-24791 CVE-2024-45337 CVE-2025-22869 CVE-2023-5869 CVE-2024-7348 CVE-2024-10979 CVE-2025-1094 CVE-2022-31159 CVE-2024-3651 CVE-2024-35255 CVE-2024-45338 CVE-2024-53259 CVE-2024-28180,Critical,SVD-2025-0603 | Splunk Vulnerability Disclosure,9.3.0 to 9.3.3,2025-06-02,2025-06-06,https://advisory.splunk.com/advisories/SVD-2025-0603
enterprise:9.2.0,enterprise,Splunk Enterprise,9.2.0,9002000000,9.2.6,9002006000,SVD-2025-0603,Multiple (17) CVE-2024-24789 CVE-2024-24790 CVE-2024-34155 CVE-2024-34158 CVE-2024-24791 CVE-2024-45337 CVE-2025-22869 CVE-2023-5869 CVE-2024-7348 CVE-2024-10979 CVE-2025-1094 CVE-2022-31159 CVE-2024-3651 CVE-2024-35255 CVE-2024-45338 CVE-2024-53259 CVE-2024-28180,Critical,SVD-2025-0603 | Splunk Vulnerability Disclosure,9.2.0 to 9.2.5,2025-06-02,2025-06-06,https://advisory.splunk.com/advisories/SVD-2025-0603
enterprise:9.2.1,enterprise,Splunk Enterprise,9.2.1,9002001000,9.2.6,9002006000,SVD-2025-0603,Multiple (17) CVE-2024-24789 CVE-2024-24790 CVE-2024-34155 CVE-2024-34158 CVE-2024-24791 CVE-2024-45337 CVE-2025-22869 CVE-2023-5869 CVE-2024-7348 CVE-2024-10979 CVE-2025-1094 CVE-2022-31159 CVE-2024-3651 CVE-2024-35255 CVE-2024-45338 CVE-2024-53259 CVE-2024-28180,Critical,SVD-2025-0603 | Splunk Vulnerability Disclosure,9.2.0 to 9.2.5,2025-06-02,2025-06-06,https://advisory.splunk.com/advisories/SVD-2025-0603
enterprise:9.2.2,enterprise,Splunk Enterprise,9.2.2,9002002000,9.2.6,9002006000,SVD-2025-0603,Multiple (17) CVE-2024-24789 CVE-2024-24790 CVE-2024-34155 CVE-2024-34158 CVE-2024-24791 CVE-2024-45337 CVE-2025-22869 CVE-2023-5869 CVE-2024-7348 CVE-2024-10979 CVE-2025-1094 CVE-2022-31159 CVE-2024-3651 CVE-2024-35255 CVE-2024-45338 CVE-2024-53259 CVE-2024-28180,Critical,SVD-2025-0603 | Splunk Vulnerability Disclosure,9.2.0 to 9.2.5,2025-06-02,2025-06-06,https://advisory.splunk.com/advisories/SVD-2025-0603
enterprise:9.2.3,enterprise,Splunk Enterprise,9.2.3,9002003000,9.2.6,9002006000,SVD-2025-0603,Multiple (17) CVE-2024-24789 CVE-2024-24790 CVE-2024-34155 CVE-2024-34158 CVE-2024-24791 CVE-2024-45337 CVE-2025-22869 CVE-2023-5869 CVE-2024-7348 CVE-2024-10979 CVE-2025-1094 CVE-2022-31159 CVE-2024-3651 CVE-2024-35255 CVE-2024-45338 CVE-2024-53259 CVE-2024-28180,Critical,SVD-2025-0603 | Splunk Vulnerability Disclosure,9.2.0 to 9.2.5,2025-06-02,2025-06-06,https://advisory.splunk.com/advisories/SVD-2025-0603
enterprise:9.2.4,enterprise,Splunk Enterprise,9.2.4,9002004000,9.2.6,9002006000,SVD-2025-0603,Multiple (17) CVE-2024-24789 CVE-2024-24790 CVE-2024-34155 CVE-2024-34158 CVE-2024-24791 CVE-2024-45337 CVE-2025-22869 CVE-2023-5869 CVE-2024-7348 CVE-2024-10979 CVE-2025-1094 CVE-2022-31159 CVE-2024-3651 CVE-2024-35255 CVE-2024-45338 CVE-2024-53259 CVE-2024-28180,Critical,SVD-2025-0603 | Splunk Vulnerability Disclosure,9.2.0 to 9.2.5,2025-06-02,2025-06-06,https://advisory.splunk.com/advisories/SVD-2025-0603
enterprise:9.2.5,enterprise,Splunk Enterprise,9.2.5,9002005000,9.2.6,9002006000,SVD-2025-0603,Multiple (17) CVE-2024-24789 CVE-2024-24790 CVE-2024-34155 CVE-2024-34158 CVE-2024-24791 CVE-2024-45337 CVE-2025-22869 CVE-2023-5869 CVE-2024-7348 CVE-2024-10979 CVE-2025-1094 CVE-2022-31159 CVE-2024-3651 CVE-2024-35255 CVE-2024-45338 CVE-2024-53259 CVE-2024-28180,Critical,SVD-2025-0603 | Splunk Vulnerability Disclosure,9.2.0 to 9.2.5,2025-06-02,2025-06-06,https://advisory.splunk.com/advisories/SVD-2025-0603
enterprise:9.1.0,enterprise,Splunk Enterprise,9.1.0,9001000000,9.1.9,9001009000,SVD-2025-0603,Multiple (17) CVE-2024-24789 CVE-2024-24790 CVE-2024-34155 CVE-2024-34158 CVE-2024-24791 CVE-2024-45337 CVE-2025-22869 CVE-2023-5869 CVE-2024-7348 CVE-2024-10979 CVE-2025-1094 CVE-2022-31159 CVE-2024-3651 CVE-2024-35255 CVE-2024-45338 CVE-2024-53259 CVE-2024-28180,Critical,SVD-2025-0603 | Splunk Vulnerability Disclosure,9.1.0 to 9.1.8,2025-06-02,2025-06-06,https://advisory.splunk.com/advisories/SVD-2025-0603
enterprise:9.1.1,enterprise,Splunk Enterprise,9.1.1,9001001000,9.1.9,9001009000,SVD-2025-0603,Multiple (17) CVE-2024-24789 CVE-2024-24790 CVE-2024-34155 CVE-2024-34158 CVE-2024-24791 CVE-2024-45337 CVE-2025-22869 CVE-2023-5869 CVE-2024-7348 CVE-2024-10979 CVE-2025-1094 CVE-2022-31159 CVE-2024-3651 CVE-2024-35255 CVE-2024-45338 CVE-2024-53259 CVE-2024-28180,Critical,SVD-2025-0603 | Splunk Vulnerability Disclosure,9.1.0 to 9.1.8,2025-06-02,2025-06-06,https://advisory.splunk.com/advisories/SVD-2025-0603
enterprise:9.1.2,enterprise,Splunk Enterprise,9.1.2,9001002000,9.1.9,9001009000,SVD-2025-0603,Multiple (17) CVE-2024-24789 CVE-2024-24790 CVE-2024-34155 CVE-2024-34158 CVE-2024-24791 CVE-2024-45337 CVE-2025-22869 CVE-2023-5869 CVE-2024-7348 CVE-2024-10979 CVE-2025-1094 CVE-2022-31159 CVE-2024-3651 CVE-2024-35255 CVE-2024-45338 CVE-2024-53259 CVE-2024-28180,Critical,SVD-2025-0603 | Splunk Vulnerability Disclosure,9.1.0 to 9.1.8,2025-06-02,2025-06-06,https://advisory.splunk.com/advisories/SVD-2025-0603
enterprise:9.1.3,enterprise,Splunk Enterprise,9.1.3,9001003000,9.1.9,9001009000,SVD-2025-0603,Multiple (17) CVE-2024-24789 CVE-2024-24790 CVE-2024-34155 CVE-2024-34158 CVE-2024-24791 CVE-2024-45337 CVE-2025-22869 CVE-2023-5869 CVE-2024-7348 CVE-2024-10979 CVE-2025-1094 CVE-2022-31159 CVE-2024-3651 CVE-2024-35255 CVE-2024-45338 CVE-2024-53259 CVE-2024-28180,Critical,SVD-2025-0603 | Splunk Vulnerability Disclosure,9.1.0 to 9.1.8,2025-06-02,2025-06-06,https://advisory.splunk.com/advisories/SVD-2025-0603
enterprise:9.1.4,enterprise,Splunk Enterprise,9.1.4,9001004000,9.1.9,9001009000,SVD-2025-0603,Multiple (17) CVE-2024-24789 CVE-2024-24790 CVE-2024-34155 CVE-2024-34158 CVE-2024-24791 CVE-2024-45337 CVE-2025-22869 CVE-2023-5869 CVE-2024-7348 CVE-2024-10979 CVE-2025-1094 CVE-2022-31159 CVE-2024-3651 CVE-2024-35255 CVE-2024-45338 CVE-2024-53259 CVE-2024-28180,Critical,SVD-2025-0603 | Splunk Vulnerability Disclosure,9.1.0 to 9.1.8,2025-06-02,2025-06-06,https://advisory.splunk.com/advisories/SVD-2025-0603
enterprise:9.1.5,enterprise,Splunk Enterprise,9.1.5,9001005000,9.1.9,9001009000,SVD-2025-0603,Multiple (17) CVE-2024-24789 CVE-2024-24790 CVE-2024-34155 CVE-2024-34158 CVE-2024-24791 CVE-2024-45337 CVE-2025-22869 CVE-2023-5869 CVE-2024-7348 CVE-2024-10979 CVE-2025-1094 CVE-2022-31159 CVE-2024-3651 CVE-2024-35255 CVE-2024-45338 CVE-2024-53259 CVE-2024-28180,Critical,SVD-2025-0603 | Splunk Vulnerability Disclosure,9.1.0 to 9.1.8,2025-06-02,2025-06-06,https://advisory.splunk.com/advisories/SVD-2025-0603
enterprise:9.1.6,enterprise,Splunk Enterprise,9.1.6,9001006000,9.1.9,9001009000,SVD-2025-0603,Multiple (17) CVE-2024-24789 CVE-2024-24790 CVE-2024-34155 CVE-2024-34158 CVE-2024-24791 CVE-2024-45337 CVE-2025-22869 CVE-2023-5869 CVE-2024-7348 CVE-2024-10979 CVE-2025-1094 CVE-2022-31159 CVE-2024-3651 CVE-2024-35255 CVE-2024-45338 CVE-2024-53259 CVE-2024-28180,Critical,SVD-2025-0603 | Splunk Vulnerability Disclosure,9.1.0 to 9.1.8,2025-06-02,2025-06-06,https://advisory.splunk.com/advisories/SVD-2025-0603
enterprise:9.1.7,enterprise,Splunk Enterprise,9.1.7,9001007000,9.1.9,9001009000,SVD-2025-0603,Multiple (17) CVE-2024-24789 CVE-2024-24790 CVE-2024-34155 CVE-2024-34158 CVE-2024-24791 CVE-2024-45337 CVE-2025-22869 CVE-2023-5869 CVE-2024-7348 CVE-2024-10979 CVE-2025-1094 CVE-2022-31159 CVE-2024-3651 CVE-2024-35255 CVE-2024-45338 CVE-2024-53259 CVE-2024-28180,Critical,SVD-2025-0603 | Splunk Vulnerability Disclosure,9.1.0 to 9.1.8,2025-06-02,2025-06-06,https://advisory.splunk.com/advisories/SVD-2025-0603
enterprise:9.1.8,enterprise,Splunk Enterprise,9.1.8,9001008000,9.1.9,9001009000,SVD-2025-0603,Multiple (17) CVE-2024-24789 CVE-2024-24790 CVE-2024-34155 CVE-2024-34158 CVE-2024-24791 CVE-2024-45337 CVE-2025-22869 CVE-2023-5869 CVE-2024-7348 CVE-2024-10979 CVE-2025-1094 CVE-2022-31159 CVE-2024-3651 CVE-2024-35255 CVE-2024-45338 CVE-2024-53259 CVE-2024-28180,Critical,SVD-2025-0603 | Splunk Vulnerability Disclosure,9.1.0 to 9.1.8,2025-06-02,2025-06-06,https://advisory.splunk.com/advisories/SVD-2025-0603
forwarder:9.4.0,forwarder,Splunk/UniversalForwarder for Windows,9.4.0,9004000000,9.4.2,9004002000,SVD-2025-0602,CVE-2025-20298,High,SVD-2025-0602 | Splunk Vulnerability Disclosure,Below 9.4.2,2025-06-02,2025-07-11,https://advisory.splunk.com/advisories/SVD-2025-0602
forwarder:9.4.1,forwarder,Splunk/UniversalForwarder for Windows,9.4.1,9004001000,9.4.2,9004002000,SVD-2025-0602,CVE-2025-20298,High,SVD-2025-0602 | Splunk Vulnerability Disclosure,Below 9.4.2,2025-06-02,2025-07-11,https://advisory.splunk.com/advisories/SVD-2025-0602
forwarder:9.3.0,forwarder,Splunk/UniversalForwarder for Windows,9.3.0,9003000000,9.3.4,9003004000,SVD-2025-0602,CVE-2025-20298,High,SVD-2025-0602 | Splunk Vulnerability Disclosure,Below 9.3.4,2025-06-02,2025-07-11,https://advisory.splunk.com/advisories/SVD-2025-0602
forwarder:9.3.1,forwarder,Splunk/UniversalForwarder for Windows,9.3.1,9003001000,9.3.4,9003004000,SVD-2025-0602,CVE-2025-20298,High,SVD-2025-0602 | Splunk Vulnerability Disclosure,Below 9.3.4,2025-06-02,2025-07-11,https://advisory.splunk.com/advisories/SVD-2025-0602
forwarder:9.3.2,forwarder,Splunk/UniversalForwarder for Windows,9.3.2,9003002000,9.3.4,9003004000,SVD-2025-0602,CVE-2025-20298,High,SVD-2025-0602 | Splunk Vulnerability Disclosure,Below 9.3.4,2025-06-02,2025-07-11,https://advisory.splunk.com/advisories/SVD-2025-0602
forwarder:9.3.3,forwarder,Splunk/UniversalForwarder for Windows,9.3.3,9003003000,9.3.4,9003004000,SVD-2025-0602,CVE-2025-20298,High,SVD-2025-0602 | Splunk Vulnerability Disclosure,Below 9.3.4,2025-06-02,2025-07-11,https://advisory.splunk.com/advisories/SVD-2025-0602
forwarder:9.2.0,forwarder,Splunk/UniversalForwarder for Windows,9.2.0,9002000000,9.2.6,9002006000,SVD-2025-0602,CVE-2025-20298,High,SVD-2025-0602 | Splunk Vulnerability Disclosure,Below 9.2.6,2025-06-02,2025-07-11,https://advisory.splunk.com/advisories/SVD-2025-0602
forwarder:9.2.1,forwarder,Splunk/UniversalForwarder for Windows,9.2.1,9002001000,9.2.6,9002006000,SVD-2025-0602,CVE-2025-20298,High,SVD-2025-0602 | Splunk Vulnerability Disclosure,Below 9.2.6,2025-06-02,2025-07-11,https://advisory.splunk.com/advisories/SVD-2025-0602
forwarder:9.2.2,forwarder,Splunk/UniversalForwarder for Windows,9.2.2,9002002000,9.2.6,9002006000,SVD-2025-0602,CVE-2025-20298,High,SVD-2025-0602 | Splunk Vulnerability Disclosure,Below 9.2.6,2025-06-02,2025-07-11,https://advisory.splunk.com/advisories/SVD-2025-0602
forwarder:9.2.3,forwarder,Splunk/UniversalForwarder for Windows,9.2.3,9002003000,9.2.6,9002006000,SVD-2025-0602,CVE-2025-20298,High,SVD-2025-0602 | Splunk Vulnerability Disclosure,Below 9.2.6,2025-06-02,2025-07-11,https://advisory.splunk.com/advisories/SVD-2025-0602
forwarder:9.2.4,forwarder,Splunk/UniversalForwarder for Windows,9.2.4,9002004000,9.2.6,9002006000,SVD-2025-0602,CVE-2025-20298,High,SVD-2025-0602 | Splunk Vulnerability Disclosure,Below 9.2.6,2025-06-02,2025-07-11,https://advisory.splunk.com/advisories/SVD-2025-0602
forwarder:9.2.5,forwarder,Splunk/UniversalForwarder for Windows,9.2.5,9002005000,9.2.6,9002006000,SVD-2025-0602,CVE-2025-20298,High,SVD-2025-0602 | Splunk Vulnerability Disclosure,Below 9.2.6,2025-06-02,2025-07-11,https://advisory.splunk.com/advisories/SVD-2025-0602
forwarder:9.1.0,forwarder,Splunk/UniversalForwarder for Windows,9.1.0,9001000000,9.1.9,9001009000,SVD-2025-0602,CVE-2025-20298,High,SVD-2025-0602 | Splunk Vulnerability Disclosure,Below 9.1.9,2025-06-02,2025-07-11,https://advisory.splunk.com/advisories/SVD-2025-0602
forwarder:9.1.1,forwarder,Splunk/UniversalForwarder for Windows,9.1.1,9001001000,9.1.9,9001009000,SVD-2025-0602,CVE-2025-20298,High,SVD-2025-0602 | Splunk Vulnerability Disclosure,Below 9.1.9,2025-06-02,2025-07-11,https://advisory.splunk.com/advisories/SVD-2025-0602
forwarder:9.1.2,forwarder,Splunk/UniversalForwarder for Windows,9.1.2,9001002000,9.1.9,9001009000,SVD-2025-0602,CVE-2025-20298,High,SVD-2025-0602 | Splunk Vulnerability Disclosure,Below 9.1.9,2025-06-02,2025-07-11,https://advisory.splunk.com/advisories/SVD-2025-0602
forwarder:9.1.3,forwarder,Splunk/UniversalForwarder for Windows,9.1.3,9001003000,9.1.9,9001009000,SVD-2025-0602,CVE-2025-20298,High,SVD-2025-0602 | Splunk Vulnerability Disclosure,Below 9.1.9,2025-06-02,2025-07-11,https://advisory.splunk.com/advisories/SVD-2025-0602
forwarder:9.1.4,forwarder,Splunk/UniversalForwarder for Windows,9.1.4,9001004000,9.1.9,9001009000,SVD-2025-0602,CVE-2025-20298,High,SVD-2025-0602 | Splunk Vulnerability Disclosure,Below 9.1.9,2025-06-02,2025-07-11,https://advisory.splunk.com/advisories/SVD-2025-0602
forwarder:9.1.5,forwarder,Splunk/UniversalForwarder for Windows,9.1.5,9001005000,9.1.9,9001009000,SVD-2025-0602,CVE-2025-20298,High,SVD-2025-0602 | Splunk Vulnerability Disclosure,Below 9.1.9,2025-06-02,2025-07-11,https://advisory.splunk.com/advisories/SVD-2025-0602
forwarder:9.1.6,forwarder,Splunk/UniversalForwarder for Windows,9.1.6,9001006000,9.1.9,9001009000,SVD-2025-0602,CVE-2025-20298,High,SVD-2025-0602 | Splunk Vulnerability Disclosure,Below 9.1.9,2025-06-02,2025-07-11,https://advisory.splunk.com/advisories/SVD-2025-0602
forwarder:9.1.7,forwarder,Splunk/UniversalForwarder for Windows,9.1.7,9001007000,9.1.9,9001009000,SVD-2025-0602,CVE-2025-20298,High,SVD-2025-0602 | Splunk Vulnerability Disclosure,Below 9.1.9,2025-06-02,2025-07-11,https://advisory.splunk.com/advisories/SVD-2025-0602
forwarder:9.1.8,forwarder,Splunk/UniversalForwarder for Windows,9.1.8,9001008000,9.1.9,9001009000,SVD-2025-0602,CVE-2025-20298,High,SVD-2025-0602 | Splunk Vulnerability Disclosure,Below 9.1.9,2025-06-02,2025-07-11,https://advisory.splunk.com/advisories/SVD-2025-0602
enterprise:9.4.0,enterprise,Splunk Enterprise,9.4.0,9004000000,9.4.1,9004001000,SVD-2025-0308,Multiple (2) CVE-2024-3651 CVE-2024-6923,Medium,SVD-2025-0308 | Splunk Vulnerability Disclosure,9.4.0,2025-03-26,2025-06-04,https://advisory.splunk.com/advisories/SVD-2025-0308
enterprise:9.3.0,enterprise,Splunk Enterprise,9.3.0,9003000000,9.3.3,9003003000,SVD-2025-0308,Multiple (2) CVE-2024-3651 CVE-2024-6923,Medium,SVD-2025-0308 | Splunk Vulnerability Disclosure,9.3.0 to 9.3.2,2025-03-26,2025-06-04,https://advisory.splunk.com/advisories/SVD-2025-0308
enterprise:9.3.1,enterprise,Splunk Enterprise,9.3.1,9003001000,9.3.3,9003003000,SVD-2025-0308,Multiple (2) CVE-2024-3651 CVE-2024-6923,Medium,SVD-2025-0308 | Splunk Vulnerability Disclosure,9.3.0 to 9.3.2,2025-03-26,2025-06-04,https://advisory.splunk.com/advisories/SVD-2025-0308
enterprise:9.3.2,enterprise,Splunk Enterprise,9.3.2,9003002000,9.3.3,9003003000,SVD-2025-0308,Multiple (2) CVE-2024-3651 CVE-2024-6923,Medium,SVD-2025-0308 | Splunk Vulnerability Disclosure,9.3.0 to 9.3.2,2025-03-26,2025-06-04,https://advisory.splunk.com/advisories/SVD-2025-0308
enterprise:9.2.0,enterprise,Splunk Enterprise,9.2.0,9002000000,9.2.5,9002005000,SVD-2025-0308,Multiple (2) CVE-2024-3651 CVE-2024-6923,Medium,SVD-2025-0308 | Splunk Vulnerability Disclosure,9.2.0 to 9.2.4,2025-03-26,2025-06-04,https://advisory.splunk.com/advisories/SVD-2025-0308
enterprise:9.2.1,enterprise,Splunk Enterprise,9.2.1,9002001000,9.2.5,9002005000,SVD-2025-0308,Multiple (2) CVE-2024-3651 CVE-2024-6923,Medium,SVD-2025-0308 | Splunk Vulnerability Disclosure,9.2.0 to 9.2.4,2025-03-26,2025-06-04,https://advisory.splunk.com/advisories/SVD-2025-0308
enterprise:9.2.2,enterprise,Splunk Enterprise,9.2.2,9002002000,9.2.5,9002005000,SVD-2025-0308,Multiple (2) CVE-2024-3651 CVE-2024-6923,Medium,SVD-2025-0308 | Splunk Vulnerability Disclosure,9.2.0 to 9.2.4,2025-03-26,2025-06-04,https://advisory.splunk.com/advisories/SVD-2025-0308
enterprise:9.2.3,enterprise,Splunk Enterprise,9.2.3,9002003000,9.2.5,9002005000,SVD-2025-0308,Multiple (2) CVE-2024-3651 CVE-2024-6923,Medium,SVD-2025-0308 | Splunk Vulnerability Disclosure,9.2.0 to 9.2.4,2025-03-26,2025-06-04,https://advisory.splunk.com/advisories/SVD-2025-0308
enterprise:9.2.4,enterprise,Splunk Enterprise,9.2.4,9002004000,9.2.5,9002005000,SVD-2025-0308,Multiple (2) CVE-2024-3651 CVE-2024-6923,Medium,SVD-2025-0308 | Splunk Vulnerability Disclosure,9.2.0 to 9.2.4,2025-03-26,2025-06-04,https://advisory.splunk.com/advisories/SVD-2025-0308
enterprise:9.1.0,enterprise,Splunk Enterprise,9.1.0,9001000000,9.1.8,9001008000,SVD-2025-0308,Multiple (2) CVE-2024-3651 CVE-2024-6923,Medium,SVD-2025-0308 | Splunk Vulnerability Disclosure,9.1.0 to 9.1.7,2025-03-26,2025-06-04,https://advisory.splunk.com/advisories/SVD-2025-0308
enterprise:9.1.1,enterprise,Splunk Enterprise,9.1.1,9001001000,9.1.8,9001008000,SVD-2025-0308,Multiple (2) CVE-2024-3651 CVE-2024-6923,Medium,SVD-2025-0308 | Splunk Vulnerability Disclosure,9.1.0 to 9.1.7,2025-03-26,2025-06-04,https://advisory.splunk.com/advisories/SVD-2025-0308
enterprise:9.1.2,enterprise,Splunk Enterprise,9.1.2,9001002000,9.1.8,9001008000,SVD-2025-0308,Multiple (2) CVE-2024-3651 CVE-2024-6923,Medium,SVD-2025-0308 | Splunk Vulnerability Disclosure,9.1.0 to 9.1.7,2025-03-26,2025-06-04,https://advisory.splunk.com/advisories/SVD-2025-0308
enterprise:9.1.3,enterprise,Splunk Enterprise,9.1.3,9001003000,9.1.8,9001008000,SVD-2025-0308,Multiple (2) CVE-2024-3651 CVE-2024-6923,Medium,SVD-2025-0308 | Splunk Vulnerability Disclosure,9.1.0 to 9.1.7,2025-03-26,2025-06-04,https://advisory.splunk.com/advisories/SVD-2025-0308
enterprise:9.1.4,enterprise,Splunk Enterprise,9.1.4,9001004000,9.1.8,9001008000,SVD-2025-0308,Multiple (2) CVE-2024-3651 CVE-2024-6923,Medium,SVD-2025-0308 | Splunk Vulnerability Disclosure,9.1.0 to 9.1.7,2025-03-26,2025-06-04,https://advisory.splunk.com/advisories/SVD-2025-0308
enterprise:9.1.5,enterprise,Splunk Enterprise,9.1.5,9001005000,9.1.8,9001008000,SVD-2025-0308,Multiple (2) CVE-2024-3651 CVE-2024-6923,Medium,SVD-2025-0308 | Splunk Vulnerability Disclosure,9.1.0 to 9.1.7,2025-03-26,2025-06-04,https://advisory.splunk.com/advisories/SVD-2025-0308
enterprise:9.1.6,enterprise,Splunk Enterprise,9.1.6,9001006000,9.1.8,9001008000,SVD-2025-0308,Multiple (2) CVE-2024-3651 CVE-2024-6923,Medium,SVD-2025-0308 | Splunk Vulnerability Disclosure,9.1.0 to 9.1.7,2025-03-26,2025-06-04,https://advisory.splunk.com/advisories/SVD-2025-0308
enterprise:9.1.7,enterprise,Splunk Enterprise,9.1.7,9001007000,9.1.8,9001008000,SVD-2025-0308,Multiple (2) CVE-2024-3651 CVE-2024-6923,Medium,SVD-2025-0308 | Splunk Vulnerability Disclosure,9.1.0 to 9.1.7,2025-03-26,2025-06-04,https://advisory.splunk.com/advisories/SVD-2025-0308
enterprise:9.4.0,enterprise,Splunk Enterprise,9.4.0,9004000000,9.4.1,9004001000,SVD-2025-0307,CVE-2025-20230,Medium,SVD-2025-0307 | Splunk Vulnerability Disclosure,9.4.0,2025-03-26,2025-03-26,https://advisory.splunk.com/advisories/SVD-2025-0307
enterprise:9.3.0,enterprise,Splunk Enterprise,9.3.0,9003000000,9.3.3,9003003000,SVD-2025-0307,CVE-2025-20230,Medium,SVD-2025-0307 | Splunk Vulnerability Disclosure,9.3.0 to 9.3.2,2025-03-26,2025-03-26,https://advisory.splunk.com/advisories/SVD-2025-0307
enterprise:9.3.1,enterprise,Splunk Enterprise,9.3.1,9003001000,9.3.3,9003003000,SVD-2025-0307,CVE-2025-20230,Medium,SVD-2025-0307 | Splunk Vulnerability Disclosure,9.3.0 to 9.3.2,2025-03-26,2025-03-26,https://advisory.splunk.com/advisories/SVD-2025-0307
enterprise:9.3.2,enterprise,Splunk Enterprise,9.3.2,9003002000,9.3.3,9003003000,SVD-2025-0307,CVE-2025-20230,Medium,SVD-2025-0307 | Splunk Vulnerability Disclosure,9.3.0 to 9.3.2,2025-03-26,2025-03-26,https://advisory.splunk.com/advisories/SVD-2025-0307
enterprise:9.2.0,enterprise,Splunk Enterprise,9.2.0,9002000000,9.2.5,9002005000,SVD-2025-0307,CVE-2025-20230,Medium,SVD-2025-0307 | Splunk Vulnerability Disclosure,9.2.0 to 9.2.4,2025-03-26,2025-03-26,https://advisory.splunk.com/advisories/SVD-2025-0307
enterprise:9.2.1,enterprise,Splunk Enterprise,9.2.1,9002001000,9.2.5,9002005000,SVD-2025-0307,CVE-2025-20230,Medium,SVD-2025-0307 | Splunk Vulnerability Disclosure,9.2.0 to 9.2.4,2025-03-26,2025-03-26,https://advisory.splunk.com/advisories/SVD-2025-0307
enterprise:9.2.2,enterprise,Splunk Enterprise,9.2.2,9002002000,9.2.5,9002005000,SVD-2025-0307,CVE-2025-20230,Medium,SVD-2025-0307 | Splunk Vulnerability Disclosure,9.2.0 to 9.2.4,2025-03-26,2025-03-26,https://advisory.splunk.com/advisories/SVD-2025-0307
enterprise:9.2.3,enterprise,Splunk Enterprise,9.2.3,9002003000,9.2.5,9002005000,SVD-2025-0307,CVE-2025-20230,Medium,SVD-2025-0307 | Splunk Vulnerability Disclosure,9.2.0 to 9.2.4,2025-03-26,2025-03-26,https://advisory.splunk.com/advisories/SVD-2025-0307
enterprise:9.2.4,enterprise,Splunk Enterprise,9.2.4,9002004000,9.2.5,9002005000,SVD-2025-0307,CVE-2025-20230,Medium,SVD-2025-0307 | Splunk Vulnerability Disclosure,9.2.0 to 9.2.4,2025-03-26,2025-03-26,https://advisory.splunk.com/advisories/SVD-2025-0307
enterprise:9.1.0,enterprise,Splunk Enterprise,9.1.0,9001000000,9.1.8,9001008000,SVD-2025-0307,CVE-2025-20230,Medium,SVD-2025-0307 | Splunk Vulnerability Disclosure,9.1.0 to 9.1.7,2025-03-26,2025-03-26,https://advisory.splunk.com/advisories/SVD-2025-0307
enterprise:9.1.1,enterprise,Splunk Enterprise,9.1.1,9001001000,9.1.8,9001008000,SVD-2025-0307,CVE-2025-20230,Medium,SVD-2025-0307 | Splunk Vulnerability Disclosure,9.1.0 to 9.1.7,2025-03-26,2025-03-26,https://advisory.splunk.com/advisories/SVD-2025-0307
enterprise:9.1.2,enterprise,Splunk Enterprise,9.1.2,9001002000,9.1.8,9001008000,SVD-2025-0307,CVE-2025-20230,Medium,SVD-2025-0307 | Splunk Vulnerability Disclosure,9.1.0 to 9.1.7,2025-03-26,2025-03-26,https://advisory.splunk.com/advisories/SVD-2025-0307
enterprise:9.1.3,enterprise,Splunk Enterprise,9.1.3,9001003000,9.1.8,9001008000,SVD-2025-0307,CVE-2025-20230,Medium,SVD-2025-0307 | Splunk Vulnerability Disclosure,9.1.0 to 9.1.7,2025-03-26,2025-03-26,https://advisory.splunk.com/advisories/SVD-2025-0307
enterprise:9.1.4,enterprise,Splunk Enterprise,9.1.4,9001004000,9.1.8,9001008000,SVD-2025-0307,CVE-2025-20230,Medium,SVD-2025-0307 | Splunk Vulnerability Disclosure,9.1.0 to 9.1.7,2025-03-26,2025-03-26,https://advisory.splunk.com/advisories/SVD-2025-0307
enterprise:9.1.5,enterprise,Splunk Enterprise,9.1.5,9001005000,9.1.8,9001008000,SVD-2025-0307,CVE-2025-20230,Medium,SVD-2025-0307 | Splunk Vulnerability Disclosure,9.1.0 to 9.1.7,2025-03-26,2025-03-26,https://advisory.splunk.com/advisories/SVD-2025-0307
enterprise:9.1.6,enterprise,Splunk Enterprise,9.1.6,9001006000,9.1.8,9001008000,SVD-2025-0307,CVE-2025-20230,Medium,SVD-2025-0307 | Splunk Vulnerability Disclosure,9.1.0 to 9.1.7,2025-03-26,2025-03-26,https://advisory.splunk.com/advisories/SVD-2025-0307
enterprise:9.1.7,enterprise,Splunk Enterprise,9.1.7,9001007000,9.1.8,9001008000,SVD-2025-0307,CVE-2025-20230,Medium,SVD-2025-0307 | Splunk Vulnerability Disclosure,9.1.0 to 9.1.7,2025-03-26,2025-03-26,https://advisory.splunk.com/advisories/SVD-2025-0307
enterprise:9.4.0,enterprise,Splunk Enterprise,9.4.0,9004000000,9.4.1,9004001000,SVD-2025-0305,CVE-2025-20226,Medium,SVD-2025-0305 | Splunk Vulnerability Disclosure,9.4.0,2025-03-26,2025-03-26,https://advisory.splunk.com/advisories/SVD-2025-0305
enterprise:9.3.0,enterprise,Splunk Enterprise,9.3.0,9003000000,9.3.3,9003003000,SVD-2025-0305,CVE-2025-20226,Medium,SVD-2025-0305 | Splunk Vulnerability Disclosure,9.3.0 to 9.3.2,2025-03-26,2025-03-26,https://advisory.splunk.com/advisories/SVD-2025-0305
enterprise:9.3.1,enterprise,Splunk Enterprise,9.3.1,9003001000,9.3.3,9003003000,SVD-2025-0305,CVE-2025-20226,Medium,SVD-2025-0305 | Splunk Vulnerability Disclosure,9.3.0 to 9.3.2,2025-03-26,2025-03-26,https://advisory.splunk.com/advisories/SVD-2025-0305
enterprise:9.3.2,enterprise,Splunk Enterprise,9.3.2,9003002000,9.3.3,9003003000,SVD-2025-0305,CVE-2025-20226,Medium,SVD-2025-0305 | Splunk Vulnerability Disclosure,9.3.0 to 9.3.2,2025-03-26,2025-03-26,https://advisory.splunk.com/advisories/SVD-2025-0305
enterprise:9.2.0,enterprise,Splunk Enterprise,9.2.0,9002000000,9.2.5,9002005000,SVD-2025-0305,CVE-2025-20226,Medium,SVD-2025-0305 | Splunk Vulnerability Disclosure,9.2.0 to 9.2.4,2025-03-26,2025-03-26,https://advisory.splunk.com/advisories/SVD-2025-0305
enterprise:9.2.1,enterprise,Splunk Enterprise,9.2.1,9002001000,9.2.5,9002005000,SVD-2025-0305,CVE-2025-20226,Medium,SVD-2025-0305 | Splunk Vulnerability Disclosure,9.2.0 to 9.2.4,2025-03-26,2025-03-26,https://advisory.splunk.com/advisories/SVD-2025-0305
enterprise:9.2.2,enterprise,Splunk Enterprise,9.2.2,9002002000,9.2.5,9002005000,SVD-2025-0305,CVE-2025-20226,Medium,SVD-2025-0305 | Splunk Vulnerability Disclosure,9.2.0 to 9.2.4,2025-03-26,2025-03-26,https://advisory.splunk.com/advisories/SVD-2025-0305
enterprise:9.2.3,enterprise,Splunk Enterprise,9.2.3,9002003000,9.2.5,9002005000,SVD-2025-0305,CVE-2025-20226,Medium,SVD-2025-0305 | Splunk Vulnerability Disclosure,9.2.0 to 9.2.4,2025-03-26,2025-03-26,https://advisory.splunk.com/advisories/SVD-2025-0305
enterprise:9.2.4,enterprise,Splunk Enterprise,9.2.4,9002004000,9.2.5,9002005000,SVD-2025-0305,CVE-2025-20226,Medium,SVD-2025-0305 | Splunk Vulnerability Disclosure,9.2.0 to 9.2.4,2025-03-26,2025-03-26,https://advisory.splunk.com/advisories/SVD-2025-0305
enterprise:9.1.0,enterprise,Splunk Enterprise,9.1.0,9001000000,9.1.8,9001008000,SVD-2025-0305,CVE-2025-20226,Medium,SVD-2025-0305 | Splunk Vulnerability Disclosure,9.1.0 to 9.1.7,2025-03-26,2025-03-26,https://advisory.splunk.com/advisories/SVD-2025-0305
enterprise:9.1.1,enterprise,Splunk Enterprise,9.1.1,9001001000,9.1.8,9001008000,SVD-2025-0305,CVE-2025-20226,Medium,SVD-2025-0305 | Splunk Vulnerability Disclosure,9.1.0 to 9.1.7,2025-03-26,2025-03-26,https://advisory.splunk.com/advisories/SVD-2025-0305
enterprise:9.1.2,enterprise,Splunk Enterprise,9.1.2,9001002000,9.1.8,9001008000,SVD-2025-0305,CVE-2025-20226,Medium,SVD-2025-0305 | Splunk Vulnerability Disclosure,9.1.0 to 9.1.7,2025-03-26,2025-03-26,https://advisory.splunk.com/advisories/SVD-2025-0305
enterprise:9.1.3,enterprise,Splunk Enterprise,9.1.3,9001003000,9.1.8,9001008000,SVD-2025-0305,CVE-2025-20226,Medium,SVD-2025-0305 | Splunk Vulnerability Disclosure,9.1.0 to 9.1.7,2025-03-26,2025-03-26,https://advisory.splunk.com/advisories/SVD-2025-0305
enterprise:9.1.4,enterprise,Splunk Enterprise,9.1.4,9001004000,9.1.8,9001008000,SVD-2025-0305,CVE-2025-20226,Medium,SVD-2025-0305 | Splunk Vulnerability Disclosure,9.1.0 to 9.1.7,2025-03-26,2025-03-26,https://advisory.splunk.com/advisories/SVD-2025-0305
enterprise:9.1.5,enterprise,Splunk Enterprise,9.1.5,9001005000,9.1.8,9001008000,SVD-2025-0305,CVE-2025-20226,Medium,SVD-2025-0305 | Splunk Vulnerability Disclosure,9.1.0 to 9.1.7,2025-03-26,2025-03-26,https://advisory.splunk.com/advisories/SVD-2025-0305
enterprise:9.1.6,enterprise,Splunk Enterprise,9.1.6,9001006000,9.1.8,9001008000,SVD-2025-0305,CVE-2025-20226,Medium,SVD-2025-0305 | Splunk Vulnerability Disclosure,9.1.0 to 9.1.7,2025-03-26,2025-03-26,https://advisory.splunk.com/advisories/SVD-2025-0305
enterprise:9.1.7,enterprise,Splunk Enterprise,9.1.7,9001007000,9.1.8,9001008000,SVD-2025-0305,CVE-2025-20226,Medium,SVD-2025-0305 | Splunk Vulnerability Disclosure,9.1.0 to 9.1.7,2025-03-26,2025-03-26,https://advisory.splunk.com/advisories/SVD-2025-0305
enterprise:9.3.0,enterprise,Splunk Enterprise,9.3.0,9003000000,9.3.3,9003003000,SVD-2025-0304,CVE-2025-20232,Medium,SVD-2025-0304 | Splunk Vulnerability Disclosure,9.3.0 to 9.3.2,2025-03-26,2025-03-26,https://advisory.splunk.com/advisories/SVD-2025-0304
enterprise:9.3.1,enterprise,Splunk Enterprise,9.3.1,9003001000,9.3.3,9003003000,SVD-2025-0304,CVE-2025-20232,Medium,SVD-2025-0304 | Splunk Vulnerability Disclosure,9.3.0 to 9.3.2,2025-03-26,2025-03-26,https://advisory.splunk.com/advisories/SVD-2025-0304
enterprise:9.3.2,enterprise,Splunk Enterprise,9.3.2,9003002000,9.3.3,9003003000,SVD-2025-0304,CVE-2025-20232,Medium,SVD-2025-0304 | Splunk Vulnerability Disclosure,9.3.0 to 9.3.2,2025-03-26,2025-03-26,https://advisory.splunk.com/advisories/SVD-2025-0304
enterprise:9.2.0,enterprise,Splunk Enterprise,9.2.0,9002000000,9.2.5,9002005000,SVD-2025-0304,CVE-2025-20232,Medium,SVD-2025-0304 | Splunk Vulnerability Disclosure,9.2.0 to 9.2.4,2025-03-26,2025-03-26,https://advisory.splunk.com/advisories/SVD-2025-0304
enterprise:9.2.1,enterprise,Splunk Enterprise,9.2.1,9002001000,9.2.5,9002005000,SVD-2025-0304,CVE-2025-20232,Medium,SVD-2025-0304 | Splunk Vulnerability Disclosure,9.2.0 to 9.2.4,2025-03-26,2025-03-26,https://advisory.splunk.com/advisories/SVD-2025-0304
enterprise:9.2.2,enterprise,Splunk Enterprise,9.2.2,9002002000,9.2.5,9002005000,SVD-2025-0304,CVE-2025-20232,Medium,SVD-2025-0304 | Splunk Vulnerability Disclosure,9.2.0 to 9.2.4,2025-03-26,2025-03-26,https://advisory.splunk.com/advisories/SVD-2025-0304
enterprise:9.2.3,enterprise,Splunk Enterprise,9.2.3,9002003000,9.2.5,9002005000,SVD-2025-0304,CVE-2025-20232,Medium,SVD-2025-0304 | Splunk Vulnerability Disclosure,9.2.0 to 9.2.4,2025-03-26,2025-03-26,https://advisory.splunk.com/advisories/SVD-2025-0304
enterprise:9.2.4,enterprise,Splunk Enterprise,9.2.4,9002004000,9.2.5,9002005000,SVD-2025-0304,CVE-2025-20232,Medium,SVD-2025-0304 | Splunk Vulnerability Disclosure,9.2.0 to 9.2.4,2025-03-26,2025-03-26,https://advisory.splunk.com/advisories/SVD-2025-0304
enterprise:9.1.0,enterprise,Splunk Enterprise,9.1.0,9001000000,9.1.8,9001008000,SVD-2025-0304,CVE-2025-20232,Medium,SVD-2025-0304 | Splunk Vulnerability Disclosure,9.1.0 to 9.1.7,2025-03-26,2025-03-26,https://advisory.splunk.com/advisories/SVD-2025-0304
enterprise:9.1.1,enterprise,Splunk Enterprise,9.1.1,9001001000,9.1.8,9001008000,SVD-2025-0304,CVE-2025-20232,Medium,SVD-2025-0304 | Splunk Vulnerability Disclosure,9.1.0 to 9.1.7,2025-03-26,2025-03-26,https://advisory.splunk.com/advisories/SVD-2025-0304
enterprise:9.1.2,enterprise,Splunk Enterprise,9.1.2,9001002000,9.1.8,9001008000,SVD-2025-0304,CVE-2025-20232,Medium,SVD-2025-0304 | Splunk Vulnerability Disclosure,9.1.0 to 9.1.7,2025-03-26,2025-03-26,https://advisory.splunk.com/advisories/SVD-2025-0304
enterprise:9.1.3,enterprise,Splunk Enterprise,9.1.3,9001003000,9.1.8,9001008000,SVD-2025-0304,CVE-2025-20232,Medium,SVD-2025-0304 | Splunk Vulnerability Disclosure,9.1.0 to 9.1.7,2025-03-26,2025-03-26,https://advisory.splunk.com/advisories/SVD-2025-0304
enterprise:9.1.4,enterprise,Splunk Enterprise,9.1.4,9001004000,9.1.8,9001008000,SVD-2025-0304,CVE-2025-20232,Medium,SVD-2025-0304 | Splunk Vulnerability Disclosure,9.1.0 to 9.1.7,2025-03-26,2025-03-26,https://advisory.splunk.com/advisories/SVD-2025-0304
enterprise:9.1.5,enterprise,Splunk Enterprise,9.1.5,9001005000,9.1.8,9001008000,SVD-2025-0304,CVE-2025-20232,Medium,SVD-2025-0304 | Splunk Vulnerability Disclosure,9.1.0 to 9.1.7,2025-03-26,2025-03-26,https://advisory.splunk.com/advisories/SVD-2025-0304
enterprise:9.1.6,enterprise,Splunk Enterprise,9.1.6,9001006000,9.1.8,9001008000,SVD-2025-0304,CVE-2025-20232,Medium,SVD-2025-0304 | Splunk Vulnerability Disclosure,9.1.0 to 9.1.7,2025-03-26,2025-03-26,https://advisory.splunk.com/advisories/SVD-2025-0304
enterprise:9.1.7,enterprise,Splunk Enterprise,9.1.7,9001007000,9.1.8,9001008000,SVD-2025-0304,CVE-2025-20232,Medium,SVD-2025-0304 | Splunk Vulnerability Disclosure,9.1.0 to 9.1.7,2025-03-26,2025-03-26,https://advisory.splunk.com/advisories/SVD-2025-0304
enterprise:9.3.0,enterprise,Splunk Enterprise,9.3.0,9003000000,9.3.3,9003003000,SVD-2025-0303,CVE-2025-20228,Medium,SVD-2025-0303 | Splunk Vulnerability Disclosure,9.3.0 to 9.3.2,2025-03-26,2025-03-26,https://advisory.splunk.com/advisories/SVD-2025-0303
enterprise:9.3.1,enterprise,Splunk Enterprise,9.3.1,9003001000,9.3.3,9003003000,SVD-2025-0303,CVE-2025-20228,Medium,SVD-2025-0303 | Splunk Vulnerability Disclosure,9.3.0 to 9.3.2,2025-03-26,2025-03-26,https://advisory.splunk.com/advisories/SVD-2025-0303
enterprise:9.3.2,enterprise,Splunk Enterprise,9.3.2,9003002000,9.3.3,9003003000,SVD-2025-0303,CVE-2025-20228,Medium,SVD-2025-0303 | Splunk Vulnerability Disclosure,9.3.0 to 9.3.2,2025-03-26,2025-03-26,https://advisory.splunk.com/advisories/SVD-2025-0303
enterprise:9.2.0,enterprise,Splunk Enterprise,9.2.0,9002000000,9.2.5,9002005000,SVD-2025-0303,CVE-2025-20228,Medium,SVD-2025-0303 | Splunk Vulnerability Disclosure,9.2.0 to 9.2.4,2025-03-26,2025-03-26,https://advisory.splunk.com/advisories/SVD-2025-0303
enterprise:9.2.1,enterprise,Splunk Enterprise,9.2.1,9002001000,9.2.5,9002005000,SVD-2025-0303,CVE-2025-20228,Medium,SVD-2025-0303 | Splunk Vulnerability Disclosure,9.2.0 to 9.2.4,2025-03-26,2025-03-26,https://advisory.splunk.com/advisories/SVD-2025-0303
enterprise:9.2.2,enterprise,Splunk Enterprise,9.2.2,9002002000,9.2.5,9002005000,SVD-2025-0303,CVE-2025-20228,Medium,SVD-2025-0303 | Splunk Vulnerability Disclosure,9.2.0 to 9.2.4,2025-03-26,2025-03-26,https://advisory.splunk.com/advisories/SVD-2025-0303
enterprise:9.2.3,enterprise,Splunk Enterprise,9.2.3,9002003000,9.2.5,9002005000,SVD-2025-0303,CVE-2025-20228,Medium,SVD-2025-0303 | Splunk Vulnerability Disclosure,9.2.0 to 9.2.4,2025-03-26,2025-03-26,https://advisory.splunk.com/advisories/SVD-2025-0303
enterprise:9.2.4,enterprise,Splunk Enterprise,9.2.4,9002004000,9.2.5,9002005000,SVD-2025-0303,CVE-2025-20228,Medium,SVD-2025-0303 | Splunk Vulnerability Disclosure,9.2.0 to 9.2.4,2025-03-26,2025-03-26,https://advisory.splunk.com/advisories/SVD-2025-0303
enterprise:9.1.0,enterprise,Splunk Enterprise,9.1.0,9001000000,9.1.8,9001008000,SVD-2025-0303,CVE-2025-20228,Medium,SVD-2025-0303 | Splunk Vulnerability Disclosure,9.1.0 to 9.1.7,2025-03-26,2025-03-26,https://advisory.splunk.com/advisories/SVD-2025-0303
enterprise:9.1.1,enterprise,Splunk Enterprise,9.1.1,9001001000,9.1.8,9001008000,SVD-2025-0303,CVE-2025-20228,Medium,SVD-2025-0303 | Splunk Vulnerability Disclosure,9.1.0 to 9.1.7,2025-03-26,2025-03-26,https://advisory.splunk.com/advisories/SVD-2025-0303
enterprise:9.1.2,enterprise,Splunk Enterprise,9.1.2,9001002000,9.1.8,9001008000,SVD-2025-0303,CVE-2025-20228,Medium,SVD-2025-0303 | Splunk Vulnerability Disclosure,9.1.0 to 9.1.7,2025-03-26,2025-03-26,https://advisory.splunk.com/advisories/SVD-2025-0303
enterprise:9.1.3,enterprise,Splunk Enterprise,9.1.3,9001003000,9.1.8,9001008000,SVD-2025-0303,CVE-2025-20228,Medium,SVD-2025-0303 | Splunk Vulnerability Disclosure,9.1.0 to 9.1.7,2025-03-26,2025-03-26,https://advisory.splunk.com/advisories/SVD-2025-0303
enterprise:9.1.4,enterprise,Splunk Enterprise,9.1.4,9001004000,9.1.8,9001008000,SVD-2025-0303,CVE-2025-20228,Medium,SVD-2025-0303 | Splunk Vulnerability Disclosure,9.1.0 to 9.1.7,2025-03-26,2025-03-26,https://advisory.splunk.com/advisories/SVD-2025-0303
enterprise:9.1.5,enterprise,Splunk Enterprise,9.1.5,9001005000,9.1.8,9001008000,SVD-2025-0303,CVE-2025-20228,Medium,SVD-2025-0303 | Splunk Vulnerability Disclosure,9.1.0 to 9.1.7,2025-03-26,2025-03-26,https://advisory.splunk.com/advisories/SVD-2025-0303
enterprise:9.1.6,enterprise,Splunk Enterprise,9.1.6,9001006000,9.1.8,9001008000,SVD-2025-0303,CVE-2025-20228,Medium,SVD-2025-0303 | Splunk Vulnerability Disclosure,9.1.0 to 9.1.7,2025-03-26,2025-03-26,https://advisory.splunk.com/advisories/SVD-2025-0303
enterprise:9.1.7,enterprise,Splunk Enterprise,9.1.7,9001007000,9.1.8,9001008000,SVD-2025-0303,CVE-2025-20228,Medium,SVD-2025-0303 | Splunk Vulnerability Disclosure,9.1.0 to 9.1.7,2025-03-26,2025-03-26,https://advisory.splunk.com/advisories/SVD-2025-0303
enterprise:9.4.0,enterprise,Splunk Enterprise,9.4.0,9004000000,Splunk Enterprise,,SVD-2025-0301,CVE-2025-20229,High,SVD-2025-0301 | Splunk Vulnerability Disclosure,9.4.0,2025-03-26,2025-03-26,https://advisory.splunk.com/advisories/SVD-2025-0301
enterprise:9.2.0,enterprise,Splunk Enterprise,9.2.0,9002000000,9.2.5,9002005000,SVD-2025-0301,CVE-2025-20229,High,SVD-2025-0301 | Splunk Vulnerability Disclosure,9.2.0 to 9.2.4,2025-03-26,2025-03-26,https://advisory.splunk.com/advisories/SVD-2025-0301
enterprise:9.2.1,enterprise,Splunk Enterprise,9.2.1,9002001000,9.2.5,9002005000,SVD-2025-0301,CVE-2025-20229,High,SVD-2025-0301 | Splunk Vulnerability Disclosure,9.2.0 to 9.2.4,2025-03-26,2025-03-26,https://advisory.splunk.com/advisories/SVD-2025-0301
enterprise:9.2.2,enterprise,Splunk Enterprise,9.2.2,9002002000,9.2.5,9002005000,SVD-2025-0301,CVE-2025-20229,High,SVD-2025-0301 | Splunk Vulnerability Disclosure,9.2.0 to 9.2.4,2025-03-26,2025-03-26,https://advisory.splunk.com/advisories/SVD-2025-0301
enterprise:9.2.3,enterprise,Splunk Enterprise,9.2.3,9002003000,9.2.5,9002005000,SVD-2025-0301,CVE-2025-20229,High,SVD-2025-0301 | Splunk Vulnerability Disclosure,9.2.0 to 9.2.4,2025-03-26,2025-03-26,https://advisory.splunk.com/advisories/SVD-2025-0301
enterprise:9.2.4,enterprise,Splunk Enterprise,9.2.4,9002004000,9.2.5,9002005000,SVD-2025-0301,CVE-2025-20229,High,SVD-2025-0301 | Splunk Vulnerability Disclosure,9.2.0 to 9.2.4,2025-03-26,2025-03-26,https://advisory.splunk.com/advisories/SVD-2025-0301
enterprise:9.1.0,enterprise,Splunk Enterprise,9.1.0,9001000000,9.1.8,9001008000,SVD-2025-0301,CVE-2025-20229,High,SVD-2025-0301 | Splunk Vulnerability Disclosure,9.1.0 to 9.1.7,2025-03-26,2025-03-26,https://advisory.splunk.com/advisories/SVD-2025-0301
enterprise:9.1.1,enterprise,Splunk Enterprise,9.1.1,9001001000,9.1.8,9001008000,SVD-2025-0301,CVE-2025-20229,High,SVD-2025-0301 | Splunk Vulnerability Disclosure,9.1.0 to 9.1.7,2025-03-26,2025-03-26,https://advisory.splunk.com/advisories/SVD-2025-0301
enterprise:9.1.2,enterprise,Splunk Enterprise,9.1.2,9001002000,9.1.8,9001008000,SVD-2025-0301,CVE-2025-20229,High,SVD-2025-0301 | Splunk Vulnerability Disclosure,9.1.0 to 9.1.7,2025-03-26,2025-03-26,https://advisory.splunk.com/advisories/SVD-2025-0301
enterprise:9.1.3,enterprise,Splunk Enterprise,9.1.3,9001003000,9.1.8,9001008000,SVD-2025-0301,CVE-2025-20229,High,SVD-2025-0301 | Splunk Vulnerability Disclosure,9.1.0 to 9.1.7,2025-03-26,2025-03-26,https://advisory.splunk.com/advisories/SVD-2025-0301
enterprise:9.1.4,enterprise,Splunk Enterprise,9.1.4,9001004000,9.1.8,9001008000,SVD-2025-0301,CVE-2025-20229,High,SVD-2025-0301 | Splunk Vulnerability Disclosure,9.1.0 to 9.1.7,2025-03-26,2025-03-26,https://advisory.splunk.com/advisories/SVD-2025-0301
enterprise:9.1.5,enterprise,Splunk Enterprise,9.1.5,9001005000,9.1.8,9001008000,SVD-2025-0301,CVE-2025-20229,High,SVD-2025-0301 | Splunk Vulnerability Disclosure,9.1.0 to 9.1.7,2025-03-26,2025-03-26,https://advisory.splunk.com/advisories/SVD-2025-0301
enterprise:9.1.6,enterprise,Splunk Enterprise,9.1.6,9001006000,9.1.8,9001008000,SVD-2025-0301,CVE-2025-20229,High,SVD-2025-0301 | Splunk Vulnerability Disclosure,9.1.0 to 9.1.7,2025-03-26,2025-03-26,https://advisory.splunk.com/advisories/SVD-2025-0301
enterprise:9.1.7,enterprise,Splunk Enterprise,9.1.7,9001007000,9.1.8,9001008000,SVD-2025-0301,CVE-2025-20229,High,SVD-2025-0301 | Splunk Vulnerability Disclosure,9.1.0 to 9.1.7,2025-03-26,2025-03-26,https://advisory.splunk.com/advisories/SVD-2025-0301
forwarder:9.3.0,forwarder,Splunk Universal Forwarder,9.3.0,9003000000,9.3.2,9003002000,SVD-2024-1207,CVE-2024-5535,Informational,SVD-2024-1207 | Splunk Vulnerability Disclosure,9.3.0 to 9.3.1,2024-12-10,2024-12-10,https://advisory.splunk.com/advisories/SVD-2024-1207
forwarder:9.3.1,forwarder,Splunk Universal Forwarder,9.3.1,9003001000,9.3.2,9003002000,SVD-2024-1207,CVE-2024-5535,Informational,SVD-2024-1207 | Splunk Vulnerability Disclosure,9.3.0 to 9.3.1,2024-12-10,2024-12-10,https://advisory.splunk.com/advisories/SVD-2024-1207
forwarder:9.2.0,forwarder,Splunk Universal Forwarder,9.2.0,9002000000,9.2.4,9002004000,SVD-2024-1207,CVE-2024-5535,Informational,SVD-2024-1207 | Splunk Vulnerability Disclosure,9.2.0 to 9.2.3,2024-12-10,2024-12-10,https://advisory.splunk.com/advisories/SVD-2024-1207
forwarder:9.2.1,forwarder,Splunk Universal Forwarder,9.2.1,9002001000,9.2.4,9002004000,SVD-2024-1207,CVE-2024-5535,Informational,SVD-2024-1207 | Splunk Vulnerability Disclosure,9.2.0 to 9.2.3,2024-12-10,2024-12-10,https://advisory.splunk.com/advisories/SVD-2024-1207
forwarder:9.2.2,forwarder,Splunk Universal Forwarder,9.2.2,9002002000,9.2.4,9002004000,SVD-2024-1207,CVE-2024-5535,Informational,SVD-2024-1207 | Splunk Vulnerability Disclosure,9.2.0 to 9.2.3,2024-12-10,2024-12-10,https://advisory.splunk.com/advisories/SVD-2024-1207
forwarder:9.2.3,forwarder,Splunk Universal Forwarder,9.2.3,9002003000,9.2.4,9002004000,SVD-2024-1207,CVE-2024-5535,Informational,SVD-2024-1207 | Splunk Vulnerability Disclosure,9.2.0 to 9.2.3,2024-12-10,2024-12-10,https://advisory.splunk.com/advisories/SVD-2024-1207
forwarder:9.1.0,forwarder,Splunk Universal Forwarder,9.1.0,9001000000,9.1.7,9001007000,SVD-2024-1207,CVE-2024-5535,Informational,SVD-2024-1207 | Splunk Vulnerability Disclosure,9.1.0 to 9.1.6,2024-12-10,2024-12-10,https://advisory.splunk.com/advisories/SVD-2024-1207
forwarder:9.1.1,forwarder,Splunk Universal Forwarder,9.1.1,9001001000,9.1.7,9001007000,SVD-2024-1207,CVE-2024-5535,Informational,SVD-2024-1207 | Splunk Vulnerability Disclosure,9.1.0 to 9.1.6,2024-12-10,2024-12-10,https://advisory.splunk.com/advisories/SVD-2024-1207
forwarder:9.1.2,forwarder,Splunk Universal Forwarder,9.1.2,9001002000,9.1.7,9001007000,SVD-2024-1207,CVE-2024-5535,Informational,SVD-2024-1207 | Splunk Vulnerability Disclosure,9.1.0 to 9.1.6,2024-12-10,2024-12-10,https://advisory.splunk.com/advisories/SVD-2024-1207
forwarder:9.1.3,forwarder,Splunk Universal Forwarder,9.1.3,9001003000,9.1.7,9001007000,SVD-2024-1207,CVE-2024-5535,Informational,SVD-2024-1207 | Splunk Vulnerability Disclosure,9.1.0 to 9.1.6,2024-12-10,2024-12-10,https://advisory.splunk.com/advisories/SVD-2024-1207
forwarder:9.1.4,forwarder,Splunk Universal Forwarder,9.1.4,9001004000,9.1.7,9001007000,SVD-2024-1207,CVE-2024-5535,Informational,SVD-2024-1207 | Splunk Vulnerability Disclosure,9.1.0 to 9.1.6,2024-12-10,2024-12-10,https://advisory.splunk.com/advisories/SVD-2024-1207
forwarder:9.1.5,forwarder,Splunk Universal Forwarder,9.1.5,9001005000,9.1.7,9001007000,SVD-2024-1207,CVE-2024-5535,Informational,SVD-2024-1207 | Splunk Vulnerability Disclosure,9.1.0 to 9.1.6,2024-12-10,2024-12-10,https://advisory.splunk.com/advisories/SVD-2024-1207
forwarder:9.1.6,forwarder,Splunk Universal Forwarder,9.1.6,9001006000,9.1.7,9001007000,SVD-2024-1207,CVE-2024-5535,Informational,SVD-2024-1207 | Splunk Vulnerability Disclosure,9.1.0 to 9.1.6,2024-12-10,2024-12-10,https://advisory.splunk.com/advisories/SVD-2024-1207
enterprise:9.3.0,enterprise,Splunk Enterprise,9.3.0,9003000000,9.3.2,9003002000,SVD-2024-1206,Multiple (12) CVE-2024-26308 CVE-2024-25710 CVE-2024-36114 CVE-2024-36129 CVE-2024-5535 CVE-2021-44531 CVE-2024-45296 CVE-2024-4067 CVE-2024-42459 CVE-2024-42460 CVE-2024-42461 CVE-2024-6531,High,SVD-2024-1206 | Splunk Vulnerability Disclosure,9.3.0 to 9.3.1,2024-12-10,2024-12-10,https://advisory.splunk.com/advisories/SVD-2024-1206
enterprise:9.3.1,enterprise,Splunk Enterprise,9.3.1,9003001000,9.3.2,9003002000,SVD-2024-1206,Multiple (12) CVE-2024-26308 CVE-2024-25710 CVE-2024-36114 CVE-2024-36129 CVE-2024-5535 CVE-2021-44531 CVE-2024-45296 CVE-2024-4067 CVE-2024-42459 CVE-2024-42460 CVE-2024-42461 CVE-2024-6531,High,SVD-2024-1206 | Splunk Vulnerability Disclosure,9.3.0 to 9.3.1,2024-12-10,2024-12-10,https://advisory.splunk.com/advisories/SVD-2024-1206
enterprise:9.2.0,enterprise,Splunk Enterprise,9.2.0,9002000000,9.2.4,9002004000,SVD-2024-1206,Multiple (12) CVE-2024-26308 CVE-2024-25710 CVE-2024-36114 CVE-2024-36129 CVE-2024-5535 CVE-2021-44531 CVE-2024-45296 CVE-2024-4067 CVE-2024-42459 CVE-2024-42460 CVE-2024-42461 CVE-2024-6531,High,SVD-2024-1206 | Splunk Vulnerability Disclosure,9.2.0 to 9.2.3,2024-12-10,2024-12-10,https://advisory.splunk.com/advisories/SVD-2024-1206
enterprise:9.2.1,enterprise,Splunk Enterprise,9.2.1,9002001000,9.2.4,9002004000,SVD-2024-1206,Multiple (12) CVE-2024-26308 CVE-2024-25710 CVE-2024-36114 CVE-2024-36129 CVE-2024-5535 CVE-2021-44531 CVE-2024-45296 CVE-2024-4067 CVE-2024-42459 CVE-2024-42460 CVE-2024-42461 CVE-2024-6531,High,SVD-2024-1206 | Splunk Vulnerability Disclosure,9.2.0 to 9.2.3,2024-12-10,2024-12-10,https://advisory.splunk.com/advisories/SVD-2024-1206
enterprise:9.2.2,enterprise,Splunk Enterprise,9.2.2,9002002000,9.2.4,9002004000,SVD-2024-1206,Multiple (12) CVE-2024-26308 CVE-2024-25710 CVE-2024-36114 CVE-2024-36129 CVE-2024-5535 CVE-2021-44531 CVE-2024-45296 CVE-2024-4067 CVE-2024-42459 CVE-2024-42460 CVE-2024-42461 CVE-2024-6531,High,SVD-2024-1206 | Splunk Vulnerability Disclosure,9.2.0 to 9.2.3,2024-12-10,2024-12-10,https://advisory.splunk.com/advisories/SVD-2024-1206
enterprise:9.2.3,enterprise,Splunk Enterprise,9.2.3,9002003000,9.2.4,9002004000,SVD-2024-1206,Multiple (12) CVE-2024-26308 CVE-2024-25710 CVE-2024-36114 CVE-2024-36129 CVE-2024-5535 CVE-2021-44531 CVE-2024-45296 CVE-2024-4067 CVE-2024-42459 CVE-2024-42460 CVE-2024-42461 CVE-2024-6531,High,SVD-2024-1206 | Splunk Vulnerability Disclosure,9.2.0 to 9.2.3,2024-12-10,2024-12-10,https://advisory.splunk.com/advisories/SVD-2024-1206
enterprise:9.1.0,enterprise,Splunk Enterprise,9.1.0,9001000000,9.1.7,9001007000,SVD-2024-1206,Multiple (12) CVE-2024-26308 CVE-2024-25710 CVE-2024-36114 CVE-2024-36129 CVE-2024-5535 CVE-2021-44531 CVE-2024-45296 CVE-2024-4067 CVE-2024-42459 CVE-2024-42460 CVE-2024-42461 CVE-2024-6531,High,SVD-2024-1206 | Splunk Vulnerability Disclosure,9.1.0 to 9.1.6,2024-12-10,2024-12-10,https://advisory.splunk.com/advisories/SVD-2024-1206
enterprise:9.1.1,enterprise,Splunk Enterprise,9.1.1,9001001000,9.1.7,9001007000,SVD-2024-1206,Multiple (12) CVE-2024-26308 CVE-2024-25710 CVE-2024-36114 CVE-2024-36129 CVE-2024-5535 CVE-2021-44531 CVE-2024-45296 CVE-2024-4067 CVE-2024-42459 CVE-2024-42460 CVE-2024-42461 CVE-2024-6531,High,SVD-2024-1206 | Splunk Vulnerability Disclosure,9.1.0 to 9.1.6,2024-12-10,2024-12-10,https://advisory.splunk.com/advisories/SVD-2024-1206
enterprise:9.1.2,enterprise,Splunk Enterprise,9.1.2,9001002000,9.1.7,9001007000,SVD-2024-1206,Multiple (12) CVE-2024-26308 CVE-2024-25710 CVE-2024-36114 CVE-2024-36129 CVE-2024-5535 CVE-2021-44531 CVE-2024-45296 CVE-2024-4067 CVE-2024-42459 CVE-2024-42460 CVE-2024-42461 CVE-2024-6531,High,SVD-2024-1206 | Splunk Vulnerability Disclosure,9.1.0 to 9.1.6,2024-12-10,2024-12-10,https://advisory.splunk.com/advisories/SVD-2024-1206
enterprise:9.1.3,enterprise,Splunk Enterprise,9.1.3,9001003000,9.1.7,9001007000,SVD-2024-1206,Multiple (12) CVE-2024-26308 CVE-2024-25710 CVE-2024-36114 CVE-2024-36129 CVE-2024-5535 CVE-2021-44531 CVE-2024-45296 CVE-2024-4067 CVE-2024-42459 CVE-2024-42460 CVE-2024-42461 CVE-2024-6531,High,SVD-2024-1206 | Splunk Vulnerability Disclosure,9.1.0 to 9.1.6,2024-12-10,2024-12-10,https://advisory.splunk.com/advisories/SVD-2024-1206
enterprise:9.1.4,enterprise,Splunk Enterprise,9.1.4,9001004000,9.1.7,9001007000,SVD-2024-1206,Multiple (12) CVE-2024-26308 CVE-2024-25710 CVE-2024-36114 CVE-2024-36129 CVE-2024-5535 CVE-2021-44531 CVE-2024-45296 CVE-2024-4067 CVE-2024-42459 CVE-2024-42460 CVE-2024-42461 CVE-2024-6531,High,SVD-2024-1206 | Splunk Vulnerability Disclosure,9.1.0 to 9.1.6,2024-12-10,2024-12-10,https://advisory.splunk.com/advisories/SVD-2024-1206
enterprise:9.1.5,enterprise,Splunk Enterprise,9.1.5,9001005000,9.1.7,9001007000,SVD-2024-1206,Multiple (12) CVE-2024-26308 CVE-2024-25710 CVE-2024-36114 CVE-2024-36129 CVE-2024-5535 CVE-2021-44531 CVE-2024-45296 CVE-2024-4067 CVE-2024-42459 CVE-2024-42460 CVE-2024-42461 CVE-2024-6531,High,SVD-2024-1206 | Splunk Vulnerability Disclosure,9.1.0 to 9.1.6,2024-12-10,2024-12-10,https://advisory.splunk.com/advisories/SVD-2024-1206
enterprise:9.1.6,enterprise,Splunk Enterprise,9.1.6,9001006000,9.1.7,9001007000,SVD-2024-1206,Multiple (12) CVE-2024-26308 CVE-2024-25710 CVE-2024-36114 CVE-2024-36129 CVE-2024-5535 CVE-2021-44531 CVE-2024-45296 CVE-2024-4067 CVE-2024-42459 CVE-2024-42460 CVE-2024-42461 CVE-2024-6531,High,SVD-2024-1206 | Splunk Vulnerability Disclosure,9.1.0 to 9.1.6,2024-12-10,2024-12-10,https://advisory.splunk.com/advisories/SVD-2024-1206
enterprise:9.3.0,enterprise,Splunk Enterprise,9.3.0,9003000000,9.3.1,9003001000,SVD-2024-1012,Multiple (50) CVE-2023-45803 CVE-2023-43804 CVE-2024-37891 CVE-2024-35195 CVE-2022-42969 CVE-2020-12243 CVE-2020-15719 CVE-2020-25692 CVE-2020-36222 CVE-2020-36223 CVE-2020-36221 CVE-2020-36224 CVE-2020-36225 CVE-2020-36229 CVE-2020-36226 CVE-2020-36227 CVE-2020-36228 CVE-2020-36230 CVE-2021-27212 CVE-2017-14159 CVE-2017-17740 CVE-2019-13057 CVE-2019-13565 CVE-2022-29155 CVE-2023-2953 CVE-2015-3276 CVE-2024-28180 CVE-2023-45288 CVE-2023-44487 CVE-2023-39325 CVE-2024-24786 CVE-2023-48795 CVE-2023-47108 CVE-2023-45142 CVE-2024-24557 CVE-2024-24790 CVE-2023-39318 CVE-2023-45285 CVE-2023-45284 CVE-2023-45283 CVE-2023-39326 CVE-2023-39319 CVE-2023-26125 CVE-2023-29401 CVE-2023-3978 CVE-2023-50658 CVE-2023-39323 CVE-2023-39322 CVE-2023-39321 CVE-2023-39320,High,SVD-2024-1012 | Splunk Vulnerability Disclosure,9.3.0,2024-10-14,2025-06-04,https://advisory.splunk.com/advisories/SVD-2024-1012
enterprise:9.2.0,enterprise,Splunk Enterprise,9.2.0,9002000000,9.2.3,9002003000,SVD-2024-1012,Multiple (50) CVE-2023-45803 CVE-2023-43804 CVE-2024-37891 CVE-2024-35195 CVE-2022-42969 CVE-2020-12243 CVE-2020-15719 CVE-2020-25692 CVE-2020-36222 CVE-2020-36223 CVE-2020-36221 CVE-2020-36224 CVE-2020-36225 CVE-2020-36229 CVE-2020-36226 CVE-2020-36227 CVE-2020-36228 CVE-2020-36230 CVE-2021-27212 CVE-2017-14159 CVE-2017-17740 CVE-2019-13057 CVE-2019-13565 CVE-2022-29155 CVE-2023-2953 CVE-2015-3276 CVE-2024-28180 CVE-2023-45288 CVE-2023-44487 CVE-2023-39325 CVE-2024-24786 CVE-2023-48795 CVE-2023-47108 CVE-2023-45142 CVE-2024-24557 CVE-2024-24790 CVE-2023-39318 CVE-2023-45285 CVE-2023-45284 CVE-2023-45283 CVE-2023-39326 CVE-2023-39319 CVE-2023-26125 CVE-2023-29401 CVE-2023-3978 CVE-2023-50658 CVE-2023-39323 CVE-2023-39322 CVE-2023-39321 CVE-2023-39320,High,SVD-2024-1012 | Splunk Vulnerability Disclosure,9.2.0 to 9.2.2,2024-10-14,2025-06-04,https://advisory.splunk.com/advisories/SVD-2024-1012
enterprise:9.2.1,enterprise,Splunk Enterprise,9.2.1,9002001000,9.2.3,9002003000,SVD-2024-1012,Multiple (50) CVE-2023-45803 CVE-2023-43804 CVE-2024-37891 CVE-2024-35195 CVE-2022-42969 CVE-2020-12243 CVE-2020-15719 CVE-2020-25692 CVE-2020-36222 CVE-2020-36223 CVE-2020-36221 CVE-2020-36224 CVE-2020-36225 CVE-2020-36229 CVE-2020-36226 CVE-2020-36227 CVE-2020-36228 CVE-2020-36230 CVE-2021-27212 CVE-2017-14159 CVE-2017-17740 CVE-2019-13057 CVE-2019-13565 CVE-2022-29155 CVE-2023-2953 CVE-2015-3276 CVE-2024-28180 CVE-2023-45288 CVE-2023-44487 CVE-2023-39325 CVE-2024-24786 CVE-2023-48795 CVE-2023-47108 CVE-2023-45142 CVE-2024-24557 CVE-2024-24790 CVE-2023-39318 CVE-2023-45285 CVE-2023-45284 CVE-2023-45283 CVE-2023-39326 CVE-2023-39319 CVE-2023-26125 CVE-2023-29401 CVE-2023-3978 CVE-2023-50658 CVE-2023-39323 CVE-2023-39322 CVE-2023-39321 CVE-2023-39320,High,SVD-2024-1012 | Splunk Vulnerability Disclosure,9.2.0 to 9.2.2,2024-10-14,2025-06-04,https://advisory.splunk.com/advisories/SVD-2024-1012
enterprise:9.2.2,enterprise,Splunk Enterprise,9.2.2,9002002000,9.2.3,9002003000,SVD-2024-1012,Multiple (50) CVE-2023-45803 CVE-2023-43804 CVE-2024-37891 CVE-2024-35195 CVE-2022-42969 CVE-2020-12243 CVE-2020-15719 CVE-2020-25692 CVE-2020-36222 CVE-2020-36223 CVE-2020-36221 CVE-2020-36224 CVE-2020-36225 CVE-2020-36229 CVE-2020-36226 CVE-2020-36227 CVE-2020-36228 CVE-2020-36230 CVE-2021-27212 CVE-2017-14159 CVE-2017-17740 CVE-2019-13057 CVE-2019-13565 CVE-2022-29155 CVE-2023-2953 CVE-2015-3276 CVE-2024-28180 CVE-2023-45288 CVE-2023-44487 CVE-2023-39325 CVE-2024-24786 CVE-2023-48795 CVE-2023-47108 CVE-2023-45142 CVE-2024-24557 CVE-2024-24790 CVE-2023-39318 CVE-2023-45285 CVE-2023-45284 CVE-2023-45283 CVE-2023-39326 CVE-2023-39319 CVE-2023-26125 CVE-2023-29401 CVE-2023-3978 CVE-2023-50658 CVE-2023-39323 CVE-2023-39322 CVE-2023-39321 CVE-2023-39320,High,SVD-2024-1012 | Splunk Vulnerability Disclosure,9.2.0 to 9.2.2,2024-10-14,2025-06-04,https://advisory.splunk.com/advisories/SVD-2024-1012
enterprise:9.1.0,enterprise,Splunk Enterprise,9.1.0,9001000000,9.1.6,9001006000,SVD-2024-1012,Multiple (50) CVE-2023-45803 CVE-2023-43804 CVE-2024-37891 CVE-2024-35195 CVE-2022-42969 CVE-2020-12243 CVE-2020-15719 CVE-2020-25692 CVE-2020-36222 CVE-2020-36223 CVE-2020-36221 CVE-2020-36224 CVE-2020-36225 CVE-2020-36229 CVE-2020-36226 CVE-2020-36227 CVE-2020-36228 CVE-2020-36230 CVE-2021-27212 CVE-2017-14159 CVE-2017-17740 CVE-2019-13057 CVE-2019-13565 CVE-2022-29155 CVE-2023-2953 CVE-2015-3276 CVE-2024-28180 CVE-2023-45288 CVE-2023-44487 CVE-2023-39325 CVE-2024-24786 CVE-2023-48795 CVE-2023-47108 CVE-2023-45142 CVE-2024-24557 CVE-2024-24790 CVE-2023-39318 CVE-2023-45285 CVE-2023-45284 CVE-2023-45283 CVE-2023-39326 CVE-2023-39319 CVE-2023-26125 CVE-2023-29401 CVE-2023-3978 CVE-2023-50658 CVE-2023-39323 CVE-2023-39322 CVE-2023-39321 CVE-2023-39320,High,SVD-2024-1012 | Splunk Vulnerability Disclosure,9.1.0 to 9.1.5,2024-10-14,2025-06-04,https://advisory.splunk.com/advisories/SVD-2024-1012
enterprise:9.1.1,enterprise,Splunk Enterprise,9.1.1,9001001000,9.1.6,9001006000,SVD-2024-1012,Multiple (50) CVE-2023-45803 CVE-2023-43804 CVE-2024-37891 CVE-2024-35195 CVE-2022-42969 CVE-2020-12243 CVE-2020-15719 CVE-2020-25692 CVE-2020-36222 CVE-2020-36223 CVE-2020-36221 CVE-2020-36224 CVE-2020-36225 CVE-2020-36229 CVE-2020-36226 CVE-2020-36227 CVE-2020-36228 CVE-2020-36230 CVE-2021-27212 CVE-2017-14159 CVE-2017-17740 CVE-2019-13057 CVE-2019-13565 CVE-2022-29155 CVE-2023-2953 CVE-2015-3276 CVE-2024-28180 CVE-2023-45288 CVE-2023-44487 CVE-2023-39325 CVE-2024-24786 CVE-2023-48795 CVE-2023-47108 CVE-2023-45142 CVE-2024-24557 CVE-2024-24790 CVE-2023-39318 CVE-2023-45285 CVE-2023-45284 CVE-2023-45283 CVE-2023-39326 CVE-2023-39319 CVE-2023-26125 CVE-2023-29401 CVE-2023-3978 CVE-2023-50658 CVE-2023-39323 CVE-2023-39322 CVE-2023-39321 CVE-2023-39320,High,SVD-2024-1012 | Splunk Vulnerability Disclosure,9.1.0 to 9.1.5,2024-10-14,2025-06-04,https://advisory.splunk.com/advisories/SVD-2024-1012
enterprise:9.1.2,enterprise,Splunk Enterprise,9.1.2,9001002000,9.1.6,9001006000,SVD-2024-1012,Multiple (50) CVE-2023-45803 CVE-2023-43804 CVE-2024-37891 CVE-2024-35195 CVE-2022-42969 CVE-2020-12243 CVE-2020-15719 CVE-2020-25692 CVE-2020-36222 CVE-2020-36223 CVE-2020-36221 CVE-2020-36224 CVE-2020-36225 CVE-2020-36229 CVE-2020-36226 CVE-2020-36227 CVE-2020-36228 CVE-2020-36230 CVE-2021-27212 CVE-2017-14159 CVE-2017-17740 CVE-2019-13057 CVE-2019-13565 CVE-2022-29155 CVE-2023-2953 CVE-2015-3276 CVE-2024-28180 CVE-2023-45288 CVE-2023-44487 CVE-2023-39325 CVE-2024-24786 CVE-2023-48795 CVE-2023-47108 CVE-2023-45142 CVE-2024-24557 CVE-2024-24790 CVE-2023-39318 CVE-2023-45285 CVE-2023-45284 CVE-2023-45283 CVE-2023-39326 CVE-2023-39319 CVE-2023-26125 CVE-2023-29401 CVE-2023-3978 CVE-2023-50658 CVE-2023-39323 CVE-2023-39322 CVE-2023-39321 CVE-2023-39320,High,SVD-2024-1012 | Splunk Vulnerability Disclosure,9.1.0 to 9.1.5,2024-10-14,2025-06-04,https://advisory.splunk.com/advisories/SVD-2024-1012
enterprise:9.1.3,enterprise,Splunk Enterprise,9.1.3,9001003000,9.1.6,9001006000,SVD-2024-1012,Multiple (50) CVE-2023-45803 CVE-2023-43804 CVE-2024-37891 CVE-2024-35195 CVE-2022-42969 CVE-2020-12243 CVE-2020-15719 CVE-2020-25692 CVE-2020-36222 CVE-2020-36223 CVE-2020-36221 CVE-2020-36224 CVE-2020-36225 CVE-2020-36229 CVE-2020-36226 CVE-2020-36227 CVE-2020-36228 CVE-2020-36230 CVE-2021-27212 CVE-2017-14159 CVE-2017-17740 CVE-2019-13057 CVE-2019-13565 CVE-2022-29155 CVE-2023-2953 CVE-2015-3276 CVE-2024-28180 CVE-2023-45288 CVE-2023-44487 CVE-2023-39325 CVE-2024-24786 CVE-2023-48795 CVE-2023-47108 CVE-2023-45142 CVE-2024-24557 CVE-2024-24790 CVE-2023-39318 CVE-2023-45285 CVE-2023-45284 CVE-2023-45283 CVE-2023-39326 CVE-2023-39319 CVE-2023-26125 CVE-2023-29401 CVE-2023-3978 CVE-2023-50658 CVE-2023-39323 CVE-2023-39322 CVE-2023-39321 CVE-2023-39320,High,SVD-2024-1012 | Splunk Vulnerability Disclosure,9.1.0 to 9.1.5,2024-10-14,2025-06-04,https://advisory.splunk.com/advisories/SVD-2024-1012
enterprise:9.1.4,enterprise,Splunk Enterprise,9.1.4,9001004000,9.1.6,9001006000,SVD-2024-1012,Multiple (50) CVE-2023-45803 CVE-2023-43804 CVE-2024-37891 CVE-2024-35195 CVE-2022-42969 CVE-2020-12243 CVE-2020-15719 CVE-2020-25692 CVE-2020-36222 CVE-2020-36223 CVE-2020-36221 CVE-2020-36224 CVE-2020-36225 CVE-2020-36229 CVE-2020-36226 CVE-2020-36227 CVE-2020-36228 CVE-2020-36230 CVE-2021-27212 CVE-2017-14159 CVE-2017-17740 CVE-2019-13057 CVE-2019-13565 CVE-2022-29155 CVE-2023-2953 CVE-2015-3276 CVE-2024-28180 CVE-2023-45288 CVE-2023-44487 CVE-2023-39325 CVE-2024-24786 CVE-2023-48795 CVE-2023-47108 CVE-2023-45142 CVE-2024-24557 CVE-2024-24790 CVE-2023-39318 CVE-2023-45285 CVE-2023-45284 CVE-2023-45283 CVE-2023-39326 CVE-2023-39319 CVE-2023-26125 CVE-2023-29401 CVE-2023-3978 CVE-2023-50658 CVE-2023-39323 CVE-2023-39322 CVE-2023-39321 CVE-2023-39320,High,SVD-2024-1012 | Splunk Vulnerability Disclosure,9.1.0 to 9.1.5,2024-10-14,2025-06-04,https://advisory.splunk.com/advisories/SVD-2024-1012
enterprise:9.1.5,enterprise,Splunk Enterprise,9.1.5,9001005000,9.1.6,9001006000,SVD-2024-1012,Multiple (50) CVE-2023-45803 CVE-2023-43804 CVE-2024-37891 CVE-2024-35195 CVE-2022-42969 CVE-2020-12243 CVE-2020-15719 CVE-2020-25692 CVE-2020-36222 CVE-2020-36223 CVE-2020-36221 CVE-2020-36224 CVE-2020-36225 CVE-2020-36229 CVE-2020-36226 CVE-2020-36227 CVE-2020-36228 CVE-2020-36230 CVE-2021-27212 CVE-2017-14159 CVE-2017-17740 CVE-2019-13057 CVE-2019-13565 CVE-2022-29155 CVE-2023-2953 CVE-2015-3276 CVE-2024-28180 CVE-2023-45288 CVE-2023-44487 CVE-2023-39325 CVE-2024-24786 CVE-2023-48795 CVE-2023-47108 CVE-2023-45142 CVE-2024-24557 CVE-2024-24790 CVE-2023-39318 CVE-2023-45285 CVE-2023-45284 CVE-2023-45283 CVE-2023-39326 CVE-2023-39319 CVE-2023-26125 CVE-2023-29401 CVE-2023-3978 CVE-2023-50658 CVE-2023-39323 CVE-2023-39322 CVE-2023-39321 CVE-2023-39320,High,SVD-2024-1012 | Splunk Vulnerability Disclosure,9.1.0 to 9.1.5,2024-10-14,2025-06-04,https://advisory.splunk.com/advisories/SVD-2024-1012
enterprise:9.2.0,enterprise,Splunk Enterprise,9.2.0,9002000000,9.2.2,9002002000,SVD-2024-0718,Multiple (24) CVE-2023-35116 CVE-2021-29425 CVE-2023-43642 CVE-2023-34453 CVE-2023-34454 CVE-2023-34455 CVE-2023-39410 CVE-2022-36364 CVE-2020-8908 CVE-2023-2976 CVE-2018-10237 CVE-2020-13956 CVE-2023-37276 CVE-2023-47627 CVE-2023-43804 CVE-2023-45803 CVE-2023-37920 CVE-2024-3651 CVE-2023-5752 CVE-2022-40897 CVE-2022-40896 CVE-2022-40898 CVE-2023-32681 CVE-2022-40899,High,SVD-2024-0718 | Splunk Vulnerability Disclosure,9.2.0 to 9.2.1,2024-07-01,2025-02-20,https://advisory.splunk.com/advisories/SVD-2024-0718
enterprise:9.2.1,enterprise,Splunk Enterprise,9.2.1,9002001000,9.2.2,9002002000,SVD-2024-0718,Multiple (24) CVE-2023-35116 CVE-2021-29425 CVE-2023-43642 CVE-2023-34453 CVE-2023-34454 CVE-2023-34455 CVE-2023-39410 CVE-2022-36364 CVE-2020-8908 CVE-2023-2976 CVE-2018-10237 CVE-2020-13956 CVE-2023-37276 CVE-2023-47627 CVE-2023-43804 CVE-2023-45803 CVE-2023-37920 CVE-2024-3651 CVE-2023-5752 CVE-2022-40897 CVE-2022-40896 CVE-2022-40898 CVE-2023-32681 CVE-2022-40899,High,SVD-2024-0718 | Splunk Vulnerability Disclosure,9.2.0 to 9.2.1,2024-07-01,2025-02-20,https://advisory.splunk.com/advisories/SVD-2024-0718
enterprise:9.1.0,enterprise,Splunk Enterprise,9.1.0,9001000000,9.1.5,9001005000,SVD-2024-0718,Multiple (24) CVE-2023-35116 CVE-2021-29425 CVE-2023-43642 CVE-2023-34453 CVE-2023-34454 CVE-2023-34455 CVE-2023-39410 CVE-2022-36364 CVE-2020-8908 CVE-2023-2976 CVE-2018-10237 CVE-2020-13956 CVE-2023-37276 CVE-2023-47627 CVE-2023-43804 CVE-2023-45803 CVE-2023-37920 CVE-2024-3651 CVE-2023-5752 CVE-2022-40897 CVE-2022-40896 CVE-2022-40898 CVE-2023-32681 CVE-2022-40899,High,SVD-2024-0718 | Splunk Vulnerability Disclosure,9.1.0 to 9.1.4,2024-07-01,2025-02-20,https://advisory.splunk.com/advisories/SVD-2024-0718
enterprise:9.1.1,enterprise,Splunk Enterprise,9.1.1,9001001000,9.1.5,9001005000,SVD-2024-0718,Multiple (24) CVE-2023-35116 CVE-2021-29425 CVE-2023-43642 CVE-2023-34453 CVE-2023-34454 CVE-2023-34455 CVE-2023-39410 CVE-2022-36364 CVE-2020-8908 CVE-2023-2976 CVE-2018-10237 CVE-2020-13956 CVE-2023-37276 CVE-2023-47627 CVE-2023-43804 CVE-2023-45803 CVE-2023-37920 CVE-2024-3651 CVE-2023-5752 CVE-2022-40897 CVE-2022-40896 CVE-2022-40898 CVE-2023-32681 CVE-2022-40899,High,SVD-2024-0718 | Splunk Vulnerability Disclosure,9.1.0 to 9.1.4,2024-07-01,2025-02-20,https://advisory.splunk.com/advisories/SVD-2024-0718
enterprise:9.1.2,enterprise,Splunk Enterprise,9.1.2,9001002000,9.1.5,9001005000,SVD-2024-0718,Multiple (24) CVE-2023-35116 CVE-2021-29425 CVE-2023-43642 CVE-2023-34453 CVE-2023-34454 CVE-2023-34455 CVE-2023-39410 CVE-2022-36364 CVE-2020-8908 CVE-2023-2976 CVE-2018-10237 CVE-2020-13956 CVE-2023-37276 CVE-2023-47627 CVE-2023-43804 CVE-2023-45803 CVE-2023-37920 CVE-2024-3651 CVE-2023-5752 CVE-2022-40897 CVE-2022-40896 CVE-2022-40898 CVE-2023-32681 CVE-2022-40899,High,SVD-2024-0718 | Splunk Vulnerability Disclosure,9.1.0 to 9.1.4,2024-07-01,2025-02-20,https://advisory.splunk.com/advisories/SVD-2024-0718
enterprise:9.1.3,enterprise,Splunk Enterprise,9.1.3,9001003000,9.1.5,9001005000,SVD-2024-0718,Multiple (24) CVE-2023-35116 CVE-2021-29425 CVE-2023-43642 CVE-2023-34453 CVE-2023-34454 CVE-2023-34455 CVE-2023-39410 CVE-2022-36364 CVE-2020-8908 CVE-2023-2976 CVE-2018-10237 CVE-2020-13956 CVE-2023-37276 CVE-2023-47627 CVE-2023-43804 CVE-2023-45803 CVE-2023-37920 CVE-2024-3651 CVE-2023-5752 CVE-2022-40897 CVE-2022-40896 CVE-2022-40898 CVE-2023-32681 CVE-2022-40899,High,SVD-2024-0718 | Splunk Vulnerability Disclosure,9.1.0 to 9.1.4,2024-07-01,2025-02-20,https://advisory.splunk.com/advisories/SVD-2024-0718
enterprise:9.1.4,enterprise,Splunk Enterprise,9.1.4,9001004000,9.1.5,9001005000,SVD-2024-0718,Multiple (24) CVE-2023-35116 CVE-2021-29425 CVE-2023-43642 CVE-2023-34453 CVE-2023-34454 CVE-2023-34455 CVE-2023-39410 CVE-2022-36364 CVE-2020-8908 CVE-2023-2976 CVE-2018-10237 CVE-2020-13956 CVE-2023-37276 CVE-2023-47627 CVE-2023-43804 CVE-2023-45803 CVE-2023-37920 CVE-2024-3651 CVE-2023-5752 CVE-2022-40897 CVE-2022-40896 CVE-2022-40898 CVE-2023-32681 CVE-2022-40899,High,SVD-2024-0718 | Splunk Vulnerability Disclosure,9.1.0 to 9.1.4,2024-07-01,2025-02-20,https://advisory.splunk.com/advisories/SVD-2024-0718
enterprise:9.0.0,enterprise,Splunk Enterprise,9.0.0,9000000000,9.0.10,9000010000,SVD-2024-0718,Multiple (24) CVE-2023-35116 CVE-2021-29425 CVE-2023-43642 CVE-2023-34453 CVE-2023-34454 CVE-2023-34455 CVE-2023-39410 CVE-2022-36364 CVE-2020-8908 CVE-2023-2976 CVE-2018-10237 CVE-2020-13956 CVE-2023-37276 CVE-2023-47627 CVE-2023-43804 CVE-2023-45803 CVE-2023-37920 CVE-2024-3651 CVE-2023-5752 CVE-2022-40897 CVE-2022-40896 CVE-2022-40898 CVE-2023-32681 CVE-2022-40899,High,SVD-2024-0718 | Splunk Vulnerability Disclosure,9.0.0 to 9.0.9,2024-07-01,2025-02-20,https://advisory.splunk.com/advisories/SVD-2024-0718
enterprise:9.0.1,enterprise,Splunk Enterprise,9.0.1,9000001000,9.0.10,9000010000,SVD-2024-0718,Multiple (24) CVE-2023-35116 CVE-2021-29425 CVE-2023-43642 CVE-2023-34453 CVE-2023-34454 CVE-2023-34455 CVE-2023-39410 CVE-2022-36364 CVE-2020-8908 CVE-2023-2976 CVE-2018-10237 CVE-2020-13956 CVE-2023-37276 CVE-2023-47627 CVE-2023-43804 CVE-2023-45803 CVE-2023-37920 CVE-2024-3651 CVE-2023-5752 CVE-2022-40897 CVE-2022-40896 CVE-2022-40898 CVE-2023-32681 CVE-2022-40899,High,SVD-2024-0718 | Splunk Vulnerability Disclosure,9.0.0 to 9.0.9,2024-07-01,2025-02-20,https://advisory.splunk.com/advisories/SVD-2024-0718
enterprise:9.0.2,enterprise,Splunk Enterprise,9.0.2,9000002000,9.0.10,9000010000,SVD-2024-0718,Multiple (24) CVE-2023-35116 CVE-2021-29425 CVE-2023-43642 CVE-2023-34453 CVE-2023-34454 CVE-2023-34455 CVE-2023-39410 CVE-2022-36364 CVE-2020-8908 CVE-2023-2976 CVE-2018-10237 CVE-2020-13956 CVE-2023-37276 CVE-2023-47627 CVE-2023-43804 CVE-2023-45803 CVE-2023-37920 CVE-2024-3651 CVE-2023-5752 CVE-2022-40897 CVE-2022-40896 CVE-2022-40898 CVE-2023-32681 CVE-2022-40899,High,SVD-2024-0718 | Splunk Vulnerability Disclosure,9.0.0 to 9.0.9,2024-07-01,2025-02-20,https://advisory.splunk.com/advisories/SVD-2024-0718
enterprise:9.0.3,enterprise,Splunk Enterprise,9.0.3,9000003000,9.0.10,9000010000,SVD-2024-0718,Multiple (24) CVE-2023-35116 CVE-2021-29425 CVE-2023-43642 CVE-2023-34453 CVE-2023-34454 CVE-2023-34455 CVE-2023-39410 CVE-2022-36364 CVE-2020-8908 CVE-2023-2976 CVE-2018-10237 CVE-2020-13956 CVE-2023-37276 CVE-2023-47627 CVE-2023-43804 CVE-2023-45803 CVE-2023-37920 CVE-2024-3651 CVE-2023-5752 CVE-2022-40897 CVE-2022-40896 CVE-2022-40898 CVE-2023-32681 CVE-2022-40899,High,SVD-2024-0718 | Splunk Vulnerability Disclosure,9.0.0 to 9.0.9,2024-07-01,2025-02-20,https://advisory.splunk.com/advisories/SVD-2024-0718
enterprise:9.0.4,enterprise,Splunk Enterprise,9.0.4,9000004000,9.0.10,9000010000,SVD-2024-0718,Multiple (24) CVE-2023-35116 CVE-2021-29425 CVE-2023-43642 CVE-2023-34453 CVE-2023-34454 CVE-2023-34455 CVE-2023-39410 CVE-2022-36364 CVE-2020-8908 CVE-2023-2976 CVE-2018-10237 CVE-2020-13956 CVE-2023-37276 CVE-2023-47627 CVE-2023-43804 CVE-2023-45803 CVE-2023-37920 CVE-2024-3651 CVE-2023-5752 CVE-2022-40897 CVE-2022-40896 CVE-2022-40898 CVE-2023-32681 CVE-2022-40899,High,SVD-2024-0718 | Splunk Vulnerability Disclosure,9.0.0 to 9.0.9,2024-07-01,2025-02-20,https://advisory.splunk.com/advisories/SVD-2024-0718
enterprise:9.0.5,enterprise,Splunk Enterprise,9.0.5,9000005000,9.0.10,9000010000,SVD-2024-0718,Multiple (24) CVE-2023-35116 CVE-2021-29425 CVE-2023-43642 CVE-2023-34453 CVE-2023-34454 CVE-2023-34455 CVE-2023-39410 CVE-2022-36364 CVE-2020-8908 CVE-2023-2976 CVE-2018-10237 CVE-2020-13956 CVE-2023-37276 CVE-2023-47627 CVE-2023-43804 CVE-2023-45803 CVE-2023-37920 CVE-2024-3651 CVE-2023-5752 CVE-2022-40897 CVE-2022-40896 CVE-2022-40898 CVE-2023-32681 CVE-2022-40899,High,SVD-2024-0718 | Splunk Vulnerability Disclosure,9.0.0 to 9.0.9,2024-07-01,2025-02-20,https://advisory.splunk.com/advisories/SVD-2024-0718
enterprise:9.0.6,enterprise,Splunk Enterprise,9.0.6,9000006000,9.0.10,9000010000,SVD-2024-0718,Multiple (24) CVE-2023-35116 CVE-2021-29425 CVE-2023-43642 CVE-2023-34453 CVE-2023-34454 CVE-2023-34455 CVE-2023-39410 CVE-2022-36364 CVE-2020-8908 CVE-2023-2976 CVE-2018-10237 CVE-2020-13956 CVE-2023-37276 CVE-2023-47627 CVE-2023-43804 CVE-2023-45803 CVE-2023-37920 CVE-2024-3651 CVE-2023-5752 CVE-2022-40897 CVE-2022-40896 CVE-2022-40898 CVE-2023-32681 CVE-2022-40899,High,SVD-2024-0718 | Splunk Vulnerability Disclosure,9.0.0 to 9.0.9,2024-07-01,2025-02-20,https://advisory.splunk.com/advisories/SVD-2024-0718
enterprise:9.0.7,enterprise,Splunk Enterprise,9.0.7,9000007000,9.0.10,9000010000,SVD-2024-0718,Multiple (24) CVE-2023-35116 CVE-2021-29425 CVE-2023-43642 CVE-2023-34453 CVE-2023-34454 CVE-2023-34455 CVE-2023-39410 CVE-2022-36364 CVE-2020-8908 CVE-2023-2976 CVE-2018-10237 CVE-2020-13956 CVE-2023-37276 CVE-2023-47627 CVE-2023-43804 CVE-2023-45803 CVE-2023-37920 CVE-2024-3651 CVE-2023-5752 CVE-2022-40897 CVE-2022-40896 CVE-2022-40898 CVE-2023-32681 CVE-2022-40899,High,SVD-2024-0718 | Splunk Vulnerability Disclosure,9.0.0 to 9.0.9,2024-07-01,2025-02-20,https://advisory.splunk.com/advisories/SVD-2024-0718
enterprise:9.0.8,enterprise,Splunk Enterprise,9.0.8,9000008000,9.0.10,9000010000,SVD-2024-0718,Multiple (24) CVE-2023-35116 CVE-2021-29425 CVE-2023-43642 CVE-2023-34453 CVE-2023-34454 CVE-2023-34455 CVE-2023-39410 CVE-2022-36364 CVE-2020-8908 CVE-2023-2976 CVE-2018-10237 CVE-2020-13956 CVE-2023-37276 CVE-2023-47627 CVE-2023-43804 CVE-2023-45803 CVE-2023-37920 CVE-2024-3651 CVE-2023-5752 CVE-2022-40897 CVE-2022-40896 CVE-2022-40898 CVE-2023-32681 CVE-2022-40899,High,SVD-2024-0718 | Splunk Vulnerability Disclosure,9.0.0 to 9.0.9,2024-07-01,2025-02-20,https://advisory.splunk.com/advisories/SVD-2024-0718
enterprise:9.0.9,enterprise,Splunk Enterprise,9.0.9,9000009000,9.0.10,9000010000,SVD-2024-0718,Multiple (24) CVE-2023-35116 CVE-2021-29425 CVE-2023-43642 CVE-2023-34453 CVE-2023-34454 CVE-2023-34455 CVE-2023-39410 CVE-2022-36364 CVE-2020-8908 CVE-2023-2976 CVE-2018-10237 CVE-2020-13956 CVE-2023-37276 CVE-2023-47627 CVE-2023-43804 CVE-2023-45803 CVE-2023-37920 CVE-2024-3651 CVE-2023-5752 CVE-2022-40897 CVE-2022-40896 CVE-2022-40898 CVE-2023-32681 CVE-2022-40899,High,SVD-2024-0718 | Splunk Vulnerability Disclosure,9.0.0 to 9.0.9,2024-07-01,2025-02-20,https://advisory.splunk.com/advisories/SVD-2024-0718
forwarder:9.2.0,forwarder,Splunk Universal Forwarder,9.2.0,9002000000,9.2.1,9002001000,SVD-2024-0304,Multiple (2) CVE-2024-0727 CVE-2023-5678,Low,SVD-2024-0304 | Splunk Vulnerability Disclosure,9.2.0 to 9.2.0.1,2024-03-27,2024-03-27,https://advisory.splunk.com/advisories/SVD-2024-0304
forwarder:9.1.0,forwarder,Splunk Universal Forwarder,9.1.0,9001000000,9.1.4,9001004000,SVD-2024-0304,Multiple (2) CVE-2024-0727 CVE-2023-5678,Low,SVD-2024-0304 | Splunk Vulnerability Disclosure,9.1.0 to 9.1.3,2024-03-27,2024-03-27,https://advisory.splunk.com/advisories/SVD-2024-0304
forwarder:9.1.1,forwarder,Splunk Universal Forwarder,9.1.1,9001001000,9.1.4,9001004000,SVD-2024-0304,Multiple (2) CVE-2024-0727 CVE-2023-5678,Low,SVD-2024-0304 | Splunk Vulnerability Disclosure,9.1.0 to 9.1.3,2024-03-27,2024-03-27,https://advisory.splunk.com/advisories/SVD-2024-0304
forwarder:9.1.2,forwarder,Splunk Universal Forwarder,9.1.2,9001002000,9.1.4,9001004000,SVD-2024-0304,Multiple (2) CVE-2024-0727 CVE-2023-5678,Low,SVD-2024-0304 | Splunk Vulnerability Disclosure,9.1.0 to 9.1.3,2024-03-27,2024-03-27,https://advisory.splunk.com/advisories/SVD-2024-0304
forwarder:9.1.3,forwarder,Splunk Universal Forwarder,9.1.3,9001003000,9.1.4,9001004000,SVD-2024-0304,Multiple (2) CVE-2024-0727 CVE-2023-5678,Low,SVD-2024-0304 | Splunk Vulnerability Disclosure,9.1.0 to 9.1.3,2024-03-27,2024-03-27,https://advisory.splunk.com/advisories/SVD-2024-0304
forwarder:9.0.0,forwarder,Splunk Universal Forwarder,9.0.0,9000000000,9.0.9,9000009000,SVD-2024-0304,Multiple (2) CVE-2024-0727 CVE-2023-5678,Low,SVD-2024-0304 | Splunk Vulnerability Disclosure,9.0.0 to 9.0.8,2024-03-27,2024-03-27,https://advisory.splunk.com/advisories/SVD-2024-0304
forwarder:9.0.1,forwarder,Splunk Universal Forwarder,9.0.1,9000001000,9.0.9,9000009000,SVD-2024-0304,Multiple (2) CVE-2024-0727 CVE-2023-5678,Low,SVD-2024-0304 | Splunk Vulnerability Disclosure,9.0.0 to 9.0.8,2024-03-27,2024-03-27,https://advisory.splunk.com/advisories/SVD-2024-0304
forwarder:9.0.2,forwarder,Splunk Universal Forwarder,9.0.2,9000002000,9.0.9,9000009000,SVD-2024-0304,Multiple (2) CVE-2024-0727 CVE-2023-5678,Low,SVD-2024-0304 | Splunk Vulnerability Disclosure,9.0.0 to 9.0.8,2024-03-27,2024-03-27,https://advisory.splunk.com/advisories/SVD-2024-0304
forwarder:9.0.3,forwarder,Splunk Universal Forwarder,9.0.3,9000003000,9.0.9,9000009000,SVD-2024-0304,Multiple (2) CVE-2024-0727 CVE-2023-5678,Low,SVD-2024-0304 | Splunk Vulnerability Disclosure,9.0.0 to 9.0.8,2024-03-27,2024-03-27,https://advisory.splunk.com/advisories/SVD-2024-0304
forwarder:9.0.4,forwarder,Splunk Universal Forwarder,9.0.4,9000004000,9.0.9,9000009000,SVD-2024-0304,Multiple (2) CVE-2024-0727 CVE-2023-5678,Low,SVD-2024-0304 | Splunk Vulnerability Disclosure,9.0.0 to 9.0.8,2024-03-27,2024-03-27,https://advisory.splunk.com/advisories/SVD-2024-0304
forwarder:9.0.5,forwarder,Splunk Universal Forwarder,9.0.5,9000005000,9.0.9,9000009000,SVD-2024-0304,Multiple (2) CVE-2024-0727 CVE-2023-5678,Low,SVD-2024-0304 | Splunk Vulnerability Disclosure,9.0.0 to 9.0.8,2024-03-27,2024-03-27,https://advisory.splunk.com/advisories/SVD-2024-0304
forwarder:9.0.6,forwarder,Splunk Universal Forwarder,9.0.6,9000006000,9.0.9,9000009000,SVD-2024-0304,Multiple (2) CVE-2024-0727 CVE-2023-5678,Low,SVD-2024-0304 | Splunk Vulnerability Disclosure,9.0.0 to 9.0.8,2024-03-27,2024-03-27,https://advisory.splunk.com/advisories/SVD-2024-0304
forwarder:9.0.7,forwarder,Splunk Universal Forwarder,9.0.7,9000007000,9.0.9,9000009000,SVD-2024-0304,Multiple (2) CVE-2024-0727 CVE-2023-5678,Low,SVD-2024-0304 | Splunk Vulnerability Disclosure,9.0.0 to 9.0.8,2024-03-27,2024-03-27,https://advisory.splunk.com/advisories/SVD-2024-0304
forwarder:9.0.8,forwarder,Splunk Universal Forwarder,9.0.8,9000008000,9.0.9,9000009000,SVD-2024-0304,Multiple (2) CVE-2024-0727 CVE-2023-5678,Low,SVD-2024-0304 | Splunk Vulnerability Disclosure,9.0.0 to 9.0.8,2024-03-27,2024-03-27,https://advisory.splunk.com/advisories/SVD-2024-0304
enterprise:9.2.0,enterprise,Splunk Enterprise,9.2.0,9002000000,9.2.1,9002001000,SVD-2024-0303,Multiple (5) CVE-2024-0727 CVE-2023-5678 CVE-2023-39325 CVE-2023-38545 CVE-2021-32559,High,SVD-2024-0303 | Splunk Vulnerability Disclosure,9.2.0 to 9.2.0.1,2024-03-27,2024-03-27,https://advisory.splunk.com/advisories/SVD-2024-0303
enterprise:9.1.0,enterprise,Splunk Enterprise,9.1.0,9001000000,9.1.4,9001004000,SVD-2024-0303,Multiple (5) CVE-2024-0727 CVE-2023-5678 CVE-2023-39325 CVE-2023-38545 CVE-2021-32559,High,SVD-2024-0303 | Splunk Vulnerability Disclosure,9.1.0 to 9.1.3,2024-03-27,2024-03-27,https://advisory.splunk.com/advisories/SVD-2024-0303
enterprise:9.1.1,enterprise,Splunk Enterprise,9.1.1,9001001000,9.1.4,9001004000,SVD-2024-0303,Multiple (5) CVE-2024-0727 CVE-2023-5678 CVE-2023-39325 CVE-2023-38545 CVE-2021-32559,High,SVD-2024-0303 | Splunk Vulnerability Disclosure,9.1.0 to 9.1.3,2024-03-27,2024-03-27,https://advisory.splunk.com/advisories/SVD-2024-0303
enterprise:9.1.2,enterprise,Splunk Enterprise,9.1.2,9001002000,9.1.4,9001004000,SVD-2024-0303,Multiple (5) CVE-2024-0727 CVE-2023-5678 CVE-2023-39325 CVE-2023-38545 CVE-2021-32559,High,SVD-2024-0303 | Splunk Vulnerability Disclosure,9.1.0 to 9.1.3,2024-03-27,2024-03-27,https://advisory.splunk.com/advisories/SVD-2024-0303
enterprise:9.1.3,enterprise,Splunk Enterprise,9.1.3,9001003000,9.1.4,9001004000,SVD-2024-0303,Multiple (5) CVE-2024-0727 CVE-2023-5678 CVE-2023-39325 CVE-2023-38545 CVE-2021-32559,High,SVD-2024-0303 | Splunk Vulnerability Disclosure,9.1.0 to 9.1.3,2024-03-27,2024-03-27,https://advisory.splunk.com/advisories/SVD-2024-0303
enterprise:9.0.0,enterprise,Splunk Enterprise,9.0.0,9000000000,9.0.9,9000009000,SVD-2024-0303,Multiple (5) CVE-2024-0727 CVE-2023-5678 CVE-2023-39325 CVE-2023-38545 CVE-2021-32559,High,SVD-2024-0303 | Splunk Vulnerability Disclosure,9.0.0 to 9.0.8,2024-03-27,2024-03-27,https://advisory.splunk.com/advisories/SVD-2024-0303
enterprise:9.0.1,enterprise,Splunk Enterprise,9.0.1,9000001000,9.0.9,9000009000,SVD-2024-0303,Multiple (5) CVE-2024-0727 CVE-2023-5678 CVE-2023-39325 CVE-2023-38545 CVE-2021-32559,High,SVD-2024-0303 | Splunk Vulnerability Disclosure,9.0.0 to 9.0.8,2024-03-27,2024-03-27,https://advisory.splunk.com/advisories/SVD-2024-0303
enterprise:9.0.2,enterprise,Splunk Enterprise,9.0.2,9000002000,9.0.9,9000009000,SVD-2024-0303,Multiple (5) CVE-2024-0727 CVE-2023-5678 CVE-2023-39325 CVE-2023-38545 CVE-2021-32559,High,SVD-2024-0303 | Splunk Vulnerability Disclosure,9.0.0 to 9.0.8,2024-03-27,2024-03-27,https://advisory.splunk.com/advisories/SVD-2024-0303
enterprise:9.0.3,enterprise,Splunk Enterprise,9.0.3,9000003000,9.0.9,9000009000,SVD-2024-0303,Multiple (5) CVE-2024-0727 CVE-2023-5678 CVE-2023-39325 CVE-2023-38545 CVE-2021-32559,High,SVD-2024-0303 | Splunk Vulnerability Disclosure,9.0.0 to 9.0.8,2024-03-27,2024-03-27,https://advisory.splunk.com/advisories/SVD-2024-0303
enterprise:9.0.4,enterprise,Splunk Enterprise,9.0.4,9000004000,9.0.9,9000009000,SVD-2024-0303,Multiple (5) CVE-2024-0727 CVE-2023-5678 CVE-2023-39325 CVE-2023-38545 CVE-2021-32559,High,SVD-2024-0303 | Splunk Vulnerability Disclosure,9.0.0 to 9.0.8,2024-03-27,2024-03-27,https://advisory.splunk.com/advisories/SVD-2024-0303
enterprise:9.0.5,enterprise,Splunk Enterprise,9.0.5,9000005000,9.0.9,9000009000,SVD-2024-0303,Multiple (5) CVE-2024-0727 CVE-2023-5678 CVE-2023-39325 CVE-2023-38545 CVE-2021-32559,High,SVD-2024-0303 | Splunk Vulnerability Disclosure,9.0.0 to 9.0.8,2024-03-27,2024-03-27,https://advisory.splunk.com/advisories/SVD-2024-0303
enterprise:9.0.6,enterprise,Splunk Enterprise,9.0.6,9000006000,9.0.9,9000009000,SVD-2024-0303,Multiple (5) CVE-2024-0727 CVE-2023-5678 CVE-2023-39325 CVE-2023-38545 CVE-2021-32559,High,SVD-2024-0303 | Splunk Vulnerability Disclosure,9.0.0 to 9.0.8,2024-03-27,2024-03-27,https://advisory.splunk.com/advisories/SVD-2024-0303
enterprise:9.0.7,enterprise,Splunk Enterprise,9.0.7,9000007000,9.0.9,9000009000,SVD-2024-0303,Multiple (5) CVE-2024-0727 CVE-2023-5678 CVE-2023-39325 CVE-2023-38545 CVE-2021-32559,High,SVD-2024-0303 | Splunk Vulnerability Disclosure,9.0.0 to 9.0.8,2024-03-27,2024-03-27,https://advisory.splunk.com/advisories/SVD-2024-0303
enterprise:9.0.8,enterprise,Splunk Enterprise,9.0.8,9000008000,9.0.9,9000009000,SVD-2024-0303,Multiple (5) CVE-2024-0727 CVE-2023-5678 CVE-2023-39325 CVE-2023-38545 CVE-2021-32559,High,SVD-2024-0303 | Splunk Vulnerability Disclosure,9.0.0 to 9.0.8,2024-03-27,2024-03-27,https://advisory.splunk.com/advisories/SVD-2024-0303
enterprise:9.2.0,enterprise,Splunk Enterprise,9.2.0,9002000000,9.2.1,9002001000,SVD-2024-0301,CVE-2024-29945,High,SVD-2024-0301 | Splunk Vulnerability Disclosure,9.2.0 to 9.2.0.1,2024-03-27,2025-07-11,https://advisory.splunk.com/advisories/SVD-2024-0301
enterprise:9.1.0,enterprise,Splunk Enterprise,9.1.0,9001000000,9.1.4,9001004000,SVD-2024-0301,CVE-2024-29945,High,SVD-2024-0301 | Splunk Vulnerability Disclosure,9.1.0 to 9.1.3,2024-03-27,2025-07-11,https://advisory.splunk.com/advisories/SVD-2024-0301
enterprise:9.1.1,enterprise,Splunk Enterprise,9.1.1,9001001000,9.1.4,9001004000,SVD-2024-0301,CVE-2024-29945,High,SVD-2024-0301 | Splunk Vulnerability Disclosure,9.1.0 to 9.1.3,2024-03-27,2025-07-11,https://advisory.splunk.com/advisories/SVD-2024-0301
enterprise:9.1.2,enterprise,Splunk Enterprise,9.1.2,9001002000,9.1.4,9001004000,SVD-2024-0301,CVE-2024-29945,High,SVD-2024-0301 | Splunk Vulnerability Disclosure,9.1.0 to 9.1.3,2024-03-27,2025-07-11,https://advisory.splunk.com/advisories/SVD-2024-0301
enterprise:9.1.3,enterprise,Splunk Enterprise,9.1.3,9001003000,9.1.4,9001004000,SVD-2024-0301,CVE-2024-29945,High,SVD-2024-0301 | Splunk Vulnerability Disclosure,9.1.0 to 9.1.3,2024-03-27,2025-07-11,https://advisory.splunk.com/advisories/SVD-2024-0301
enterprise:9.0.0,enterprise,Splunk Enterprise,9.0.0,9000000000,9.0.9,9000009000,SVD-2024-0301,CVE-2024-29945,High,SVD-2024-0301 | Splunk Vulnerability Disclosure,9.0.0 to 9.0.8,2024-03-27,2025-07-11,https://advisory.splunk.com/advisories/SVD-2024-0301
enterprise:9.0.1,enterprise,Splunk Enterprise,9.0.1,9000001000,9.0.9,9000009000,SVD-2024-0301,CVE-2024-29945,High,SVD-2024-0301 | Splunk Vulnerability Disclosure,9.0.0 to 9.0.8,2024-03-27,2025-07-11,https://advisory.splunk.com/advisories/SVD-2024-0301
enterprise:9.0.2,enterprise,Splunk Enterprise,9.0.2,9000002000,9.0.9,9000009000,SVD-2024-0301,CVE-2024-29945,High,SVD-2024-0301 | Splunk Vulnerability Disclosure,9.0.0 to 9.0.8,2024-03-27,2025-07-11,https://advisory.splunk.com/advisories/SVD-2024-0301
enterprise:9.0.3,enterprise,Splunk Enterprise,9.0.3,9000003000,9.0.9,9000009000,SVD-2024-0301,CVE-2024-29945,High,SVD-2024-0301 | Splunk Vulnerability Disclosure,9.0.0 to 9.0.8,2024-03-27,2025-07-11,https://advisory.splunk.com/advisories/SVD-2024-0301
enterprise:9.0.4,enterprise,Splunk Enterprise,9.0.4,9000004000,9.0.9,9000009000,SVD-2024-0301,CVE-2024-29945,High,SVD-2024-0301 | Splunk Vulnerability Disclosure,9.0.0 to 9.0.8,2024-03-27,2025-07-11,https://advisory.splunk.com/advisories/SVD-2024-0301
enterprise:9.0.5,enterprise,Splunk Enterprise,9.0.5,9000005000,9.0.9,9000009000,SVD-2024-0301,CVE-2024-29945,High,SVD-2024-0301 | Splunk Vulnerability Disclosure,9.0.0 to 9.0.8,2024-03-27,2025-07-11,https://advisory.splunk.com/advisories/SVD-2024-0301
enterprise:9.0.6,enterprise,Splunk Enterprise,9.0.6,9000006000,9.0.9,9000009000,SVD-2024-0301,CVE-2024-29945,High,SVD-2024-0301 | Splunk Vulnerability Disclosure,9.0.0 to 9.0.8,2024-03-27,2025-07-11,https://advisory.splunk.com/advisories/SVD-2024-0301
enterprise:9.0.7,enterprise,Splunk Enterprise,9.0.7,9000007000,9.0.9,9000009000,SVD-2024-0301,CVE-2024-29945,High,SVD-2024-0301 | Splunk Vulnerability Disclosure,9.0.0 to 9.0.8,2024-03-27,2025-07-11,https://advisory.splunk.com/advisories/SVD-2024-0301
enterprise:9.0.8,enterprise,Splunk Enterprise,9.0.8,9000008000,9.0.9,9000009000,SVD-2024-0301,CVE-2024-29945,High,SVD-2024-0301 | Splunk Vulnerability Disclosure,9.0.0 to 9.0.8,2024-03-27,2025-07-11,https://advisory.splunk.com/advisories/SVD-2024-0301
enterprise:9.0.0,enterprise,Splunk Enterprise,9.0.0,9000000000,9.0.8,9000008000,SVD-2024-0109,Multiple (2) CVE-2022-40899 CVE-2023-37920,High,SVD-2024-0109 | Splunk Vulnerability Disclosure,9.0.0 to 9.0.7,2024-01-22,2024-01-26,https://advisory.splunk.com/advisories/SVD-2024-0109
enterprise:9.0.1,enterprise,Splunk Enterprise,9.0.1,9000001000,9.0.8,9000008000,SVD-2024-0109,Multiple (2) CVE-2022-40899 CVE-2023-37920,High,SVD-2024-0109 | Splunk Vulnerability Disclosure,9.0.0 to 9.0.7,2024-01-22,2024-01-26,https://advisory.splunk.com/advisories/SVD-2024-0109
enterprise:9.0.2,enterprise,Splunk Enterprise,9.0.2,9000002000,9.0.8,9000008000,SVD-2024-0109,Multiple (2) CVE-2022-40899 CVE-2023-37920,High,SVD-2024-0109 | Splunk Vulnerability Disclosure,9.0.0 to 9.0.7,2024-01-22,2024-01-26,https://advisory.splunk.com/advisories/SVD-2024-0109
enterprise:9.0.3,enterprise,Splunk Enterprise,9.0.3,9000003000,9.0.8,9000008000,SVD-2024-0109,Multiple (2) CVE-2022-40899 CVE-2023-37920,High,SVD-2024-0109 | Splunk Vulnerability Disclosure,9.0.0 to 9.0.7,2024-01-22,2024-01-26,https://advisory.splunk.com/advisories/SVD-2024-0109
enterprise:9.0.4,enterprise,Splunk Enterprise,9.0.4,9000004000,9.0.8,9000008000,SVD-2024-0109,Multiple (2) CVE-2022-40899 CVE-2023-37920,High,SVD-2024-0109 | Splunk Vulnerability Disclosure,9.0.0 to 9.0.7,2024-01-22,2024-01-26,https://advisory.splunk.com/advisories/SVD-2024-0109
enterprise:9.0.5,enterprise,Splunk Enterprise,9.0.5,9000005000,9.0.8,9000008000,SVD-2024-0109,Multiple (2) CVE-2022-40899 CVE-2023-37920,High,SVD-2024-0109 | Splunk Vulnerability Disclosure,9.0.0 to 9.0.7,2024-01-22,2024-01-26,https://advisory.splunk.com/advisories/SVD-2024-0109
enterprise:9.0.6,enterprise,Splunk Enterprise,9.0.6,9000006000,9.0.8,9000008000,SVD-2024-0109,Multiple (2) CVE-2022-40899 CVE-2023-37920,High,SVD-2024-0109 | Splunk Vulnerability Disclosure,9.0.0 to 9.0.7,2024-01-22,2024-01-26,https://advisory.splunk.com/advisories/SVD-2024-0109
enterprise:9.0.7,enterprise,Splunk Enterprise,9.0.7,9000007000,9.0.8,9000008000,SVD-2024-0109,Multiple (2) CVE-2022-40899 CVE-2023-37920,High,SVD-2024-0109 | Splunk Vulnerability Disclosure,9.0.0 to 9.0.7,2024-01-22,2024-01-26,https://advisory.splunk.com/advisories/SVD-2024-0109
enterprise:9.1.0,enterprise,Splunk Enterprise,9.1.0,9001000000,9.1.3,9001003000,SVD-2024-0109,Multiple (2) CVE-2022-40899 CVE-2023-37920,High,SVD-2024-0109 | Splunk Vulnerability Disclosure,9.1.0 to 9.1.2,2024-01-22,2024-01-26,https://advisory.splunk.com/advisories/SVD-2024-0109
enterprise:9.1.1,enterprise,Splunk Enterprise,9.1.1,9001001000,9.1.3,9001003000,SVD-2024-0109,Multiple (2) CVE-2022-40899 CVE-2023-37920,High,SVD-2024-0109 | Splunk Vulnerability Disclosure,9.1.0 to 9.1.2,2024-01-22,2024-01-26,https://advisory.splunk.com/advisories/SVD-2024-0109
enterprise:9.1.2,enterprise,Splunk Enterprise,9.1.2,9001002000,9.1.3,9001003000,SVD-2024-0109,Multiple (2) CVE-2022-40899 CVE-2023-37920,High,SVD-2024-0109 | Splunk Vulnerability Disclosure,9.1.0 to 9.1.2,2024-01-22,2024-01-26,https://advisory.splunk.com/advisories/SVD-2024-0109
forwarder:9.0.0,forwarder,Splunk Universal Forwarder,9.0.0,9000000000,9.0.7,9000007000,SVD-2023-1107,Multiple (2) CVE-2023-3817 CVE-2023-3446,Low,SVD-2023-1107 | Splunk Vulnerability Disclosure,9.0.0 to 9.0.6,2023-11-16,2023-12-18,https://advisory.splunk.com/advisories/SVD-2023-1107
forwarder:9.0.1,forwarder,Splunk Universal Forwarder,9.0.1,9000001000,9.0.7,9000007000,SVD-2023-1107,Multiple (2) CVE-2023-3817 CVE-2023-3446,Low,SVD-2023-1107 | Splunk Vulnerability Disclosure,9.0.0 to 9.0.6,2023-11-16,2023-12-18,https://advisory.splunk.com/advisories/SVD-2023-1107
forwarder:9.0.2,forwarder,Splunk Universal Forwarder,9.0.2,9000002000,9.0.7,9000007000,SVD-2023-1107,Multiple (2) CVE-2023-3817 CVE-2023-3446,Low,SVD-2023-1107 | Splunk Vulnerability Disclosure,9.0.0 to 9.0.6,2023-11-16,2023-12-18,https://advisory.splunk.com/advisories/SVD-2023-1107
forwarder:9.0.3,forwarder,Splunk Universal Forwarder,9.0.3,9000003000,9.0.7,9000007000,SVD-2023-1107,Multiple (2) CVE-2023-3817 CVE-2023-3446,Low,SVD-2023-1107 | Splunk Vulnerability Disclosure,9.0.0 to 9.0.6,2023-11-16,2023-12-18,https://advisory.splunk.com/advisories/SVD-2023-1107
forwarder:9.0.4,forwarder,Splunk Universal Forwarder,9.0.4,9000004000,9.0.7,9000007000,SVD-2023-1107,Multiple (2) CVE-2023-3817 CVE-2023-3446,Low,SVD-2023-1107 | Splunk Vulnerability Disclosure,9.0.0 to 9.0.6,2023-11-16,2023-12-18,https://advisory.splunk.com/advisories/SVD-2023-1107
forwarder:9.0.5,forwarder,Splunk Universal Forwarder,9.0.5,9000005000,9.0.7,9000007000,SVD-2023-1107,Multiple (2) CVE-2023-3817 CVE-2023-3446,Low,SVD-2023-1107 | Splunk Vulnerability Disclosure,9.0.0 to 9.0.6,2023-11-16,2023-12-18,https://advisory.splunk.com/advisories/SVD-2023-1107
forwarder:9.0.6,forwarder,Splunk Universal Forwarder,9.0.6,9000006000,9.0.7,9000007000,SVD-2023-1107,Multiple (2) CVE-2023-3817 CVE-2023-3446,Low,SVD-2023-1107 | Splunk Vulnerability Disclosure,9.0.0 to 9.0.6,2023-11-16,2023-12-18,https://advisory.splunk.com/advisories/SVD-2023-1107
forwarder:9.1.0,forwarder,Splunk Universal Forwarder,9.1.0,9001000000,9.1.2,9001002000,SVD-2023-1107,Multiple (2) CVE-2023-3817 CVE-2023-3446,Low,SVD-2023-1107 | Splunk Vulnerability Disclosure,9.1.0 to 9.1.1,2023-11-16,2023-12-18,https://advisory.splunk.com/advisories/SVD-2023-1107
forwarder:9.1.1,forwarder,Splunk Universal Forwarder,9.1.1,9001001000,9.1.2,9001002000,SVD-2023-1107,Multiple (2) CVE-2023-3817 CVE-2023-3446,Low,SVD-2023-1107 | Splunk Vulnerability Disclosure,9.1.0 to 9.1.1,2023-11-16,2023-12-18,https://advisory.splunk.com/advisories/SVD-2023-1107
forwarder:8.2.0,forwarder,Universal Forwarder,8.2.0,8002000000,8.2.12,8002012000,SVD-2023-0809,Multiple (58) CVE-2021-30560 CVE-2023-27538 CVE-2023-27537 CVE-2023-27536 CVE-2023-27535 CVE-2023-27534 CVE-2023-27533 CVE-2023-23916 CVE-2023-23915 CVE-2023-23914 CVE-2022-43552 CVE-2022-43551 CVE-2022-42916 CVE-2022-42915 CVE-2022-35260 CVE-2022-32221 CVE-2022-35252 CVE-2022-32208 CVE-2022-32207 CVE-2022-32206 CVE-2022-32205 CVE-2022-30115 CVE-2022-27782 CVE-2022-27781 CVE-2022-27780 CVE-2022-27779 CVE-2022-27778 CVE-2022-27776 CVE-2022-27775 CVE-2022-27774 CVE-2022-22576 CVE-2021-22947 CVE-2021-22946 CVE-2021-22945 CVE-2021-22926 CVE-2021-22925 CVE-2021-22924 CVE-2021-22923 CVE-2021-22922 CVE-2021-22901 CVE-2021-22898 CVE-2021-22897 CVE-2021-22890 CVE-2021-22876 CVE-2020-8286 CVE-2020-8285 CVE-2020-8284 CVE-2020-8231 CVE-2020-8177 CVE-2020-8169 CVE-2022-36227 CVE-2021-31566 CVE-2021-36976 CVE-2021-3520 CVE-2020-14155 CVE-2019-20454 CVE-2019-20838 CVE-2022-35737,Critical,SVD-2023-0809 | Splunk Vulnerability Disclosure,8.2.0 to 8.2.11,2023-08-30,2023-08-30,https://advisory.splunk.com/advisories/SVD-2023-0809
forwarder:8.2.1,forwarder,Universal Forwarder,8.2.1,8002001000,8.2.12,8002012000,SVD-2023-0809,Multiple (58) CVE-2021-30560 CVE-2023-27538 CVE-2023-27537 CVE-2023-27536 CVE-2023-27535 CVE-2023-27534 CVE-2023-27533 CVE-2023-23916 CVE-2023-23915 CVE-2023-23914 CVE-2022-43552 CVE-2022-43551 CVE-2022-42916 CVE-2022-42915 CVE-2022-35260 CVE-2022-32221 CVE-2022-35252 CVE-2022-32208 CVE-2022-32207 CVE-2022-32206 CVE-2022-32205 CVE-2022-30115 CVE-2022-27782 CVE-2022-27781 CVE-2022-27780 CVE-2022-27779 CVE-2022-27778 CVE-2022-27776 CVE-2022-27775 CVE-2022-27774 CVE-2022-22576 CVE-2021-22947 CVE-2021-22946 CVE-2021-22945 CVE-2021-22926 CVE-2021-22925 CVE-2021-22924 CVE-2021-22923 CVE-2021-22922 CVE-2021-22901 CVE-2021-22898 CVE-2021-22897 CVE-2021-22890 CVE-2021-22876 CVE-2020-8286 CVE-2020-8285 CVE-2020-8284 CVE-2020-8231 CVE-2020-8177 CVE-2020-8169 CVE-2022-36227 CVE-2021-31566 CVE-2021-36976 CVE-2021-3520 CVE-2020-14155 CVE-2019-20454 CVE-2019-20838 CVE-2022-35737,Critical,SVD-2023-0809 | Splunk Vulnerability Disclosure,8.2.0 to 8.2.11,2023-08-30,2023-08-30,https://advisory.splunk.com/advisories/SVD-2023-0809
forwarder:8.2.2,forwarder,Universal Forwarder,8.2.2,8002002000,8.2.12,8002012000,SVD-2023-0809,Multiple (58) CVE-2021-30560 CVE-2023-27538 CVE-2023-27537 CVE-2023-27536 CVE-2023-27535 CVE-2023-27534 CVE-2023-27533 CVE-2023-23916 CVE-2023-23915 CVE-2023-23914 CVE-2022-43552 CVE-2022-43551 CVE-2022-42916 CVE-2022-42915 CVE-2022-35260 CVE-2022-32221 CVE-2022-35252 CVE-2022-32208 CVE-2022-32207 CVE-2022-32206 CVE-2022-32205 CVE-2022-30115 CVE-2022-27782 CVE-2022-27781 CVE-2022-27780 CVE-2022-27779 CVE-2022-27778 CVE-2022-27776 CVE-2022-27775 CVE-2022-27774 CVE-2022-22576 CVE-2021-22947 CVE-2021-22946 CVE-2021-22945 CVE-2021-22926 CVE-2021-22925 CVE-2021-22924 CVE-2021-22923 CVE-2021-22922 CVE-2021-22901 CVE-2021-22898 CVE-2021-22897 CVE-2021-22890 CVE-2021-22876 CVE-2020-8286 CVE-2020-8285 CVE-2020-8284 CVE-2020-8231 CVE-2020-8177 CVE-2020-8169 CVE-2022-36227 CVE-2021-31566 CVE-2021-36976 CVE-2021-3520 CVE-2020-14155 CVE-2019-20454 CVE-2019-20838 CVE-2022-35737,Critical,SVD-2023-0809 | Splunk Vulnerability Disclosure,8.2.0 to 8.2.11,2023-08-30,2023-08-30,https://advisory.splunk.com/advisories/SVD-2023-0809
forwarder:8.2.3,forwarder,Universal Forwarder,8.2.3,8002003000,8.2.12,8002012000,SVD-2023-0809,Multiple (58) CVE-2021-30560 CVE-2023-27538 CVE-2023-27537 CVE-2023-27536 CVE-2023-27535 CVE-2023-27534 CVE-2023-27533 CVE-2023-23916 CVE-2023-23915 CVE-2023-23914 CVE-2022-43552 CVE-2022-43551 CVE-2022-42916 CVE-2022-42915 CVE-2022-35260 CVE-2022-32221 CVE-2022-35252 CVE-2022-32208 CVE-2022-32207 CVE-2022-32206 CVE-2022-32205 CVE-2022-30115 CVE-2022-27782 CVE-2022-27781 CVE-2022-27780 CVE-2022-27779 CVE-2022-27778 CVE-2022-27776 CVE-2022-27775 CVE-2022-27774 CVE-2022-22576 CVE-2021-22947 CVE-2021-22946 CVE-2021-22945 CVE-2021-22926 CVE-2021-22925 CVE-2021-22924 CVE-2021-22923 CVE-2021-22922 CVE-2021-22901 CVE-2021-22898 CVE-2021-22897 CVE-2021-22890 CVE-2021-22876 CVE-2020-8286 CVE-2020-8285 CVE-2020-8284 CVE-2020-8231 CVE-2020-8177 CVE-2020-8169 CVE-2022-36227 CVE-2021-31566 CVE-2021-36976 CVE-2021-3520 CVE-2020-14155 CVE-2019-20454 CVE-2019-20838 CVE-2022-35737,Critical,SVD-2023-0809 | Splunk Vulnerability Disclosure,8.2.0 to 8.2.11,2023-08-30,2023-08-30,https://advisory.splunk.com/advisories/SVD-2023-0809
forwarder:8.2.4,forwarder,Universal Forwarder,8.2.4,8002004000,8.2.12,8002012000,SVD-2023-0809,Multiple (58) CVE-2021-30560 CVE-2023-27538 CVE-2023-27537 CVE-2023-27536 CVE-2023-27535 CVE-2023-27534 CVE-2023-27533 CVE-2023-23916 CVE-2023-23915 CVE-2023-23914 CVE-2022-43552 CVE-2022-43551 CVE-2022-42916 CVE-2022-42915 CVE-2022-35260 CVE-2022-32221 CVE-2022-35252 CVE-2022-32208 CVE-2022-32207 CVE-2022-32206 CVE-2022-32205 CVE-2022-30115 CVE-2022-27782 CVE-2022-27781 CVE-2022-27780 CVE-2022-27779 CVE-2022-27778 CVE-2022-27776 CVE-2022-27775 CVE-2022-27774 CVE-2022-22576 CVE-2021-22947 CVE-2021-22946 CVE-2021-22945 CVE-2021-22926 CVE-2021-22925 CVE-2021-22924 CVE-2021-22923 CVE-2021-22922 CVE-2021-22901 CVE-2021-22898 CVE-2021-22897 CVE-2021-22890 CVE-2021-22876 CVE-2020-8286 CVE-2020-8285 CVE-2020-8284 CVE-2020-8231 CVE-2020-8177 CVE-2020-8169 CVE-2022-36227 CVE-2021-31566 CVE-2021-36976 CVE-2021-3520 CVE-2020-14155 CVE-2019-20454 CVE-2019-20838 CVE-2022-35737,Critical,SVD-2023-0809 | Splunk Vulnerability Disclosure,8.2.0 to 8.2.11,2023-08-30,2023-08-30,https://advisory.splunk.com/advisories/SVD-2023-0809
forwarder:8.2.5,forwarder,Universal Forwarder,8.2.5,8002005000,8.2.12,8002012000,SVD-2023-0809,Multiple (58) CVE-2021-30560 CVE-2023-27538 CVE-2023-27537 CVE-2023-27536 CVE-2023-27535 CVE-2023-27534 CVE-2023-27533 CVE-2023-23916 CVE-2023-23915 CVE-2023-23914 CVE-2022-43552 CVE-2022-43551 CVE-2022-42916 CVE-2022-42915 CVE-2022-35260 CVE-2022-32221 CVE-2022-35252 CVE-2022-32208 CVE-2022-32207 CVE-2022-32206 CVE-2022-32205 CVE-2022-30115 CVE-2022-27782 CVE-2022-27781 CVE-2022-27780 CVE-2022-27779 CVE-2022-27778 CVE-2022-27776 CVE-2022-27775 CVE-2022-27774 CVE-2022-22576 CVE-2021-22947 CVE-2021-22946 CVE-2021-22945 CVE-2021-22926 CVE-2021-22925 CVE-2021-22924 CVE-2021-22923 CVE-2021-22922 CVE-2021-22901 CVE-2021-22898 CVE-2021-22897 CVE-2021-22890 CVE-2021-22876 CVE-2020-8286 CVE-2020-8285 CVE-2020-8284 CVE-2020-8231 CVE-2020-8177 CVE-2020-8169 CVE-2022-36227 CVE-2021-31566 CVE-2021-36976 CVE-2021-3520 CVE-2020-14155 CVE-2019-20454 CVE-2019-20838 CVE-2022-35737,Critical,SVD-2023-0809 | Splunk Vulnerability Disclosure,8.2.0 to 8.2.11,2023-08-30,2023-08-30,https://advisory.splunk.com/advisories/SVD-2023-0809
forwarder:8.2.6,forwarder,Universal Forwarder,8.2.6,8002006000,8.2.12,8002012000,SVD-2023-0809,Multiple (58) CVE-2021-30560 CVE-2023-27538 CVE-2023-27537 CVE-2023-27536 CVE-2023-27535 CVE-2023-27534 CVE-2023-27533 CVE-2023-23916 CVE-2023-23915 CVE-2023-23914 CVE-2022-43552 CVE-2022-43551 CVE-2022-42916 CVE-2022-42915 CVE-2022-35260 CVE-2022-32221 CVE-2022-35252 CVE-2022-32208 CVE-2022-32207 CVE-2022-32206 CVE-2022-32205 CVE-2022-30115 CVE-2022-27782 CVE-2022-27781 CVE-2022-27780 CVE-2022-27779 CVE-2022-27778 CVE-2022-27776 CVE-2022-27775 CVE-2022-27774 CVE-2022-22576 CVE-2021-22947 CVE-2021-22946 CVE-2021-22945 CVE-2021-22926 CVE-2021-22925 CVE-2021-22924 CVE-2021-22923 CVE-2021-22922 CVE-2021-22901 CVE-2021-22898 CVE-2021-22897 CVE-2021-22890 CVE-2021-22876 CVE-2020-8286 CVE-2020-8285 CVE-2020-8284 CVE-2020-8231 CVE-2020-8177 CVE-2020-8169 CVE-2022-36227 CVE-2021-31566 CVE-2021-36976 CVE-2021-3520 CVE-2020-14155 CVE-2019-20454 CVE-2019-20838 CVE-2022-35737,Critical,SVD-2023-0809 | Splunk Vulnerability Disclosure,8.2.0 to 8.2.11,2023-08-30,2023-08-30,https://advisory.splunk.com/advisories/SVD-2023-0809
forwarder:8.2.7,forwarder,Universal Forwarder,8.2.7,8002007000,8.2.12,8002012000,SVD-2023-0809,Multiple (58) CVE-2021-30560 CVE-2023-27538 CVE-2023-27537 CVE-2023-27536 CVE-2023-27535 CVE-2023-27534 CVE-2023-27533 CVE-2023-23916 CVE-2023-23915 CVE-2023-23914 CVE-2022-43552 CVE-2022-43551 CVE-2022-42916 CVE-2022-42915 CVE-2022-35260 CVE-2022-32221 CVE-2022-35252 CVE-2022-32208 CVE-2022-32207 CVE-2022-32206 CVE-2022-32205 CVE-2022-30115 CVE-2022-27782 CVE-2022-27781 CVE-2022-27780 CVE-2022-27779 CVE-2022-27778 CVE-2022-27776 CVE-2022-27775 CVE-2022-27774 CVE-2022-22576 CVE-2021-22947 CVE-2021-22946 CVE-2021-22945 CVE-2021-22926 CVE-2021-22925 CVE-2021-22924 CVE-2021-22923 CVE-2021-22922 CVE-2021-22901 CVE-2021-22898 CVE-2021-22897 CVE-2021-22890 CVE-2021-22876 CVE-2020-8286 CVE-2020-8285 CVE-2020-8284 CVE-2020-8231 CVE-2020-8177 CVE-2020-8169 CVE-2022-36227 CVE-2021-31566 CVE-2021-36976 CVE-2021-3520 CVE-2020-14155 CVE-2019-20454 CVE-2019-20838 CVE-2022-35737,Critical,SVD-2023-0809 | Splunk Vulnerability Disclosure,8.2.0 to 8.2.11,2023-08-30,2023-08-30,https://advisory.splunk.com/advisories/SVD-2023-0809
forwarder:8.2.8,forwarder,Universal Forwarder,8.2.8,8002008000,8.2.12,8002012000,SVD-2023-0809,Multiple (58) CVE-2021-30560 CVE-2023-27538 CVE-2023-27537 CVE-2023-27536 CVE-2023-27535 CVE-2023-27534 CVE-2023-27533 CVE-2023-23916 CVE-2023-23915 CVE-2023-23914 CVE-2022-43552 CVE-2022-43551 CVE-2022-42916 CVE-2022-42915 CVE-2022-35260 CVE-2022-32221 CVE-2022-35252 CVE-2022-32208 CVE-2022-32207 CVE-2022-32206 CVE-2022-32205 CVE-2022-30115 CVE-2022-27782 CVE-2022-27781 CVE-2022-27780 CVE-2022-27779 CVE-2022-27778 CVE-2022-27776 CVE-2022-27775 CVE-2022-27774 CVE-2022-22576 CVE-2021-22947 CVE-2021-22946 CVE-2021-22945 CVE-2021-22926 CVE-2021-22925 CVE-2021-22924 CVE-2021-22923 CVE-2021-22922 CVE-2021-22901 CVE-2021-22898 CVE-2021-22897 CVE-2021-22890 CVE-2021-22876 CVE-2020-8286 CVE-2020-8285 CVE-2020-8284 CVE-2020-8231 CVE-2020-8177 CVE-2020-8169 CVE-2022-36227 CVE-2021-31566 CVE-2021-36976 CVE-2021-3520 CVE-2020-14155 CVE-2019-20454 CVE-2019-20838 CVE-2022-35737,Critical,SVD-2023-0809 | Splunk Vulnerability Disclosure,8.2.0 to 8.2.11,2023-08-30,2023-08-30,https://advisory.splunk.com/advisories/SVD-2023-0809
forwarder:8.2.9,forwarder,Universal Forwarder,8.2.9,8002009000,8.2.12,8002012000,SVD-2023-0809,Multiple (58) CVE-2021-30560 CVE-2023-27538 CVE-2023-27537 CVE-2023-27536 CVE-2023-27535 CVE-2023-27534 CVE-2023-27533 CVE-2023-23916 CVE-2023-23915 CVE-2023-23914 CVE-2022-43552 CVE-2022-43551 CVE-2022-42916 CVE-2022-42915 CVE-2022-35260 CVE-2022-32221 CVE-2022-35252 CVE-2022-32208 CVE-2022-32207 CVE-2022-32206 CVE-2022-32205 CVE-2022-30115 CVE-2022-27782 CVE-2022-27781 CVE-2022-27780 CVE-2022-27779 CVE-2022-27778 CVE-2022-27776 CVE-2022-27775 CVE-2022-27774 CVE-2022-22576 CVE-2021-22947 CVE-2021-22946 CVE-2021-22945 CVE-2021-22926 CVE-2021-22925 CVE-2021-22924 CVE-2021-22923 CVE-2021-22922 CVE-2021-22901 CVE-2021-22898 CVE-2021-22897 CVE-2021-22890 CVE-2021-22876 CVE-2020-8286 CVE-2020-8285 CVE-2020-8284 CVE-2020-8231 CVE-2020-8177 CVE-2020-8169 CVE-2022-36227 CVE-2021-31566 CVE-2021-36976 CVE-2021-3520 CVE-2020-14155 CVE-2019-20454 CVE-2019-20838 CVE-2022-35737,Critical,SVD-2023-0809 | Splunk Vulnerability Disclosure,8.2.0 to 8.2.11,2023-08-30,2023-08-30,https://advisory.splunk.com/advisories/SVD-2023-0809
forwarder:8.2.10,forwarder,Universal Forwarder,8.2.10,8002010000,8.2.12,8002012000,SVD-2023-0809,Multiple (58) CVE-2021-30560 CVE-2023-27538 CVE-2023-27537 CVE-2023-27536 CVE-2023-27535 CVE-2023-27534 CVE-2023-27533 CVE-2023-23916 CVE-2023-23915 CVE-2023-23914 CVE-2022-43552 CVE-2022-43551 CVE-2022-42916 CVE-2022-42915 CVE-2022-35260 CVE-2022-32221 CVE-2022-35252 CVE-2022-32208 CVE-2022-32207 CVE-2022-32206 CVE-2022-32205 CVE-2022-30115 CVE-2022-27782 CVE-2022-27781 CVE-2022-27780 CVE-2022-27779 CVE-2022-27778 CVE-2022-27776 CVE-2022-27775 CVE-2022-27774 CVE-2022-22576 CVE-2021-22947 CVE-2021-22946 CVE-2021-22945 CVE-2021-22926 CVE-2021-22925 CVE-2021-22924 CVE-2021-22923 CVE-2021-22922 CVE-2021-22901 CVE-2021-22898 CVE-2021-22897 CVE-2021-22890 CVE-2021-22876 CVE-2020-8286 CVE-2020-8285 CVE-2020-8284 CVE-2020-8231 CVE-2020-8177 CVE-2020-8169 CVE-2022-36227 CVE-2021-31566 CVE-2021-36976 CVE-2021-3520 CVE-2020-14155 CVE-2019-20454 CVE-2019-20838 CVE-2022-35737,Critical,SVD-2023-0809 | Splunk Vulnerability Disclosure,8.2.0 to 8.2.11,2023-08-30,2023-08-30,https://advisory.splunk.com/advisories/SVD-2023-0809
forwarder:8.2.11,forwarder,Universal Forwarder,8.2.11,8002011000,8.2.12,8002012000,SVD-2023-0809,Multiple (58) CVE-2021-30560 CVE-2023-27538 CVE-2023-27537 CVE-2023-27536 CVE-2023-27535 CVE-2023-27534 CVE-2023-27533 CVE-2023-23916 CVE-2023-23915 CVE-2023-23914 CVE-2022-43552 CVE-2022-43551 CVE-2022-42916 CVE-2022-42915 CVE-2022-35260 CVE-2022-32221 CVE-2022-35252 CVE-2022-32208 CVE-2022-32207 CVE-2022-32206 CVE-2022-32205 CVE-2022-30115 CVE-2022-27782 CVE-2022-27781 CVE-2022-27780 CVE-2022-27779 CVE-2022-27778 CVE-2022-27776 CVE-2022-27775 CVE-2022-27774 CVE-2022-22576 CVE-2021-22947 CVE-2021-22946 CVE-2021-22945 CVE-2021-22926 CVE-2021-22925 CVE-2021-22924 CVE-2021-22923 CVE-2021-22922 CVE-2021-22901 CVE-2021-22898 CVE-2021-22897 CVE-2021-22890 CVE-2021-22876 CVE-2020-8286 CVE-2020-8285 CVE-2020-8284 CVE-2020-8231 CVE-2020-8177 CVE-2020-8169 CVE-2022-36227 CVE-2021-31566 CVE-2021-36976 CVE-2021-3520 CVE-2020-14155 CVE-2019-20454 CVE-2019-20838 CVE-2022-35737,Critical,SVD-2023-0809 | Splunk Vulnerability Disclosure,8.2.0 to 8.2.11,2023-08-30,2023-08-30,https://advisory.splunk.com/advisories/SVD-2023-0809
forwarder:9.0.0,forwarder,Universal Forwarder,9.0.0,9000000000,9.0.6,9000006000,SVD-2023-0809,Multiple (58) CVE-2021-30560 CVE-2023-27538 CVE-2023-27537 CVE-2023-27536 CVE-2023-27535 CVE-2023-27534 CVE-2023-27533 CVE-2023-23916 CVE-2023-23915 CVE-2023-23914 CVE-2022-43552 CVE-2022-43551 CVE-2022-42916 CVE-2022-42915 CVE-2022-35260 CVE-2022-32221 CVE-2022-35252 CVE-2022-32208 CVE-2022-32207 CVE-2022-32206 CVE-2022-32205 CVE-2022-30115 CVE-2022-27782 CVE-2022-27781 CVE-2022-27780 CVE-2022-27779 CVE-2022-27778 CVE-2022-27776 CVE-2022-27775 CVE-2022-27774 CVE-2022-22576 CVE-2021-22947 CVE-2021-22946 CVE-2021-22945 CVE-2021-22926 CVE-2021-22925 CVE-2021-22924 CVE-2021-22923 CVE-2021-22922 CVE-2021-22901 CVE-2021-22898 CVE-2021-22897 CVE-2021-22890 CVE-2021-22876 CVE-2020-8286 CVE-2020-8285 CVE-2020-8284 CVE-2020-8231 CVE-2020-8177 CVE-2020-8169 CVE-2022-36227 CVE-2021-31566 CVE-2021-36976 CVE-2021-3520 CVE-2020-14155 CVE-2019-20454 CVE-2019-20838 CVE-2022-35737,Critical,SVD-2023-0809 | Splunk Vulnerability Disclosure,9.0.0 to 9.0.5,2023-08-30,2023-08-30,https://advisory.splunk.com/advisories/SVD-2023-0809
forwarder:9.0.1,forwarder,Universal Forwarder,9.0.1,9000001000,9.0.6,9000006000,SVD-2023-0809,Multiple (58) CVE-2021-30560 CVE-2023-27538 CVE-2023-27537 CVE-2023-27536 CVE-2023-27535 CVE-2023-27534 CVE-2023-27533 CVE-2023-23916 CVE-2023-23915 CVE-2023-23914 CVE-2022-43552 CVE-2022-43551 CVE-2022-42916 CVE-2022-42915 CVE-2022-35260 CVE-2022-32221 CVE-2022-35252 CVE-2022-32208 CVE-2022-32207 CVE-2022-32206 CVE-2022-32205 CVE-2022-30115 CVE-2022-27782 CVE-2022-27781 CVE-2022-27780 CVE-2022-27779 CVE-2022-27778 CVE-2022-27776 CVE-2022-27775 CVE-2022-27774 CVE-2022-22576 CVE-2021-22947 CVE-2021-22946 CVE-2021-22945 CVE-2021-22926 CVE-2021-22925 CVE-2021-22924 CVE-2021-22923 CVE-2021-22922 CVE-2021-22901 CVE-2021-22898 CVE-2021-22897 CVE-2021-22890 CVE-2021-22876 CVE-2020-8286 CVE-2020-8285 CVE-2020-8284 CVE-2020-8231 CVE-2020-8177 CVE-2020-8169 CVE-2022-36227 CVE-2021-31566 CVE-2021-36976 CVE-2021-3520 CVE-2020-14155 CVE-2019-20454 CVE-2019-20838 CVE-2022-35737,Critical,SVD-2023-0809 | Splunk Vulnerability Disclosure,9.0.0 to 9.0.5,2023-08-30,2023-08-30,https://advisory.splunk.com/advisories/SVD-2023-0809
forwarder:9.0.2,forwarder,Universal Forwarder,9.0.2,9000002000,9.0.6,9000006000,SVD-2023-0809,Multiple (58) CVE-2021-30560 CVE-2023-27538 CVE-2023-27537 CVE-2023-27536 CVE-2023-27535 CVE-2023-27534 CVE-2023-27533 CVE-2023-23916 CVE-2023-23915 CVE-2023-23914 CVE-2022-43552 CVE-2022-43551 CVE-2022-42916 CVE-2022-42915 CVE-2022-35260 CVE-2022-32221 CVE-2022-35252 CVE-2022-32208 CVE-2022-32207 CVE-2022-32206 CVE-2022-32205 CVE-2022-30115 CVE-2022-27782 CVE-2022-27781 CVE-2022-27780 CVE-2022-27779 CVE-2022-27778 CVE-2022-27776 CVE-2022-27775 CVE-2022-27774 CVE-2022-22576 CVE-2021-22947 CVE-2021-22946 CVE-2021-22945 CVE-2021-22926 CVE-2021-22925 CVE-2021-22924 CVE-2021-22923 CVE-2021-22922 CVE-2021-22901 CVE-2021-22898 CVE-2021-22897 CVE-2021-22890 CVE-2021-22876 CVE-2020-8286 CVE-2020-8285 CVE-2020-8284 CVE-2020-8231 CVE-2020-8177 CVE-2020-8169 CVE-2022-36227 CVE-2021-31566 CVE-2021-36976 CVE-2021-3520 CVE-2020-14155 CVE-2019-20454 CVE-2019-20838 CVE-2022-35737,Critical,SVD-2023-0809 | Splunk Vulnerability Disclosure,9.0.0 to 9.0.5,2023-08-30,2023-08-30,https://advisory.splunk.com/advisories/SVD-2023-0809
forwarder:9.0.3,forwarder,Universal Forwarder,9.0.3,9000003000,9.0.6,9000006000,SVD-2023-0809,Multiple (58) CVE-2021-30560 CVE-2023-27538 CVE-2023-27537 CVE-2023-27536 CVE-2023-27535 CVE-2023-27534 CVE-2023-27533 CVE-2023-23916 CVE-2023-23915 CVE-2023-23914 CVE-2022-43552 CVE-2022-43551 CVE-2022-42916 CVE-2022-42915 CVE-2022-35260 CVE-2022-32221 CVE-2022-35252 CVE-2022-32208 CVE-2022-32207 CVE-2022-32206 CVE-2022-32205 CVE-2022-30115 CVE-2022-27782 CVE-2022-27781 CVE-2022-27780 CVE-2022-27779 CVE-2022-27778 CVE-2022-27776 CVE-2022-27775 CVE-2022-27774 CVE-2022-22576 CVE-2021-22947 CVE-2021-22946 CVE-2021-22945 CVE-2021-22926 CVE-2021-22925 CVE-2021-22924 CVE-2021-22923 CVE-2021-22922 CVE-2021-22901 CVE-2021-22898 CVE-2021-22897 CVE-2021-22890 CVE-2021-22876 CVE-2020-8286 CVE-2020-8285 CVE-2020-8284 CVE-2020-8231 CVE-2020-8177 CVE-2020-8169 CVE-2022-36227 CVE-2021-31566 CVE-2021-36976 CVE-2021-3520 CVE-2020-14155 CVE-2019-20454 CVE-2019-20838 CVE-2022-35737,Critical,SVD-2023-0809 | Splunk Vulnerability Disclosure,9.0.0 to 9.0.5,2023-08-30,2023-08-30,https://advisory.splunk.com/advisories/SVD-2023-0809
forwarder:9.0.4,forwarder,Universal Forwarder,9.0.4,9000004000,9.0.6,9000006000,SVD-2023-0809,Multiple (58) CVE-2021-30560 CVE-2023-27538 CVE-2023-27537 CVE-2023-27536 CVE-2023-27535 CVE-2023-27534 CVE-2023-27533 CVE-2023-23916 CVE-2023-23915 CVE-2023-23914 CVE-2022-43552 CVE-2022-43551 CVE-2022-42916 CVE-2022-42915 CVE-2022-35260 CVE-2022-32221 CVE-2022-35252 CVE-2022-32208 CVE-2022-32207 CVE-2022-32206 CVE-2022-32205 CVE-2022-30115 CVE-2022-27782 CVE-2022-27781 CVE-2022-27780 CVE-2022-27779 CVE-2022-27778 CVE-2022-27776 CVE-2022-27775 CVE-2022-27774 CVE-2022-22576 CVE-2021-22947 CVE-2021-22946 CVE-2021-22945 CVE-2021-22926 CVE-2021-22925 CVE-2021-22924 CVE-2021-22923 CVE-2021-22922 CVE-2021-22901 CVE-2021-22898 CVE-2021-22897 CVE-2021-22890 CVE-2021-22876 CVE-2020-8286 CVE-2020-8285 CVE-2020-8284 CVE-2020-8231 CVE-2020-8177 CVE-2020-8169 CVE-2022-36227 CVE-2021-31566 CVE-2021-36976 CVE-2021-3520 CVE-2020-14155 CVE-2019-20454 CVE-2019-20838 CVE-2022-35737,Critical,SVD-2023-0809 | Splunk Vulnerability Disclosure,9.0.0 to 9.0.5,2023-08-30,2023-08-30,https://advisory.splunk.com/advisories/SVD-2023-0809
forwarder:9.0.5,forwarder,Universal Forwarder,9.0.5,9000005000,9.0.6,9000006000,SVD-2023-0809,Multiple (58) CVE-2021-30560 CVE-2023-27538 CVE-2023-27537 CVE-2023-27536 CVE-2023-27535 CVE-2023-27534 CVE-2023-27533 CVE-2023-23916 CVE-2023-23915 CVE-2023-23914 CVE-2022-43552 CVE-2022-43551 CVE-2022-42916 CVE-2022-42915 CVE-2022-35260 CVE-2022-32221 CVE-2022-35252 CVE-2022-32208 CVE-2022-32207 CVE-2022-32206 CVE-2022-32205 CVE-2022-30115 CVE-2022-27782 CVE-2022-27781 CVE-2022-27780 CVE-2022-27779 CVE-2022-27778 CVE-2022-27776 CVE-2022-27775 CVE-2022-27774 CVE-2022-22576 CVE-2021-22947 CVE-2021-22946 CVE-2021-22945 CVE-2021-22926 CVE-2021-22925 CVE-2021-22924 CVE-2021-22923 CVE-2021-22922 CVE-2021-22901 CVE-2021-22898 CVE-2021-22897 CVE-2021-22890 CVE-2021-22876 CVE-2020-8286 CVE-2020-8285 CVE-2020-8284 CVE-2020-8231 CVE-2020-8177 CVE-2020-8169 CVE-2022-36227 CVE-2021-31566 CVE-2021-36976 CVE-2021-3520 CVE-2020-14155 CVE-2019-20454 CVE-2019-20838 CVE-2022-35737,Critical,SVD-2023-0809 | Splunk Vulnerability Disclosure,9.0.0 to 9.0.5,2023-08-30,2023-08-30,https://advisory.splunk.com/advisories/SVD-2023-0809
forwarder:9.1.0,forwarder,Universal Forwarder,9.1.0,9001000000,9.1.1,9001001000,SVD-2023-0809,Multiple (58) CVE-2021-30560 CVE-2023-27538 CVE-2023-27537 CVE-2023-27536 CVE-2023-27535 CVE-2023-27534 CVE-2023-27533 CVE-2023-23916 CVE-2023-23915 CVE-2023-23914 CVE-2022-43552 CVE-2022-43551 CVE-2022-42916 CVE-2022-42915 CVE-2022-35260 CVE-2022-32221 CVE-2022-35252 CVE-2022-32208 CVE-2022-32207 CVE-2022-32206 CVE-2022-32205 CVE-2022-30115 CVE-2022-27782 CVE-2022-27781 CVE-2022-27780 CVE-2022-27779 CVE-2022-27778 CVE-2022-27776 CVE-2022-27775 CVE-2022-27774 CVE-2022-22576 CVE-2021-22947 CVE-2021-22946 CVE-2021-22945 CVE-2021-22926 CVE-2021-22925 CVE-2021-22924 CVE-2021-22923 CVE-2021-22922 CVE-2021-22901 CVE-2021-22898 CVE-2021-22897 CVE-2021-22890 CVE-2021-22876 CVE-2020-8286 CVE-2020-8285 CVE-2020-8284 CVE-2020-8231 CVE-2020-8177 CVE-2020-8169 CVE-2022-36227 CVE-2021-31566 CVE-2021-36976 CVE-2021-3520 CVE-2020-14155 CVE-2019-20454 CVE-2019-20838 CVE-2022-35737,Critical,SVD-2023-0809 | Splunk Vulnerability Disclosure,9.1.0,2023-08-30,2023-08-30,https://advisory.splunk.com/advisories/SVD-2023-0809
enterprise:8.2.0,enterprise,Splunk Enterprise,8.2.0,8002000000,8.2.12,8002012000,SVD-2023-0808,Multiple (31) CVE-2022-38900 CVE-2022-33987 CVE-2022-37601 CVE-2021-23382 CVE-2021-29060 CVE-2020-28469 CVE-2022-37599 CVE-2022-37603 CVE-2022-3517 CVE-2022-31129 CVE-2021-3803 CVE-2021-23343 CVE-2022-24999 CVE-2022-25881 CVE-2022-42003 CVE-2022-42004 CVE-2021-41182 CVE-2021-41183 CVE-2021-41184 CVE-2022-46175 CVE-2022-36227 CVE-2021-31566 CVE-2021-36976 CVE-2021-3520 CVE-2020-14155 CVE-2019-20454 CVE-2019-20838 CVE-2022-35737 CVE-2022-23491 CVE-2021-30560 CVE-2022-2309,Critical,SVD-2023-0808 | Splunk Vulnerability Disclosure,8.2.0 to 8.2.11,2023-08-30,2024-02-14,https://advisory.splunk.com/advisories/SVD-2023-0808
enterprise:8.2.1,enterprise,Splunk Enterprise,8.2.1,8002001000,8.2.12,8002012000,SVD-2023-0808,Multiple (31) CVE-2022-38900 CVE-2022-33987 CVE-2022-37601 CVE-2021-23382 CVE-2021-29060 CVE-2020-28469 CVE-2022-37599 CVE-2022-37603 CVE-2022-3517 CVE-2022-31129 CVE-2021-3803 CVE-2021-23343 CVE-2022-24999 CVE-2022-25881 CVE-2022-42003 CVE-2022-42004 CVE-2021-41182 CVE-2021-41183 CVE-2021-41184 CVE-2022-46175 CVE-2022-36227 CVE-2021-31566 CVE-2021-36976 CVE-2021-3520 CVE-2020-14155 CVE-2019-20454 CVE-2019-20838 CVE-2022-35737 CVE-2022-23491 CVE-2021-30560 CVE-2022-2309,Critical,SVD-2023-0808 | Splunk Vulnerability Disclosure,8.2.0 to 8.2.11,2023-08-30,2024-02-14,https://advisory.splunk.com/advisories/SVD-2023-0808
enterprise:8.2.2,enterprise,Splunk Enterprise,8.2.2,8002002000,8.2.12,8002012000,SVD-2023-0808,Multiple (31) CVE-2022-38900 CVE-2022-33987 CVE-2022-37601 CVE-2021-23382 CVE-2021-29060 CVE-2020-28469 CVE-2022-37599 CVE-2022-37603 CVE-2022-3517 CVE-2022-31129 CVE-2021-3803 CVE-2021-23343 CVE-2022-24999 CVE-2022-25881 CVE-2022-42003 CVE-2022-42004 CVE-2021-41182 CVE-2021-41183 CVE-2021-41184 CVE-2022-46175 CVE-2022-36227 CVE-2021-31566 CVE-2021-36976 CVE-2021-3520 CVE-2020-14155 CVE-2019-20454 CVE-2019-20838 CVE-2022-35737 CVE-2022-23491 CVE-2021-30560 CVE-2022-2309,Critical,SVD-2023-0808 | Splunk Vulnerability Disclosure,8.2.0 to 8.2.11,2023-08-30,2024-02-14,https://advisory.splunk.com/advisories/SVD-2023-0808
enterprise:8.2.3,enterprise,Splunk Enterprise,8.2.3,8002003000,8.2.12,8002012000,SVD-2023-0808,Multiple (31) CVE-2022-38900 CVE-2022-33987 CVE-2022-37601 CVE-2021-23382 CVE-2021-29060 CVE-2020-28469 CVE-2022-37599 CVE-2022-37603 CVE-2022-3517 CVE-2022-31129 CVE-2021-3803 CVE-2021-23343 CVE-2022-24999 CVE-2022-25881 CVE-2022-42003 CVE-2022-42004 CVE-2021-41182 CVE-2021-41183 CVE-2021-41184 CVE-2022-46175 CVE-2022-36227 CVE-2021-31566 CVE-2021-36976 CVE-2021-3520 CVE-2020-14155 CVE-2019-20454 CVE-2019-20838 CVE-2022-35737 CVE-2022-23491 CVE-2021-30560 CVE-2022-2309,Critical,SVD-2023-0808 | Splunk Vulnerability Disclosure,8.2.0 to 8.2.11,2023-08-30,2024-02-14,https://advisory.splunk.com/advisories/SVD-2023-0808
enterprise:8.2.4,enterprise,Splunk Enterprise,8.2.4,8002004000,8.2.12,8002012000,SVD-2023-0808,Multiple (31) CVE-2022-38900 CVE-2022-33987 CVE-2022-37601 CVE-2021-23382 CVE-2021-29060 CVE-2020-28469 CVE-2022-37599 CVE-2022-37603 CVE-2022-3517 CVE-2022-31129 CVE-2021-3803 CVE-2021-23343 CVE-2022-24999 CVE-2022-25881 CVE-2022-42003 CVE-2022-42004 CVE-2021-41182 CVE-2021-41183 CVE-2021-41184 CVE-2022-46175 CVE-2022-36227 CVE-2021-31566 CVE-2021-36976 CVE-2021-3520 CVE-2020-14155 CVE-2019-20454 CVE-2019-20838 CVE-2022-35737 CVE-2022-23491 CVE-2021-30560 CVE-2022-2309,Critical,SVD-2023-0808 | Splunk Vulnerability Disclosure,8.2.0 to 8.2.11,2023-08-30,2024-02-14,https://advisory.splunk.com/advisories/SVD-2023-0808
enterprise:8.2.5,enterprise,Splunk Enterprise,8.2.5,8002005000,8.2.12,8002012000,SVD-2023-0808,Multiple (31) CVE-2022-38900 CVE-2022-33987 CVE-2022-37601 CVE-2021-23382 CVE-2021-29060 CVE-2020-28469 CVE-2022-37599 CVE-2022-37603 CVE-2022-3517 CVE-2022-31129 CVE-2021-3803 CVE-2021-23343 CVE-2022-24999 CVE-2022-25881 CVE-2022-42003 CVE-2022-42004 CVE-2021-41182 CVE-2021-41183 CVE-2021-41184 CVE-2022-46175 CVE-2022-36227 CVE-2021-31566 CVE-2021-36976 CVE-2021-3520 CVE-2020-14155 CVE-2019-20454 CVE-2019-20838 CVE-2022-35737 CVE-2022-23491 CVE-2021-30560 CVE-2022-2309,Critical,SVD-2023-0808 | Splunk Vulnerability Disclosure,8.2.0 to 8.2.11,2023-08-30,2024-02-14,https://advisory.splunk.com/advisories/SVD-2023-0808
enterprise:8.2.6,enterprise,Splunk Enterprise,8.2.6,8002006000,8.2.12,8002012000,SVD-2023-0808,Multiple (31) CVE-2022-38900 CVE-2022-33987 CVE-2022-37601 CVE-2021-23382 CVE-2021-29060 CVE-2020-28469 CVE-2022-37599 CVE-2022-37603 CVE-2022-3517 CVE-2022-31129 CVE-2021-3803 CVE-2021-23343 CVE-2022-24999 CVE-2022-25881 CVE-2022-42003 CVE-2022-42004 CVE-2021-41182 CVE-2021-41183 CVE-2021-41184 CVE-2022-46175 CVE-2022-36227 CVE-2021-31566 CVE-2021-36976 CVE-2021-3520 CVE-2020-14155 CVE-2019-20454 CVE-2019-20838 CVE-2022-35737 CVE-2022-23491 CVE-2021-30560 CVE-2022-2309,Critical,SVD-2023-0808 | Splunk Vulnerability Disclosure,8.2.0 to 8.2.11,2023-08-30,2024-02-14,https://advisory.splunk.com/advisories/SVD-2023-0808
enterprise:8.2.7,enterprise,Splunk Enterprise,8.2.7,8002007000,8.2.12,8002012000,SVD-2023-0808,Multiple (31) CVE-2022-38900 CVE-2022-33987 CVE-2022-37601 CVE-2021-23382 CVE-2021-29060 CVE-2020-28469 CVE-2022-37599 CVE-2022-37603 CVE-2022-3517 CVE-2022-31129 CVE-2021-3803 CVE-2021-23343 CVE-2022-24999 CVE-2022-25881 CVE-2022-42003 CVE-2022-42004 CVE-2021-41182 CVE-2021-41183 CVE-2021-41184 CVE-2022-46175 CVE-2022-36227 CVE-2021-31566 CVE-2021-36976 CVE-2021-3520 CVE-2020-14155 CVE-2019-20454 CVE-2019-20838 CVE-2022-35737 CVE-2022-23491 CVE-2021-30560 CVE-2022-2309,Critical,SVD-2023-0808 | Splunk Vulnerability Disclosure,8.2.0 to 8.2.11,2023-08-30,2024-02-14,https://advisory.splunk.com/advisories/SVD-2023-0808
enterprise:8.2.8,enterprise,Splunk Enterprise,8.2.8,8002008000,8.2.12,8002012000,SVD-2023-0808,Multiple (31) CVE-2022-38900 CVE-2022-33987 CVE-2022-37601 CVE-2021-23382 CVE-2021-29060 CVE-2020-28469 CVE-2022-37599 CVE-2022-37603 CVE-2022-3517 CVE-2022-31129 CVE-2021-3803 CVE-2021-23343 CVE-2022-24999 CVE-2022-25881 CVE-2022-42003 CVE-2022-42004 CVE-2021-41182 CVE-2021-41183 CVE-2021-41184 CVE-2022-46175 CVE-2022-36227 CVE-2021-31566 CVE-2021-36976 CVE-2021-3520 CVE-2020-14155 CVE-2019-20454 CVE-2019-20838 CVE-2022-35737 CVE-2022-23491 CVE-2021-30560 CVE-2022-2309,Critical,SVD-2023-0808 | Splunk Vulnerability Disclosure,8.2.0 to 8.2.11,2023-08-30,2024-02-14,https://advisory.splunk.com/advisories/SVD-2023-0808
enterprise:8.2.9,enterprise,Splunk Enterprise,8.2.9,8002009000,8.2.12,8002012000,SVD-2023-0808,Multiple (31) CVE-2022-38900 CVE-2022-33987 CVE-2022-37601 CVE-2021-23382 CVE-2021-29060 CVE-2020-28469 CVE-2022-37599 CVE-2022-37603 CVE-2022-3517 CVE-2022-31129 CVE-2021-3803 CVE-2021-23343 CVE-2022-24999 CVE-2022-25881 CVE-2022-42003 CVE-2022-42004 CVE-2021-41182 CVE-2021-41183 CVE-2021-41184 CVE-2022-46175 CVE-2022-36227 CVE-2021-31566 CVE-2021-36976 CVE-2021-3520 CVE-2020-14155 CVE-2019-20454 CVE-2019-20838 CVE-2022-35737 CVE-2022-23491 CVE-2021-30560 CVE-2022-2309,Critical,SVD-2023-0808 | Splunk Vulnerability Disclosure,8.2.0 to 8.2.11,2023-08-30,2024-02-14,https://advisory.splunk.com/advisories/SVD-2023-0808
enterprise:8.2.10,enterprise,Splunk Enterprise,8.2.10,8002010000,8.2.12,8002012000,SVD-2023-0808,Multiple (31) CVE-2022-38900 CVE-2022-33987 CVE-2022-37601 CVE-2021-23382 CVE-2021-29060 CVE-2020-28469 CVE-2022-37599 CVE-2022-37603 CVE-2022-3517 CVE-2022-31129 CVE-2021-3803 CVE-2021-23343 CVE-2022-24999 CVE-2022-25881 CVE-2022-42003 CVE-2022-42004 CVE-2021-41182 CVE-2021-41183 CVE-2021-41184 CVE-2022-46175 CVE-2022-36227 CVE-2021-31566 CVE-2021-36976 CVE-2021-3520 CVE-2020-14155 CVE-2019-20454 CVE-2019-20838 CVE-2022-35737 CVE-2022-23491 CVE-2021-30560 CVE-2022-2309,Critical,SVD-2023-0808 | Splunk Vulnerability Disclosure,8.2.0 to 8.2.11,2023-08-30,2024-02-14,https://advisory.splunk.com/advisories/SVD-2023-0808
enterprise:8.2.11,enterprise,Splunk Enterprise,8.2.11,8002011000,8.2.12,8002012000,SVD-2023-0808,Multiple (31) CVE-2022-38900 CVE-2022-33987 CVE-2022-37601 CVE-2021-23382 CVE-2021-29060 CVE-2020-28469 CVE-2022-37599 CVE-2022-37603 CVE-2022-3517 CVE-2022-31129 CVE-2021-3803 CVE-2021-23343 CVE-2022-24999 CVE-2022-25881 CVE-2022-42003 CVE-2022-42004 CVE-2021-41182 CVE-2021-41183 CVE-2021-41184 CVE-2022-46175 CVE-2022-36227 CVE-2021-31566 CVE-2021-36976 CVE-2021-3520 CVE-2020-14155 CVE-2019-20454 CVE-2019-20838 CVE-2022-35737 CVE-2022-23491 CVE-2021-30560 CVE-2022-2309,Critical,SVD-2023-0808 | Splunk Vulnerability Disclosure,8.2.0 to 8.2.11,2023-08-30,2024-02-14,https://advisory.splunk.com/advisories/SVD-2023-0808
enterprise:9.0.0,enterprise,Splunk Enterprise,9.0.0,9000000000,9.0.6,9000006000,SVD-2023-0808,Multiple (31) CVE-2022-38900 CVE-2022-33987 CVE-2022-37601 CVE-2021-23382 CVE-2021-29060 CVE-2020-28469 CVE-2022-37599 CVE-2022-37603 CVE-2022-3517 CVE-2022-31129 CVE-2021-3803 CVE-2021-23343 CVE-2022-24999 CVE-2022-25881 CVE-2022-42003 CVE-2022-42004 CVE-2021-41182 CVE-2021-41183 CVE-2021-41184 CVE-2022-46175 CVE-2022-36227 CVE-2021-31566 CVE-2021-36976 CVE-2021-3520 CVE-2020-14155 CVE-2019-20454 CVE-2019-20838 CVE-2022-35737 CVE-2022-23491 CVE-2021-30560 CVE-2022-2309,Critical,SVD-2023-0808 | Splunk Vulnerability Disclosure,9.0.0 to 9.0.5,2023-08-30,2024-02-14,https://advisory.splunk.com/advisories/SVD-2023-0808
enterprise:9.0.1,enterprise,Splunk Enterprise,9.0.1,9000001000,9.0.6,9000006000,SVD-2023-0808,Multiple (31) CVE-2022-38900 CVE-2022-33987 CVE-2022-37601 CVE-2021-23382 CVE-2021-29060 CVE-2020-28469 CVE-2022-37599 CVE-2022-37603 CVE-2022-3517 CVE-2022-31129 CVE-2021-3803 CVE-2021-23343 CVE-2022-24999 CVE-2022-25881 CVE-2022-42003 CVE-2022-42004 CVE-2021-41182 CVE-2021-41183 CVE-2021-41184 CVE-2022-46175 CVE-2022-36227 CVE-2021-31566 CVE-2021-36976 CVE-2021-3520 CVE-2020-14155 CVE-2019-20454 CVE-2019-20838 CVE-2022-35737 CVE-2022-23491 CVE-2021-30560 CVE-2022-2309,Critical,SVD-2023-0808 | Splunk Vulnerability Disclosure,9.0.0 to 9.0.5,2023-08-30,2024-02-14,https://advisory.splunk.com/advisories/SVD-2023-0808
enterprise:9.0.2,enterprise,Splunk Enterprise,9.0.2,9000002000,9.0.6,9000006000,SVD-2023-0808,Multiple (31) CVE-2022-38900 CVE-2022-33987 CVE-2022-37601 CVE-2021-23382 CVE-2021-29060 CVE-2020-28469 CVE-2022-37599 CVE-2022-37603 CVE-2022-3517 CVE-2022-31129 CVE-2021-3803 CVE-2021-23343 CVE-2022-24999 CVE-2022-25881 CVE-2022-42003 CVE-2022-42004 CVE-2021-41182 CVE-2021-41183 CVE-2021-41184 CVE-2022-46175 CVE-2022-36227 CVE-2021-31566 CVE-2021-36976 CVE-2021-3520 CVE-2020-14155 CVE-2019-20454 CVE-2019-20838 CVE-2022-35737 CVE-2022-23491 CVE-2021-30560 CVE-2022-2309,Critical,SVD-2023-0808 | Splunk Vulnerability Disclosure,9.0.0 to 9.0.5,2023-08-30,2024-02-14,https://advisory.splunk.com/advisories/SVD-2023-0808
enterprise:9.0.3,enterprise,Splunk Enterprise,9.0.3,9000003000,9.0.6,9000006000,SVD-2023-0808,Multiple (31) CVE-2022-38900 CVE-2022-33987 CVE-2022-37601 CVE-2021-23382 CVE-2021-29060 CVE-2020-28469 CVE-2022-37599 CVE-2022-37603 CVE-2022-3517 CVE-2022-31129 CVE-2021-3803 CVE-2021-23343 CVE-2022-24999 CVE-2022-25881 CVE-2022-42003 CVE-2022-42004 CVE-2021-41182 CVE-2021-41183 CVE-2021-41184 CVE-2022-46175 CVE-2022-36227 CVE-2021-31566 CVE-2021-36976 CVE-2021-3520 CVE-2020-14155 CVE-2019-20454 CVE-2019-20838 CVE-2022-35737 CVE-2022-23491 CVE-2021-30560 CVE-2022-2309,Critical,SVD-2023-0808 | Splunk Vulnerability Disclosure,9.0.0 to 9.0.5,2023-08-30,2024-02-14,https://advisory.splunk.com/advisories/SVD-2023-0808
enterprise:9.0.4,enterprise,Splunk Enterprise,9.0.4,9000004000,9.0.6,9000006000,SVD-2023-0808,Multiple (31) CVE-2022-38900 CVE-2022-33987 CVE-2022-37601 CVE-2021-23382 CVE-2021-29060 CVE-2020-28469 CVE-2022-37599 CVE-2022-37603 CVE-2022-3517 CVE-2022-31129 CVE-2021-3803 CVE-2021-23343 CVE-2022-24999 CVE-2022-25881 CVE-2022-42003 CVE-2022-42004 CVE-2021-41182 CVE-2021-41183 CVE-2021-41184 CVE-2022-46175 CVE-2022-36227 CVE-2021-31566 CVE-2021-36976 CVE-2021-3520 CVE-2020-14155 CVE-2019-20454 CVE-2019-20838 CVE-2022-35737 CVE-2022-23491 CVE-2021-30560 CVE-2022-2309,Critical,SVD-2023-0808 | Splunk Vulnerability Disclosure,9.0.0 to 9.0.5,2023-08-30,2024-02-14,https://advisory.splunk.com/advisories/SVD-2023-0808
enterprise:9.0.5,enterprise,Splunk Enterprise,9.0.5,9000005000,9.0.6,9000006000,SVD-2023-0808,Multiple (31) CVE-2022-38900 CVE-2022-33987 CVE-2022-37601 CVE-2021-23382 CVE-2021-29060 CVE-2020-28469 CVE-2022-37599 CVE-2022-37603 CVE-2022-3517 CVE-2022-31129 CVE-2021-3803 CVE-2021-23343 CVE-2022-24999 CVE-2022-25881 CVE-2022-42003 CVE-2022-42004 CVE-2021-41182 CVE-2021-41183 CVE-2021-41184 CVE-2022-46175 CVE-2022-36227 CVE-2021-31566 CVE-2021-36976 CVE-2021-3520 CVE-2020-14155 CVE-2019-20454 CVE-2019-20838 CVE-2022-35737 CVE-2022-23491 CVE-2021-30560 CVE-2022-2309,Critical,SVD-2023-0808 | Splunk Vulnerability Disclosure,9.0.0 to 9.0.5,2023-08-30,2024-02-14,https://advisory.splunk.com/advisories/SVD-2023-0808
enterprise:9.1.0,enterprise,Splunk Enterprise,9.1.0,9001000000,9.1.1,9001001000,SVD-2023-0808,Multiple (31) CVE-2022-38900 CVE-2022-33987 CVE-2022-37601 CVE-2021-23382 CVE-2021-29060 CVE-2020-28469 CVE-2022-37599 CVE-2022-37603 CVE-2022-3517 CVE-2022-31129 CVE-2021-3803 CVE-2021-23343 CVE-2022-24999 CVE-2022-25881 CVE-2022-42003 CVE-2022-42004 CVE-2021-41182 CVE-2021-41183 CVE-2021-41184 CVE-2022-46175 CVE-2022-36227 CVE-2021-31566 CVE-2021-36976 CVE-2021-3520 CVE-2020-14155 CVE-2019-20454 CVE-2019-20838 CVE-2022-35737 CVE-2022-23491 CVE-2021-30560 CVE-2022-2309,Critical,SVD-2023-0808 | Splunk Vulnerability Disclosure,9.1.0,2023-08-30,2024-02-14,https://advisory.splunk.com/advisories/SVD-2023-0808
enterprise:8.1.0,enterprise,Splunk Enterprise,8.1.0,8001000000,8.1.14,8001014000,SVD-2023-0613,Multiple (128) CVE-2022-40303 CVE-2022-40304 CVE-2023-0286 CVE-2023-0215 CVE-2022-4304 CVE-2023-27538 CVE-2023-27537 CVE-2023-27536 CVE-2023-27535 CVE-2023-27534 CVE-2023-27533 CVE-2023-23916 CVE-2023-23915 CVE-2023-23914 CVE-2022-43552 CVE-2022-43551 CVE-2022-42916 CVE-2022-42915 CVE-2022-35260 CVE-2022-32221 CVE-2022-35252 CVE-2022-32208 CVE-2022-32207 CVE-2022-32206 CVE-2022-32205 CVE-2022-30115 CVE-2022-27782 CVE-2022-27781 CVE-2022-27780 CVE-2022-27779 CVE-2022-27778 CVE-2022-27776 CVE-2022-27775 CVE-2022-27774 CVE-2022-22576 CVE-2021-22947 CVE-2021-22946 CVE-2021-22945 CVE-2021-22926 CVE-2021-22925 CVE-2021-22924 CVE-2021-22923 CVE-2021-22922 CVE-2021-22901 CVE-2021-22898 CVE-2021-22897 CVE-2021-22890 CVE-2021-22876 CVE-2020-8286 CVE-2020-8285 CVE-2020-8284 CVE-2020-8231 CVE-2020-8177 CVE-2020-8169 CVE-2022-36227 CVE-2021-31566 CVE-2021-36976 CVE-2021-3520 CVE-2022-35737 CVE-2018-25032 CVE-2022-37434 CVE-2020-15138 CVE-2022-37616 CVE-2021-29060 CVE-2022-38900 CVE-2020-28469 CVE-2022-46175 CVE-2022-37599 CVE-2022-37601 CVE-2022-37603 CVE-2022-3517 CVE-2022-31129 CVE-2021-23343 CVE-2021-23368 CVE-2021-23382 CVE-2022-43680 CVE-2022-24999 CVE-2020-7753 CVE-2022-25858 CVE-2021-3803 CVE-2021-33587 CVE-2020-8116 CVE-2020-13822 CVE-2022-33987 CVE-2022-4200 CVE-2022-42004 CVE-2023-1370 CVE-2019-20149 CVE-2020-8203 CVE-2019-10744 CVE-2022-40023 CVE-2019-10746 CVE-2021-33502 CVE-2021-27292 CVE-2021-33503 CVE-2020-7662 CVE-2020-7774 CVE-2022-23806 CVE-2022-23772 CVE-2021-43565 CVE-2022-30580 CVE-2022-30633 CVE-2022-28131 CVE-2022-30632 CVE-2022-41716 CVE-2022-28327 CVE-2022-24921 CVE-2022-30630 CVE-2022-27191 CVE-2022-23773 CVE-2022-30634 CVE-2022-41715 CVE-2022-24675 CVE-2022-41720 CVE-2022-27664 CVE-2022-2880 CVE-2022-29804 CVE-2022-32189 CVE-2022-30635 CVE-2022-30631 CVE-2022-2879 CVE-2022-1705 CVE-2022-1962 CVE-2022-29526 CVE-2022-32148 CVE-2022-30629 CVE-2017-16042 CVE-2021-20095,Critical,SVD-2023-0613 | Splunk Vulnerability Disclosure,8.1.13 and Lower,2023-06-01,2024-01-09,https://advisory.splunk.com/advisories/SVD-2023-0613
enterprise:8.1.1,enterprise,Splunk Enterprise,8.1.1,8001001000,8.1.14,8001014000,SVD-2023-0613,Multiple (128) CVE-2022-40303 CVE-2022-40304 CVE-2023-0286 CVE-2023-0215 CVE-2022-4304 CVE-2023-27538 CVE-2023-27537 CVE-2023-27536 CVE-2023-27535 CVE-2023-27534 CVE-2023-27533 CVE-2023-23916 CVE-2023-23915 CVE-2023-23914 CVE-2022-43552 CVE-2022-43551 CVE-2022-42916 CVE-2022-42915 CVE-2022-35260 CVE-2022-32221 CVE-2022-35252 CVE-2022-32208 CVE-2022-32207 CVE-2022-32206 CVE-2022-32205 CVE-2022-30115 CVE-2022-27782 CVE-2022-27781 CVE-2022-27780 CVE-2022-27779 CVE-2022-27778 CVE-2022-27776 CVE-2022-27775 CVE-2022-27774 CVE-2022-22576 CVE-2021-22947 CVE-2021-22946 CVE-2021-22945 CVE-2021-22926 CVE-2021-22925 CVE-2021-22924 CVE-2021-22923 CVE-2021-22922 CVE-2021-22901 CVE-2021-22898 CVE-2021-22897 CVE-2021-22890 CVE-2021-22876 CVE-2020-8286 CVE-2020-8285 CVE-2020-8284 CVE-2020-8231 CVE-2020-8177 CVE-2020-8169 CVE-2022-36227 CVE-2021-31566 CVE-2021-36976 CVE-2021-3520 CVE-2022-35737 CVE-2018-25032 CVE-2022-37434 CVE-2020-15138 CVE-2022-37616 CVE-2021-29060 CVE-2022-38900 CVE-2020-28469 CVE-2022-46175 CVE-2022-37599 CVE-2022-37601 CVE-2022-37603 CVE-2022-3517 CVE-2022-31129 CVE-2021-23343 CVE-2021-23368 CVE-2021-23382 CVE-2022-43680 CVE-2022-24999 CVE-2020-7753 CVE-2022-25858 CVE-2021-3803 CVE-2021-33587 CVE-2020-8116 CVE-2020-13822 CVE-2022-33987 CVE-2022-4200 CVE-2022-42004 CVE-2023-1370 CVE-2019-20149 CVE-2020-8203 CVE-2019-10744 CVE-2022-40023 CVE-2019-10746 CVE-2021-33502 CVE-2021-27292 CVE-2021-33503 CVE-2020-7662 CVE-2020-7774 CVE-2022-23806 CVE-2022-23772 CVE-2021-43565 CVE-2022-30580 CVE-2022-30633 CVE-2022-28131 CVE-2022-30632 CVE-2022-41716 CVE-2022-28327 CVE-2022-24921 CVE-2022-30630 CVE-2022-27191 CVE-2022-23773 CVE-2022-30634 CVE-2022-41715 CVE-2022-24675 CVE-2022-41720 CVE-2022-27664 CVE-2022-2880 CVE-2022-29804 CVE-2022-32189 CVE-2022-30635 CVE-2022-30631 CVE-2022-2879 CVE-2022-1705 CVE-2022-1962 CVE-2022-29526 CVE-2022-32148 CVE-2022-30629 CVE-2017-16042 CVE-2021-20095,Critical,SVD-2023-0613 | Splunk Vulnerability Disclosure,8.1.13 and Lower,2023-06-01,2024-01-09,https://advisory.splunk.com/advisories/SVD-2023-0613
enterprise:8.1.2,enterprise,Splunk Enterprise,8.1.2,8001002000,8.1.14,8001014000,SVD-2023-0613,Multiple (128) CVE-2022-40303 CVE-2022-40304 CVE-2023-0286 CVE-2023-0215 CVE-2022-4304 CVE-2023-27538 CVE-2023-27537 CVE-2023-27536 CVE-2023-27535 CVE-2023-27534 CVE-2023-27533 CVE-2023-23916 CVE-2023-23915 CVE-2023-23914 CVE-2022-43552 CVE-2022-43551 CVE-2022-42916 CVE-2022-42915 CVE-2022-35260 CVE-2022-32221 CVE-2022-35252 CVE-2022-32208 CVE-2022-32207 CVE-2022-32206 CVE-2022-32205 CVE-2022-30115 CVE-2022-27782 CVE-2022-27781 CVE-2022-27780 CVE-2022-27779 CVE-2022-27778 CVE-2022-27776 CVE-2022-27775 CVE-2022-27774 CVE-2022-22576 CVE-2021-22947 CVE-2021-22946 CVE-2021-22945 CVE-2021-22926 CVE-2021-22925 CVE-2021-22924 CVE-2021-22923 CVE-2021-22922 CVE-2021-22901 CVE-2021-22898 CVE-2021-22897 CVE-2021-22890 CVE-2021-22876 CVE-2020-8286 CVE-2020-8285 CVE-2020-8284 CVE-2020-8231 CVE-2020-8177 CVE-2020-8169 CVE-2022-36227 CVE-2021-31566 CVE-2021-36976 CVE-2021-3520 CVE-2022-35737 CVE-2018-25032 CVE-2022-37434 CVE-2020-15138 CVE-2022-37616 CVE-2021-29060 CVE-2022-38900 CVE-2020-28469 CVE-2022-46175 CVE-2022-37599 CVE-2022-37601 CVE-2022-37603 CVE-2022-3517 CVE-2022-31129 CVE-2021-23343 CVE-2021-23368 CVE-2021-23382 CVE-2022-43680 CVE-2022-24999 CVE-2020-7753 CVE-2022-25858 CVE-2021-3803 CVE-2021-33587 CVE-2020-8116 CVE-2020-13822 CVE-2022-33987 CVE-2022-4200 CVE-2022-42004 CVE-2023-1370 CVE-2019-20149 CVE-2020-8203 CVE-2019-10744 CVE-2022-40023 CVE-2019-10746 CVE-2021-33502 CVE-2021-27292 CVE-2021-33503 CVE-2020-7662 CVE-2020-7774 CVE-2022-23806 CVE-2022-23772 CVE-2021-43565 CVE-2022-30580 CVE-2022-30633 CVE-2022-28131 CVE-2022-30632 CVE-2022-41716 CVE-2022-28327 CVE-2022-24921 CVE-2022-30630 CVE-2022-27191 CVE-2022-23773 CVE-2022-30634 CVE-2022-41715 CVE-2022-24675 CVE-2022-41720 CVE-2022-27664 CVE-2022-2880 CVE-2022-29804 CVE-2022-32189 CVE-2022-30635 CVE-2022-30631 CVE-2022-2879 CVE-2022-1705 CVE-2022-1962 CVE-2022-29526 CVE-2022-32148 CVE-2022-30629 CVE-2017-16042 CVE-2021-20095,Critical,SVD-2023-0613 | Splunk Vulnerability Disclosure,8.1.13 and Lower,2023-06-01,2024-01-09,https://advisory.splunk.com/advisories/SVD-2023-0613
enterprise:8.1.3,enterprise,Splunk Enterprise,8.1.3,8001003000,8.1.14,8001014000,SVD-2023-0613,Multiple (128) CVE-2022-40303 CVE-2022-40304 CVE-2023-0286 CVE-2023-0215 CVE-2022-4304 CVE-2023-27538 CVE-2023-27537 CVE-2023-27536 CVE-2023-27535 CVE-2023-27534 CVE-2023-27533 CVE-2023-23916 CVE-2023-23915 CVE-2023-23914 CVE-2022-43552 CVE-2022-43551 CVE-2022-42916 CVE-2022-42915 CVE-2022-35260 CVE-2022-32221 CVE-2022-35252 CVE-2022-32208 CVE-2022-32207 CVE-2022-32206 CVE-2022-32205 CVE-2022-30115 CVE-2022-27782 CVE-2022-27781 CVE-2022-27780 CVE-2022-27779 CVE-2022-27778 CVE-2022-27776 CVE-2022-27775 CVE-2022-27774 CVE-2022-22576 CVE-2021-22947 CVE-2021-22946 CVE-2021-22945 CVE-2021-22926 CVE-2021-22925 CVE-2021-22924 CVE-2021-22923 CVE-2021-22922 CVE-2021-22901 CVE-2021-22898 CVE-2021-22897 CVE-2021-22890 CVE-2021-22876 CVE-2020-8286 CVE-2020-8285 CVE-2020-8284 CVE-2020-8231 CVE-2020-8177 CVE-2020-8169 CVE-2022-36227 CVE-2021-31566 CVE-2021-36976 CVE-2021-3520 CVE-2022-35737 CVE-2018-25032 CVE-2022-37434 CVE-2020-15138 CVE-2022-37616 CVE-2021-29060 CVE-2022-38900 CVE-2020-28469 CVE-2022-46175 CVE-2022-37599 CVE-2022-37601 CVE-2022-37603 CVE-2022-3517 CVE-2022-31129 CVE-2021-23343 CVE-2021-23368 CVE-2021-23382 CVE-2022-43680 CVE-2022-24999 CVE-2020-7753 CVE-2022-25858 CVE-2021-3803 CVE-2021-33587 CVE-2020-8116 CVE-2020-13822 CVE-2022-33987 CVE-2022-4200 CVE-2022-42004 CVE-2023-1370 CVE-2019-20149 CVE-2020-8203 CVE-2019-10744 CVE-2022-40023 CVE-2019-10746 CVE-2021-33502 CVE-2021-27292 CVE-2021-33503 CVE-2020-7662 CVE-2020-7774 CVE-2022-23806 CVE-2022-23772 CVE-2021-43565 CVE-2022-30580 CVE-2022-30633 CVE-2022-28131 CVE-2022-30632 CVE-2022-41716 CVE-2022-28327 CVE-2022-24921 CVE-2022-30630 CVE-2022-27191 CVE-2022-23773 CVE-2022-30634 CVE-2022-41715 CVE-2022-24675 CVE-2022-41720 CVE-2022-27664 CVE-2022-2880 CVE-2022-29804 CVE-2022-32189 CVE-2022-30635 CVE-2022-30631 CVE-2022-2879 CVE-2022-1705 CVE-2022-1962 CVE-2022-29526 CVE-2022-32148 CVE-2022-30629 CVE-2017-16042 CVE-2021-20095,Critical,SVD-2023-0613 | Splunk Vulnerability Disclosure,8.1.13 and Lower,2023-06-01,2024-01-09,https://advisory.splunk.com/advisories/SVD-2023-0613
enterprise:8.1.4,enterprise,Splunk Enterprise,8.1.4,8001004000,8.1.14,8001014000,SVD-2023-0613,Multiple (128) CVE-2022-40303 CVE-2022-40304 CVE-2023-0286 CVE-2023-0215 CVE-2022-4304 CVE-2023-27538 CVE-2023-27537 CVE-2023-27536 CVE-2023-27535 CVE-2023-27534 CVE-2023-27533 CVE-2023-23916 CVE-2023-23915 CVE-2023-23914 CVE-2022-43552 CVE-2022-43551 CVE-2022-42916 CVE-2022-42915 CVE-2022-35260 CVE-2022-32221 CVE-2022-35252 CVE-2022-32208 CVE-2022-32207 CVE-2022-32206 CVE-2022-32205 CVE-2022-30115 CVE-2022-27782 CVE-2022-27781 CVE-2022-27780 CVE-2022-27779 CVE-2022-27778 CVE-2022-27776 CVE-2022-27775 CVE-2022-27774 CVE-2022-22576 CVE-2021-22947 CVE-2021-22946 CVE-2021-22945 CVE-2021-22926 CVE-2021-22925 CVE-2021-22924 CVE-2021-22923 CVE-2021-22922 CVE-2021-22901 CVE-2021-22898 CVE-2021-22897 CVE-2021-22890 CVE-2021-22876 CVE-2020-8286 CVE-2020-8285 CVE-2020-8284 CVE-2020-8231 CVE-2020-8177 CVE-2020-8169 CVE-2022-36227 CVE-2021-31566 CVE-2021-36976 CVE-2021-3520 CVE-2022-35737 CVE-2018-25032 CVE-2022-37434 CVE-2020-15138 CVE-2022-37616 CVE-2021-29060 CVE-2022-38900 CVE-2020-28469 CVE-2022-46175 CVE-2022-37599 CVE-2022-37601 CVE-2022-37603 CVE-2022-3517 CVE-2022-31129 CVE-2021-23343 CVE-2021-23368 CVE-2021-23382 CVE-2022-43680 CVE-2022-24999 CVE-2020-7753 CVE-2022-25858 CVE-2021-3803 CVE-2021-33587 CVE-2020-8116 CVE-2020-13822 CVE-2022-33987 CVE-2022-4200 CVE-2022-42004 CVE-2023-1370 CVE-2019-20149 CVE-2020-8203 CVE-2019-10744 CVE-2022-40023 CVE-2019-10746 CVE-2021-33502 CVE-2021-27292 CVE-2021-33503 CVE-2020-7662 CVE-2020-7774 CVE-2022-23806 CVE-2022-23772 CVE-2021-43565 CVE-2022-30580 CVE-2022-30633 CVE-2022-28131 CVE-2022-30632 CVE-2022-41716 CVE-2022-28327 CVE-2022-24921 CVE-2022-30630 CVE-2022-27191 CVE-2022-23773 CVE-2022-30634 CVE-2022-41715 CVE-2022-24675 CVE-2022-41720 CVE-2022-27664 CVE-2022-2880 CVE-2022-29804 CVE-2022-32189 CVE-2022-30635 CVE-2022-30631 CVE-2022-2879 CVE-2022-1705 CVE-2022-1962 CVE-2022-29526 CVE-2022-32148 CVE-2022-30629 CVE-2017-16042 CVE-2021-20095,Critical,SVD-2023-0613 | Splunk Vulnerability Disclosure,8.1.13 and Lower,2023-06-01,2024-01-09,https://advisory.splunk.com/advisories/SVD-2023-0613
enterprise:8.1.5,enterprise,Splunk Enterprise,8.1.5,8001005000,8.1.14,8001014000,SVD-2023-0613,Multiple (128) CVE-2022-40303 CVE-2022-40304 CVE-2023-0286 CVE-2023-0215 CVE-2022-4304 CVE-2023-27538 CVE-2023-27537 CVE-2023-27536 CVE-2023-27535 CVE-2023-27534 CVE-2023-27533 CVE-2023-23916 CVE-2023-23915 CVE-2023-23914 CVE-2022-43552 CVE-2022-43551 CVE-2022-42916 CVE-2022-42915 CVE-2022-35260 CVE-2022-32221 CVE-2022-35252 CVE-2022-32208 CVE-2022-32207 CVE-2022-32206 CVE-2022-32205 CVE-2022-30115 CVE-2022-27782 CVE-2022-27781 CVE-2022-27780 CVE-2022-27779 CVE-2022-27778 CVE-2022-27776 CVE-2022-27775 CVE-2022-27774 CVE-2022-22576 CVE-2021-22947 CVE-2021-22946 CVE-2021-22945 CVE-2021-22926 CVE-2021-22925 CVE-2021-22924 CVE-2021-22923 CVE-2021-22922 CVE-2021-22901 CVE-2021-22898 CVE-2021-22897 CVE-2021-22890 CVE-2021-22876 CVE-2020-8286 CVE-2020-8285 CVE-2020-8284 CVE-2020-8231 CVE-2020-8177 CVE-2020-8169 CVE-2022-36227 CVE-2021-31566 CVE-2021-36976 CVE-2021-3520 CVE-2022-35737 CVE-2018-25032 CVE-2022-37434 CVE-2020-15138 CVE-2022-37616 CVE-2021-29060 CVE-2022-38900 CVE-2020-28469 CVE-2022-46175 CVE-2022-37599 CVE-2022-37601 CVE-2022-37603 CVE-2022-3517 CVE-2022-31129 CVE-2021-23343 CVE-2021-23368 CVE-2021-23382 CVE-2022-43680 CVE-2022-24999 CVE-2020-7753 CVE-2022-25858 CVE-2021-3803 CVE-2021-33587 CVE-2020-8116 CVE-2020-13822 CVE-2022-33987 CVE-2022-4200 CVE-2022-42004 CVE-2023-1370 CVE-2019-20149 CVE-2020-8203 CVE-2019-10744 CVE-2022-40023 CVE-2019-10746 CVE-2021-33502 CVE-2021-27292 CVE-2021-33503 CVE-2020-7662 CVE-2020-7774 CVE-2022-23806 CVE-2022-23772 CVE-2021-43565 CVE-2022-30580 CVE-2022-30633 CVE-2022-28131 CVE-2022-30632 CVE-2022-41716 CVE-2022-28327 CVE-2022-24921 CVE-2022-30630 CVE-2022-27191 CVE-2022-23773 CVE-2022-30634 CVE-2022-41715 CVE-2022-24675 CVE-2022-41720 CVE-2022-27664 CVE-2022-2880 CVE-2022-29804 CVE-2022-32189 CVE-2022-30635 CVE-2022-30631 CVE-2022-2879 CVE-2022-1705 CVE-2022-1962 CVE-2022-29526 CVE-2022-32148 CVE-2022-30629 CVE-2017-16042 CVE-2021-20095,Critical,SVD-2023-0613 | Splunk Vulnerability Disclosure,8.1.13 and Lower,2023-06-01,2024-01-09,https://advisory.splunk.com/advisories/SVD-2023-0613
enterprise:8.1.6,enterprise,Splunk Enterprise,8.1.6,8001006000,8.1.14,8001014000,SVD-2023-0613,Multiple (128) CVE-2022-40303 CVE-2022-40304 CVE-2023-0286 CVE-2023-0215 CVE-2022-4304 CVE-2023-27538 CVE-2023-27537 CVE-2023-27536 CVE-2023-27535 CVE-2023-27534 CVE-2023-27533 CVE-2023-23916 CVE-2023-23915 CVE-2023-23914 CVE-2022-43552 CVE-2022-43551 CVE-2022-42916 CVE-2022-42915 CVE-2022-35260 CVE-2022-32221 CVE-2022-35252 CVE-2022-32208 CVE-2022-32207 CVE-2022-32206 CVE-2022-32205 CVE-2022-30115 CVE-2022-27782 CVE-2022-27781 CVE-2022-27780 CVE-2022-27779 CVE-2022-27778 CVE-2022-27776 CVE-2022-27775 CVE-2022-27774 CVE-2022-22576 CVE-2021-22947 CVE-2021-22946 CVE-2021-22945 CVE-2021-22926 CVE-2021-22925 CVE-2021-22924 CVE-2021-22923 CVE-2021-22922 CVE-2021-22901 CVE-2021-22898 CVE-2021-22897 CVE-2021-22890 CVE-2021-22876 CVE-2020-8286 CVE-2020-8285 CVE-2020-8284 CVE-2020-8231 CVE-2020-8177 CVE-2020-8169 CVE-2022-36227 CVE-2021-31566 CVE-2021-36976 CVE-2021-3520 CVE-2022-35737 CVE-2018-25032 CVE-2022-37434 CVE-2020-15138 CVE-2022-37616 CVE-2021-29060 CVE-2022-38900 CVE-2020-28469 CVE-2022-46175 CVE-2022-37599 CVE-2022-37601 CVE-2022-37603 CVE-2022-3517 CVE-2022-31129 CVE-2021-23343 CVE-2021-23368 CVE-2021-23382 CVE-2022-43680 CVE-2022-24999 CVE-2020-7753 CVE-2022-25858 CVE-2021-3803 CVE-2021-33587 CVE-2020-8116 CVE-2020-13822 CVE-2022-33987 CVE-2022-4200 CVE-2022-42004 CVE-2023-1370 CVE-2019-20149 CVE-2020-8203 CVE-2019-10744 CVE-2022-40023 CVE-2019-10746 CVE-2021-33502 CVE-2021-27292 CVE-2021-33503 CVE-2020-7662 CVE-2020-7774 CVE-2022-23806 CVE-2022-23772 CVE-2021-43565 CVE-2022-30580 CVE-2022-30633 CVE-2022-28131 CVE-2022-30632 CVE-2022-41716 CVE-2022-28327 CVE-2022-24921 CVE-2022-30630 CVE-2022-27191 CVE-2022-23773 CVE-2022-30634 CVE-2022-41715 CVE-2022-24675 CVE-2022-41720 CVE-2022-27664 CVE-2022-2880 CVE-2022-29804 CVE-2022-32189 CVE-2022-30635 CVE-2022-30631 CVE-2022-2879 CVE-2022-1705 CVE-2022-1962 CVE-2022-29526 CVE-2022-32148 CVE-2022-30629 CVE-2017-16042 CVE-2021-20095,Critical,SVD-2023-0613 | Splunk Vulnerability Disclosure,8.1.13 and Lower,2023-06-01,2024-01-09,https://advisory.splunk.com/advisories/SVD-2023-0613
enterprise:8.1.7,enterprise,Splunk Enterprise,8.1.7,8001007000,8.1.14,8001014000,SVD-2023-0613,Multiple (128) CVE-2022-40303 CVE-2022-40304 CVE-2023-0286 CVE-2023-0215 CVE-2022-4304 CVE-2023-27538 CVE-2023-27537 CVE-2023-27536 CVE-2023-27535 CVE-2023-27534 CVE-2023-27533 CVE-2023-23916 CVE-2023-23915 CVE-2023-23914 CVE-2022-43552 CVE-2022-43551 CVE-2022-42916 CVE-2022-42915 CVE-2022-35260 CVE-2022-32221 CVE-2022-35252 CVE-2022-32208 CVE-2022-32207 CVE-2022-32206 CVE-2022-32205 CVE-2022-30115 CVE-2022-27782 CVE-2022-27781 CVE-2022-27780 CVE-2022-27779 CVE-2022-27778 CVE-2022-27776 CVE-2022-27775 CVE-2022-27774 CVE-2022-22576 CVE-2021-22947 CVE-2021-22946 CVE-2021-22945 CVE-2021-22926 CVE-2021-22925 CVE-2021-22924 CVE-2021-22923 CVE-2021-22922 CVE-2021-22901 CVE-2021-22898 CVE-2021-22897 CVE-2021-22890 CVE-2021-22876 CVE-2020-8286 CVE-2020-8285 CVE-2020-8284 CVE-2020-8231 CVE-2020-8177 CVE-2020-8169 CVE-2022-36227 CVE-2021-31566 CVE-2021-36976 CVE-2021-3520 CVE-2022-35737 CVE-2018-25032 CVE-2022-37434 CVE-2020-15138 CVE-2022-37616 CVE-2021-29060 CVE-2022-38900 CVE-2020-28469 CVE-2022-46175 CVE-2022-37599 CVE-2022-37601 CVE-2022-37603 CVE-2022-3517 CVE-2022-31129 CVE-2021-23343 CVE-2021-23368 CVE-2021-23382 CVE-2022-43680 CVE-2022-24999 CVE-2020-7753 CVE-2022-25858 CVE-2021-3803 CVE-2021-33587 CVE-2020-8116 CVE-2020-13822 CVE-2022-33987 CVE-2022-4200 CVE-2022-42004 CVE-2023-1370 CVE-2019-20149 CVE-2020-8203 CVE-2019-10744 CVE-2022-40023 CVE-2019-10746 CVE-2021-33502 CVE-2021-27292 CVE-2021-33503 CVE-2020-7662 CVE-2020-7774 CVE-2022-23806 CVE-2022-23772 CVE-2021-43565 CVE-2022-30580 CVE-2022-30633 CVE-2022-28131 CVE-2022-30632 CVE-2022-41716 CVE-2022-28327 CVE-2022-24921 CVE-2022-30630 CVE-2022-27191 CVE-2022-23773 CVE-2022-30634 CVE-2022-41715 CVE-2022-24675 CVE-2022-41720 CVE-2022-27664 CVE-2022-2880 CVE-2022-29804 CVE-2022-32189 CVE-2022-30635 CVE-2022-30631 CVE-2022-2879 CVE-2022-1705 CVE-2022-1962 CVE-2022-29526 CVE-2022-32148 CVE-2022-30629 CVE-2017-16042 CVE-2021-20095,Critical,SVD-2023-0613 | Splunk Vulnerability Disclosure,8.1.13 and Lower,2023-06-01,2024-01-09,https://advisory.splunk.com/advisories/SVD-2023-0613
enterprise:8.1.8,enterprise,Splunk Enterprise,8.1.8,8001008000,8.1.14,8001014000,SVD-2023-0613,Multiple (128) CVE-2022-40303 CVE-2022-40304 CVE-2023-0286 CVE-2023-0215 CVE-2022-4304 CVE-2023-27538 CVE-2023-27537 CVE-2023-27536 CVE-2023-27535 CVE-2023-27534 CVE-2023-27533 CVE-2023-23916 CVE-2023-23915 CVE-2023-23914 CVE-2022-43552 CVE-2022-43551 CVE-2022-42916 CVE-2022-42915 CVE-2022-35260 CVE-2022-32221 CVE-2022-35252 CVE-2022-32208 CVE-2022-32207 CVE-2022-32206 CVE-2022-32205 CVE-2022-30115 CVE-2022-27782 CVE-2022-27781 CVE-2022-27780 CVE-2022-27779 CVE-2022-27778 CVE-2022-27776 CVE-2022-27775 CVE-2022-27774 CVE-2022-22576 CVE-2021-22947 CVE-2021-22946 CVE-2021-22945 CVE-2021-22926 CVE-2021-22925 CVE-2021-22924 CVE-2021-22923 CVE-2021-22922 CVE-2021-22901 CVE-2021-22898 CVE-2021-22897 CVE-2021-22890 CVE-2021-22876 CVE-2020-8286 CVE-2020-8285 CVE-2020-8284 CVE-2020-8231 CVE-2020-8177 CVE-2020-8169 CVE-2022-36227 CVE-2021-31566 CVE-2021-36976 CVE-2021-3520 CVE-2022-35737 CVE-2018-25032 CVE-2022-37434 CVE-2020-15138 CVE-2022-37616 CVE-2021-29060 CVE-2022-38900 CVE-2020-28469 CVE-2022-46175 CVE-2022-37599 CVE-2022-37601 CVE-2022-37603 CVE-2022-3517 CVE-2022-31129 CVE-2021-23343 CVE-2021-23368 CVE-2021-23382 CVE-2022-43680 CVE-2022-24999 CVE-2020-7753 CVE-2022-25858 CVE-2021-3803 CVE-2021-33587 CVE-2020-8116 CVE-2020-13822 CVE-2022-33987 CVE-2022-4200 CVE-2022-42004 CVE-2023-1370 CVE-2019-20149 CVE-2020-8203 CVE-2019-10744 CVE-2022-40023 CVE-2019-10746 CVE-2021-33502 CVE-2021-27292 CVE-2021-33503 CVE-2020-7662 CVE-2020-7774 CVE-2022-23806 CVE-2022-23772 CVE-2021-43565 CVE-2022-30580 CVE-2022-30633 CVE-2022-28131 CVE-2022-30632 CVE-2022-41716 CVE-2022-28327 CVE-2022-24921 CVE-2022-30630 CVE-2022-27191 CVE-2022-23773 CVE-2022-30634 CVE-2022-41715 CVE-2022-24675 CVE-2022-41720 CVE-2022-27664 CVE-2022-2880 CVE-2022-29804 CVE-2022-32189 CVE-2022-30635 CVE-2022-30631 CVE-2022-2879 CVE-2022-1705 CVE-2022-1962 CVE-2022-29526 CVE-2022-32148 CVE-2022-30629 CVE-2017-16042 CVE-2021-20095,Critical,SVD-2023-0613 | Splunk Vulnerability Disclosure,8.1.13 and Lower,2023-06-01,2024-01-09,https://advisory.splunk.com/advisories/SVD-2023-0613
enterprise:8.1.9,enterprise,Splunk Enterprise,8.1.9,8001009000,8.1.14,8001014000,SVD-2023-0613,Multiple (128) CVE-2022-40303 CVE-2022-40304 CVE-2023-0286 CVE-2023-0215 CVE-2022-4304 CVE-2023-27538 CVE-2023-27537 CVE-2023-27536 CVE-2023-27535 CVE-2023-27534 CVE-2023-27533 CVE-2023-23916 CVE-2023-23915 CVE-2023-23914 CVE-2022-43552 CVE-2022-43551 CVE-2022-42916 CVE-2022-42915 CVE-2022-35260 CVE-2022-32221 CVE-2022-35252 CVE-2022-32208 CVE-2022-32207 CVE-2022-32206 CVE-2022-32205 CVE-2022-30115 CVE-2022-27782 CVE-2022-27781 CVE-2022-27780 CVE-2022-27779 CVE-2022-27778 CVE-2022-27776 CVE-2022-27775 CVE-2022-27774 CVE-2022-22576 CVE-2021-22947 CVE-2021-22946 CVE-2021-22945 CVE-2021-22926 CVE-2021-22925 CVE-2021-22924 CVE-2021-22923 CVE-2021-22922 CVE-2021-22901 CVE-2021-22898 CVE-2021-22897 CVE-2021-22890 CVE-2021-22876 CVE-2020-8286 CVE-2020-8285 CVE-2020-8284 CVE-2020-8231 CVE-2020-8177 CVE-2020-8169 CVE-2022-36227 CVE-2021-31566 CVE-2021-36976 CVE-2021-3520 CVE-2022-35737 CVE-2018-25032 CVE-2022-37434 CVE-2020-15138 CVE-2022-37616 CVE-2021-29060 CVE-2022-38900 CVE-2020-28469 CVE-2022-46175 CVE-2022-37599 CVE-2022-37601 CVE-2022-37603 CVE-2022-3517 CVE-2022-31129 CVE-2021-23343 CVE-2021-23368 CVE-2021-23382 CVE-2022-43680 CVE-2022-24999 CVE-2020-7753 CVE-2022-25858 CVE-2021-3803 CVE-2021-33587 CVE-2020-8116 CVE-2020-13822 CVE-2022-33987 CVE-2022-4200 CVE-2022-42004 CVE-2023-1370 CVE-2019-20149 CVE-2020-8203 CVE-2019-10744 CVE-2022-40023 CVE-2019-10746 CVE-2021-33502 CVE-2021-27292 CVE-2021-33503 CVE-2020-7662 CVE-2020-7774 CVE-2022-23806 CVE-2022-23772 CVE-2021-43565 CVE-2022-30580 CVE-2022-30633 CVE-2022-28131 CVE-2022-30632 CVE-2022-41716 CVE-2022-28327 CVE-2022-24921 CVE-2022-30630 CVE-2022-27191 CVE-2022-23773 CVE-2022-30634 CVE-2022-41715 CVE-2022-24675 CVE-2022-41720 CVE-2022-27664 CVE-2022-2880 CVE-2022-29804 CVE-2022-32189 CVE-2022-30635 CVE-2022-30631 CVE-2022-2879 CVE-2022-1705 CVE-2022-1962 CVE-2022-29526 CVE-2022-32148 CVE-2022-30629 CVE-2017-16042 CVE-2021-20095,Critical,SVD-2023-0613 | Splunk Vulnerability Disclosure,8.1.13 and Lower,2023-06-01,2024-01-09,https://advisory.splunk.com/advisories/SVD-2023-0613
enterprise:8.1.10,enterprise,Splunk Enterprise,8.1.10,8001010000,8.1.14,8001014000,SVD-2023-0613,Multiple (128) CVE-2022-40303 CVE-2022-40304 CVE-2023-0286 CVE-2023-0215 CVE-2022-4304 CVE-2023-27538 CVE-2023-27537 CVE-2023-27536 CVE-2023-27535 CVE-2023-27534 CVE-2023-27533 CVE-2023-23916 CVE-2023-23915 CVE-2023-23914 CVE-2022-43552 CVE-2022-43551 CVE-2022-42916 CVE-2022-42915 CVE-2022-35260 CVE-2022-32221 CVE-2022-35252 CVE-2022-32208 CVE-2022-32207 CVE-2022-32206 CVE-2022-32205 CVE-2022-30115 CVE-2022-27782 CVE-2022-27781 CVE-2022-27780 CVE-2022-27779 CVE-2022-27778 CVE-2022-27776 CVE-2022-27775 CVE-2022-27774 CVE-2022-22576 CVE-2021-22947 CVE-2021-22946 CVE-2021-22945 CVE-2021-22926 CVE-2021-22925 CVE-2021-22924 CVE-2021-22923 CVE-2021-22922 CVE-2021-22901 CVE-2021-22898 CVE-2021-22897 CVE-2021-22890 CVE-2021-22876 CVE-2020-8286 CVE-2020-8285 CVE-2020-8284 CVE-2020-8231 CVE-2020-8177 CVE-2020-8169 CVE-2022-36227 CVE-2021-31566 CVE-2021-36976 CVE-2021-3520 CVE-2022-35737 CVE-2018-25032 CVE-2022-37434 CVE-2020-15138 CVE-2022-37616 CVE-2021-29060 CVE-2022-38900 CVE-2020-28469 CVE-2022-46175 CVE-2022-37599 CVE-2022-37601 CVE-2022-37603 CVE-2022-3517 CVE-2022-31129 CVE-2021-23343 CVE-2021-23368 CVE-2021-23382 CVE-2022-43680 CVE-2022-24999 CVE-2020-7753 CVE-2022-25858 CVE-2021-3803 CVE-2021-33587 CVE-2020-8116 CVE-2020-13822 CVE-2022-33987 CVE-2022-4200 CVE-2022-42004 CVE-2023-1370 CVE-2019-20149 CVE-2020-8203 CVE-2019-10744 CVE-2022-40023 CVE-2019-10746 CVE-2021-33502 CVE-2021-27292 CVE-2021-33503 CVE-2020-7662 CVE-2020-7774 CVE-2022-23806 CVE-2022-23772 CVE-2021-43565 CVE-2022-30580 CVE-2022-30633 CVE-2022-28131 CVE-2022-30632 CVE-2022-41716 CVE-2022-28327 CVE-2022-24921 CVE-2022-30630 CVE-2022-27191 CVE-2022-23773 CVE-2022-30634 CVE-2022-41715 CVE-2022-24675 CVE-2022-41720 CVE-2022-27664 CVE-2022-2880 CVE-2022-29804 CVE-2022-32189 CVE-2022-30635 CVE-2022-30631 CVE-2022-2879 CVE-2022-1705 CVE-2022-1962 CVE-2022-29526 CVE-2022-32148 CVE-2022-30629 CVE-2017-16042 CVE-2021-20095,Critical,SVD-2023-0613 | Splunk Vulnerability Disclosure,8.1.13 and Lower,2023-06-01,2024-01-09,https://advisory.splunk.com/advisories/SVD-2023-0613
enterprise:8.1.11,enterprise,Splunk Enterprise,8.1.11,8001011000,8.1.14,8001014000,SVD-2023-0613,Multiple (128) CVE-2022-40303 CVE-2022-40304 CVE-2023-0286 CVE-2023-0215 CVE-2022-4304 CVE-2023-27538 CVE-2023-27537 CVE-2023-27536 CVE-2023-27535 CVE-2023-27534 CVE-2023-27533 CVE-2023-23916 CVE-2023-23915 CVE-2023-23914 CVE-2022-43552 CVE-2022-43551 CVE-2022-42916 CVE-2022-42915 CVE-2022-35260 CVE-2022-32221 CVE-2022-35252 CVE-2022-32208 CVE-2022-32207 CVE-2022-32206 CVE-2022-32205 CVE-2022-30115 CVE-2022-27782 CVE-2022-27781 CVE-2022-27780 CVE-2022-27779 CVE-2022-27778 CVE-2022-27776 CVE-2022-27775 CVE-2022-27774 CVE-2022-22576 CVE-2021-22947 CVE-2021-22946 CVE-2021-22945 CVE-2021-22926 CVE-2021-22925 CVE-2021-22924 CVE-2021-22923 CVE-2021-22922 CVE-2021-22901 CVE-2021-22898 CVE-2021-22897 CVE-2021-22890 CVE-2021-22876 CVE-2020-8286 CVE-2020-8285 CVE-2020-8284 CVE-2020-8231 CVE-2020-8177 CVE-2020-8169 CVE-2022-36227 CVE-2021-31566 CVE-2021-36976 CVE-2021-3520 CVE-2022-35737 CVE-2018-25032 CVE-2022-37434 CVE-2020-15138 CVE-2022-37616 CVE-2021-29060 CVE-2022-38900 CVE-2020-28469 CVE-2022-46175 CVE-2022-37599 CVE-2022-37601 CVE-2022-37603 CVE-2022-3517 CVE-2022-31129 CVE-2021-23343 CVE-2021-23368 CVE-2021-23382 CVE-2022-43680 CVE-2022-24999 CVE-2020-7753 CVE-2022-25858 CVE-2021-3803 CVE-2021-33587 CVE-2020-8116 CVE-2020-13822 CVE-2022-33987 CVE-2022-4200 CVE-2022-42004 CVE-2023-1370 CVE-2019-20149 CVE-2020-8203 CVE-2019-10744 CVE-2022-40023 CVE-2019-10746 CVE-2021-33502 CVE-2021-27292 CVE-2021-33503 CVE-2020-7662 CVE-2020-7774 CVE-2022-23806 CVE-2022-23772 CVE-2021-43565 CVE-2022-30580 CVE-2022-30633 CVE-2022-28131 CVE-2022-30632 CVE-2022-41716 CVE-2022-28327 CVE-2022-24921 CVE-2022-30630 CVE-2022-27191 CVE-2022-23773 CVE-2022-30634 CVE-2022-41715 CVE-2022-24675 CVE-2022-41720 CVE-2022-27664 CVE-2022-2880 CVE-2022-29804 CVE-2022-32189 CVE-2022-30635 CVE-2022-30631 CVE-2022-2879 CVE-2022-1705 CVE-2022-1962 CVE-2022-29526 CVE-2022-32148 CVE-2022-30629 CVE-2017-16042 CVE-2021-20095,Critical,SVD-2023-0613 | Splunk Vulnerability Disclosure,8.1.13 and Lower,2023-06-01,2024-01-09,https://advisory.splunk.com/advisories/SVD-2023-0613
enterprise:8.1.12,enterprise,Splunk Enterprise,8.1.12,8001012000,8.1.14,8001014000,SVD-2023-0613,Multiple (128) CVE-2022-40303 CVE-2022-40304 CVE-2023-0286 CVE-2023-0215 CVE-2022-4304 CVE-2023-27538 CVE-2023-27537 CVE-2023-27536 CVE-2023-27535 CVE-2023-27534 CVE-2023-27533 CVE-2023-23916 CVE-2023-23915 CVE-2023-23914 CVE-2022-43552 CVE-2022-43551 CVE-2022-42916 CVE-2022-42915 CVE-2022-35260 CVE-2022-32221 CVE-2022-35252 CVE-2022-32208 CVE-2022-32207 CVE-2022-32206 CVE-2022-32205 CVE-2022-30115 CVE-2022-27782 CVE-2022-27781 CVE-2022-27780 CVE-2022-27779 CVE-2022-27778 CVE-2022-27776 CVE-2022-27775 CVE-2022-27774 CVE-2022-22576 CVE-2021-22947 CVE-2021-22946 CVE-2021-22945 CVE-2021-22926 CVE-2021-22925 CVE-2021-22924 CVE-2021-22923 CVE-2021-22922 CVE-2021-22901 CVE-2021-22898 CVE-2021-22897 CVE-2021-22890 CVE-2021-22876 CVE-2020-8286 CVE-2020-8285 CVE-2020-8284 CVE-2020-8231 CVE-2020-8177 CVE-2020-8169 CVE-2022-36227 CVE-2021-31566 CVE-2021-36976 CVE-2021-3520 CVE-2022-35737 CVE-2018-25032 CVE-2022-37434 CVE-2020-15138 CVE-2022-37616 CVE-2021-29060 CVE-2022-38900 CVE-2020-28469 CVE-2022-46175 CVE-2022-37599 CVE-2022-37601 CVE-2022-37603 CVE-2022-3517 CVE-2022-31129 CVE-2021-23343 CVE-2021-23368 CVE-2021-23382 CVE-2022-43680 CVE-2022-24999 CVE-2020-7753 CVE-2022-25858 CVE-2021-3803 CVE-2021-33587 CVE-2020-8116 CVE-2020-13822 CVE-2022-33987 CVE-2022-4200 CVE-2022-42004 CVE-2023-1370 CVE-2019-20149 CVE-2020-8203 CVE-2019-10744 CVE-2022-40023 CVE-2019-10746 CVE-2021-33502 CVE-2021-27292 CVE-2021-33503 CVE-2020-7662 CVE-2020-7774 CVE-2022-23806 CVE-2022-23772 CVE-2021-43565 CVE-2022-30580 CVE-2022-30633 CVE-2022-28131 CVE-2022-30632 CVE-2022-41716 CVE-2022-28327 CVE-2022-24921 CVE-2022-30630 CVE-2022-27191 CVE-2022-23773 CVE-2022-30634 CVE-2022-41715 CVE-2022-24675 CVE-2022-41720 CVE-2022-27664 CVE-2022-2880 CVE-2022-29804 CVE-2022-32189 CVE-2022-30635 CVE-2022-30631 CVE-2022-2879 CVE-2022-1705 CVE-2022-1962 CVE-2022-29526 CVE-2022-32148 CVE-2022-30629 CVE-2017-16042 CVE-2021-20095,Critical,SVD-2023-0613 | Splunk Vulnerability Disclosure,8.1.13 and Lower,2023-06-01,2024-01-09,https://advisory.splunk.com/advisories/SVD-2023-0613
enterprise:8.1.13,enterprise,Splunk Enterprise,8.1.13,8001013000,8.1.14,8001014000,SVD-2023-0613,Multiple (128) CVE-2022-40303 CVE-2022-40304 CVE-2023-0286 CVE-2023-0215 CVE-2022-4304 CVE-2023-27538 CVE-2023-27537 CVE-2023-27536 CVE-2023-27535 CVE-2023-27534 CVE-2023-27533 CVE-2023-23916 CVE-2023-23915 CVE-2023-23914 CVE-2022-43552 CVE-2022-43551 CVE-2022-42916 CVE-2022-42915 CVE-2022-35260 CVE-2022-32221 CVE-2022-35252 CVE-2022-32208 CVE-2022-32207 CVE-2022-32206 CVE-2022-32205 CVE-2022-30115 CVE-2022-27782 CVE-2022-27781 CVE-2022-27780 CVE-2022-27779 CVE-2022-27778 CVE-2022-27776 CVE-2022-27775 CVE-2022-27774 CVE-2022-22576 CVE-2021-22947 CVE-2021-22946 CVE-2021-22945 CVE-2021-22926 CVE-2021-22925 CVE-2021-22924 CVE-2021-22923 CVE-2021-22922 CVE-2021-22901 CVE-2021-22898 CVE-2021-22897 CVE-2021-22890 CVE-2021-22876 CVE-2020-8286 CVE-2020-8285 CVE-2020-8284 CVE-2020-8231 CVE-2020-8177 CVE-2020-8169 CVE-2022-36227 CVE-2021-31566 CVE-2021-36976 CVE-2021-3520 CVE-2022-35737 CVE-2018-25032 CVE-2022-37434 CVE-2020-15138 CVE-2022-37616 CVE-2021-29060 CVE-2022-38900 CVE-2020-28469 CVE-2022-46175 CVE-2022-37599 CVE-2022-37601 CVE-2022-37603 CVE-2022-3517 CVE-2022-31129 CVE-2021-23343 CVE-2021-23368 CVE-2021-23382 CVE-2022-43680 CVE-2022-24999 CVE-2020-7753 CVE-2022-25858 CVE-2021-3803 CVE-2021-33587 CVE-2020-8116 CVE-2020-13822 CVE-2022-33987 CVE-2022-4200 CVE-2022-42004 CVE-2023-1370 CVE-2019-20149 CVE-2020-8203 CVE-2019-10744 CVE-2022-40023 CVE-2019-10746 CVE-2021-33502 CVE-2021-27292 CVE-2021-33503 CVE-2020-7662 CVE-2020-7774 CVE-2022-23806 CVE-2022-23772 CVE-2021-43565 CVE-2022-30580 CVE-2022-30633 CVE-2022-28131 CVE-2022-30632 CVE-2022-41716 CVE-2022-28327 CVE-2022-24921 CVE-2022-30630 CVE-2022-27191 CVE-2022-23773 CVE-2022-30634 CVE-2022-41715 CVE-2022-24675 CVE-2022-41720 CVE-2022-27664 CVE-2022-2880 CVE-2022-29804 CVE-2022-32189 CVE-2022-30635 CVE-2022-30631 CVE-2022-2879 CVE-2022-1705 CVE-2022-1962 CVE-2022-29526 CVE-2022-32148 CVE-2022-30629 CVE-2017-16042 CVE-2021-20095,Critical,SVD-2023-0613 | Splunk Vulnerability Disclosure,8.1.13 and Lower,2023-06-01,2024-01-09,https://advisory.splunk.com/advisories/SVD-2023-0613
enterprise:8.2.0,enterprise,Splunk Enterprise,8.2.0,8002000000,8.2.11,8002011000,SVD-2023-0613,Multiple (128) CVE-2022-40303 CVE-2022-40304 CVE-2023-0286 CVE-2023-0215 CVE-2022-4304 CVE-2023-27538 CVE-2023-27537 CVE-2023-27536 CVE-2023-27535 CVE-2023-27534 CVE-2023-27533 CVE-2023-23916 CVE-2023-23915 CVE-2023-23914 CVE-2022-43552 CVE-2022-43551 CVE-2022-42916 CVE-2022-42915 CVE-2022-35260 CVE-2022-32221 CVE-2022-35252 CVE-2022-32208 CVE-2022-32207 CVE-2022-32206 CVE-2022-32205 CVE-2022-30115 CVE-2022-27782 CVE-2022-27781 CVE-2022-27780 CVE-2022-27779 CVE-2022-27778 CVE-2022-27776 CVE-2022-27775 CVE-2022-27774 CVE-2022-22576 CVE-2021-22947 CVE-2021-22946 CVE-2021-22945 CVE-2021-22926 CVE-2021-22925 CVE-2021-22924 CVE-2021-22923 CVE-2021-22922 CVE-2021-22901 CVE-2021-22898 CVE-2021-22897 CVE-2021-22890 CVE-2021-22876 CVE-2020-8286 CVE-2020-8285 CVE-2020-8284 CVE-2020-8231 CVE-2020-8177 CVE-2020-8169 CVE-2022-36227 CVE-2021-31566 CVE-2021-36976 CVE-2021-3520 CVE-2022-35737 CVE-2018-25032 CVE-2022-37434 CVE-2020-15138 CVE-2022-37616 CVE-2021-29060 CVE-2022-38900 CVE-2020-28469 CVE-2022-46175 CVE-2022-37599 CVE-2022-37601 CVE-2022-37603 CVE-2022-3517 CVE-2022-31129 CVE-2021-23343 CVE-2021-23368 CVE-2021-23382 CVE-2022-43680 CVE-2022-24999 CVE-2020-7753 CVE-2022-25858 CVE-2021-3803 CVE-2021-33587 CVE-2020-8116 CVE-2020-13822 CVE-2022-33987 CVE-2022-4200 CVE-2022-42004 CVE-2023-1370 CVE-2019-20149 CVE-2020-8203 CVE-2019-10744 CVE-2022-40023 CVE-2019-10746 CVE-2021-33502 CVE-2021-27292 CVE-2021-33503 CVE-2020-7662 CVE-2020-7774 CVE-2022-23806 CVE-2022-23772 CVE-2021-43565 CVE-2022-30580 CVE-2022-30633 CVE-2022-28131 CVE-2022-30632 CVE-2022-41716 CVE-2022-28327 CVE-2022-24921 CVE-2022-30630 CVE-2022-27191 CVE-2022-23773 CVE-2022-30634 CVE-2022-41715 CVE-2022-24675 CVE-2022-41720 CVE-2022-27664 CVE-2022-2880 CVE-2022-29804 CVE-2022-32189 CVE-2022-30635 CVE-2022-30631 CVE-2022-2879 CVE-2022-1705 CVE-2022-1962 CVE-2022-29526 CVE-2022-32148 CVE-2022-30629 CVE-2017-16042 CVE-2021-20095,Critical,SVD-2023-0613 | Splunk Vulnerability Disclosure,8.2.0 to 8.2.10,2023-06-01,2024-01-09,https://advisory.splunk.com/advisories/SVD-2023-0613
enterprise:8.2.1,enterprise,Splunk Enterprise,8.2.1,8002001000,8.2.11,8002011000,SVD-2023-0613,Multiple (128) CVE-2022-40303 CVE-2022-40304 CVE-2023-0286 CVE-2023-0215 CVE-2022-4304 CVE-2023-27538 CVE-2023-27537 CVE-2023-27536 CVE-2023-27535 CVE-2023-27534 CVE-2023-27533 CVE-2023-23916 CVE-2023-23915 CVE-2023-23914 CVE-2022-43552 CVE-2022-43551 CVE-2022-42916 CVE-2022-42915 CVE-2022-35260 CVE-2022-32221 CVE-2022-35252 CVE-2022-32208 CVE-2022-32207 CVE-2022-32206 CVE-2022-32205 CVE-2022-30115 CVE-2022-27782 CVE-2022-27781 CVE-2022-27780 CVE-2022-27779 CVE-2022-27778 CVE-2022-27776 CVE-2022-27775 CVE-2022-27774 CVE-2022-22576 CVE-2021-22947 CVE-2021-22946 CVE-2021-22945 CVE-2021-22926 CVE-2021-22925 CVE-2021-22924 CVE-2021-22923 CVE-2021-22922 CVE-2021-22901 CVE-2021-22898 CVE-2021-22897 CVE-2021-22890 CVE-2021-22876 CVE-2020-8286 CVE-2020-8285 CVE-2020-8284 CVE-2020-8231 CVE-2020-8177 CVE-2020-8169 CVE-2022-36227 CVE-2021-31566 CVE-2021-36976 CVE-2021-3520 CVE-2022-35737 CVE-2018-25032 CVE-2022-37434 CVE-2020-15138 CVE-2022-37616 CVE-2021-29060 CVE-2022-38900 CVE-2020-28469 CVE-2022-46175 CVE-2022-37599 CVE-2022-37601 CVE-2022-37603 CVE-2022-3517 CVE-2022-31129 CVE-2021-23343 CVE-2021-23368 CVE-2021-23382 CVE-2022-43680 CVE-2022-24999 CVE-2020-7753 CVE-2022-25858 CVE-2021-3803 CVE-2021-33587 CVE-2020-8116 CVE-2020-13822 CVE-2022-33987 CVE-2022-4200 CVE-2022-42004 CVE-2023-1370 CVE-2019-20149 CVE-2020-8203 CVE-2019-10744 CVE-2022-40023 CVE-2019-10746 CVE-2021-33502 CVE-2021-27292 CVE-2021-33503 CVE-2020-7662 CVE-2020-7774 CVE-2022-23806 CVE-2022-23772 CVE-2021-43565 CVE-2022-30580 CVE-2022-30633 CVE-2022-28131 CVE-2022-30632 CVE-2022-41716 CVE-2022-28327 CVE-2022-24921 CVE-2022-30630 CVE-2022-27191 CVE-2022-23773 CVE-2022-30634 CVE-2022-41715 CVE-2022-24675 CVE-2022-41720 CVE-2022-27664 CVE-2022-2880 CVE-2022-29804 CVE-2022-32189 CVE-2022-30635 CVE-2022-30631 CVE-2022-2879 CVE-2022-1705 CVE-2022-1962 CVE-2022-29526 CVE-2022-32148 CVE-2022-30629 CVE-2017-16042 CVE-2021-20095,Critical,SVD-2023-0613 | Splunk Vulnerability Disclosure,8.2.0 to 8.2.10,2023-06-01,2024-01-09,https://advisory.splunk.com/advisories/SVD-2023-0613
enterprise:8.2.2,enterprise,Splunk Enterprise,8.2.2,8002002000,8.2.11,8002011000,SVD-2023-0613,Multiple (128) CVE-2022-40303 CVE-2022-40304 CVE-2023-0286 CVE-2023-0215 CVE-2022-4304 CVE-2023-27538 CVE-2023-27537 CVE-2023-27536 CVE-2023-27535 CVE-2023-27534 CVE-2023-27533 CVE-2023-23916 CVE-2023-23915 CVE-2023-23914 CVE-2022-43552 CVE-2022-43551 CVE-2022-42916 CVE-2022-42915 CVE-2022-35260 CVE-2022-32221 CVE-2022-35252 CVE-2022-32208 CVE-2022-32207 CVE-2022-32206 CVE-2022-32205 CVE-2022-30115 CVE-2022-27782 CVE-2022-27781 CVE-2022-27780 CVE-2022-27779 CVE-2022-27778 CVE-2022-27776 CVE-2022-27775 CVE-2022-27774 CVE-2022-22576 CVE-2021-22947 CVE-2021-22946 CVE-2021-22945 CVE-2021-22926 CVE-2021-22925 CVE-2021-22924 CVE-2021-22923 CVE-2021-22922 CVE-2021-22901 CVE-2021-22898 CVE-2021-22897 CVE-2021-22890 CVE-2021-22876 CVE-2020-8286 CVE-2020-8285 CVE-2020-8284 CVE-2020-8231 CVE-2020-8177 CVE-2020-8169 CVE-2022-36227 CVE-2021-31566 CVE-2021-36976 CVE-2021-3520 CVE-2022-35737 CVE-2018-25032 CVE-2022-37434 CVE-2020-15138 CVE-2022-37616 CVE-2021-29060 CVE-2022-38900 CVE-2020-28469 CVE-2022-46175 CVE-2022-37599 CVE-2022-37601 CVE-2022-37603 CVE-2022-3517 CVE-2022-31129 CVE-2021-23343 CVE-2021-23368 CVE-2021-23382 CVE-2022-43680 CVE-2022-24999 CVE-2020-7753 CVE-2022-25858 CVE-2021-3803 CVE-2021-33587 CVE-2020-8116 CVE-2020-13822 CVE-2022-33987 CVE-2022-4200 CVE-2022-42004 CVE-2023-1370 CVE-2019-20149 CVE-2020-8203 CVE-2019-10744 CVE-2022-40023 CVE-2019-10746 CVE-2021-33502 CVE-2021-27292 CVE-2021-33503 CVE-2020-7662 CVE-2020-7774 CVE-2022-23806 CVE-2022-23772 CVE-2021-43565 CVE-2022-30580 CVE-2022-30633 CVE-2022-28131 CVE-2022-30632 CVE-2022-41716 CVE-2022-28327 CVE-2022-24921 CVE-2022-30630 CVE-2022-27191 CVE-2022-23773 CVE-2022-30634 CVE-2022-41715 CVE-2022-24675 CVE-2022-41720 CVE-2022-27664 CVE-2022-2880 CVE-2022-29804 CVE-2022-32189 CVE-2022-30635 CVE-2022-30631 CVE-2022-2879 CVE-2022-1705 CVE-2022-1962 CVE-2022-29526 CVE-2022-32148 CVE-2022-30629 CVE-2017-16042 CVE-2021-20095,Critical,SVD-2023-0613 | Splunk Vulnerability Disclosure,8.2.0 to 8.2.10,2023-06-01,2024-01-09,https://advisory.splunk.com/advisories/SVD-2023-0613
enterprise:8.2.3,enterprise,Splunk Enterprise,8.2.3,8002003000,8.2.11,8002011000,SVD-2023-0613,Multiple (128) CVE-2022-40303 CVE-2022-40304 CVE-2023-0286 CVE-2023-0215 CVE-2022-4304 CVE-2023-27538 CVE-2023-27537 CVE-2023-27536 CVE-2023-27535 CVE-2023-27534 CVE-2023-27533 CVE-2023-23916 CVE-2023-23915 CVE-2023-23914 CVE-2022-43552 CVE-2022-43551 CVE-2022-42916 CVE-2022-42915 CVE-2022-35260 CVE-2022-32221 CVE-2022-35252 CVE-2022-32208 CVE-2022-32207 CVE-2022-32206 CVE-2022-32205 CVE-2022-30115 CVE-2022-27782 CVE-2022-27781 CVE-2022-27780 CVE-2022-27779 CVE-2022-27778 CVE-2022-27776 CVE-2022-27775 CVE-2022-27774 CVE-2022-22576 CVE-2021-22947 CVE-2021-22946 CVE-2021-22945 CVE-2021-22926 CVE-2021-22925 CVE-2021-22924 CVE-2021-22923 CVE-2021-22922 CVE-2021-22901 CVE-2021-22898 CVE-2021-22897 CVE-2021-22890 CVE-2021-22876 CVE-2020-8286 CVE-2020-8285 CVE-2020-8284 CVE-2020-8231 CVE-2020-8177 CVE-2020-8169 CVE-2022-36227 CVE-2021-31566 CVE-2021-36976 CVE-2021-3520 CVE-2022-35737 CVE-2018-25032 CVE-2022-37434 CVE-2020-15138 CVE-2022-37616 CVE-2021-29060 CVE-2022-38900 CVE-2020-28469 CVE-2022-46175 CVE-2022-37599 CVE-2022-37601 CVE-2022-37603 CVE-2022-3517 CVE-2022-31129 CVE-2021-23343 CVE-2021-23368 CVE-2021-23382 CVE-2022-43680 CVE-2022-24999 CVE-2020-7753 CVE-2022-25858 CVE-2021-3803 CVE-2021-33587 CVE-2020-8116 CVE-2020-13822 CVE-2022-33987 CVE-2022-4200 CVE-2022-42004 CVE-2023-1370 CVE-2019-20149 CVE-2020-8203 CVE-2019-10744 CVE-2022-40023 CVE-2019-10746 CVE-2021-33502 CVE-2021-27292 CVE-2021-33503 CVE-2020-7662 CVE-2020-7774 CVE-2022-23806 CVE-2022-23772 CVE-2021-43565 CVE-2022-30580 CVE-2022-30633 CVE-2022-28131 CVE-2022-30632 CVE-2022-41716 CVE-2022-28327 CVE-2022-24921 CVE-2022-30630 CVE-2022-27191 CVE-2022-23773 CVE-2022-30634 CVE-2022-41715 CVE-2022-24675 CVE-2022-41720 CVE-2022-27664 CVE-2022-2880 CVE-2022-29804 CVE-2022-32189 CVE-2022-30635 CVE-2022-30631 CVE-2022-2879 CVE-2022-1705 CVE-2022-1962 CVE-2022-29526 CVE-2022-32148 CVE-2022-30629 CVE-2017-16042 CVE-2021-20095,Critical,SVD-2023-0613 | Splunk Vulnerability Disclosure,8.2.0 to 8.2.10,2023-06-01,2024-01-09,https://advisory.splunk.com/advisories/SVD-2023-0613
enterprise:8.2.4,enterprise,Splunk Enterprise,8.2.4,8002004000,8.2.11,8002011000,SVD-2023-0613,Multiple (128) CVE-2022-40303 CVE-2022-40304 CVE-2023-0286 CVE-2023-0215 CVE-2022-4304 CVE-2023-27538 CVE-2023-27537 CVE-2023-27536 CVE-2023-27535 CVE-2023-27534 CVE-2023-27533 CVE-2023-23916 CVE-2023-23915 CVE-2023-23914 CVE-2022-43552 CVE-2022-43551 CVE-2022-42916 CVE-2022-42915 CVE-2022-35260 CVE-2022-32221 CVE-2022-35252 CVE-2022-32208 CVE-2022-32207 CVE-2022-32206 CVE-2022-32205 CVE-2022-30115 CVE-2022-27782 CVE-2022-27781 CVE-2022-27780 CVE-2022-27779 CVE-2022-27778 CVE-2022-27776 CVE-2022-27775 CVE-2022-27774 CVE-2022-22576 CVE-2021-22947 CVE-2021-22946 CVE-2021-22945 CVE-2021-22926 CVE-2021-22925 CVE-2021-22924 CVE-2021-22923 CVE-2021-22922 CVE-2021-22901 CVE-2021-22898 CVE-2021-22897 CVE-2021-22890 CVE-2021-22876 CVE-2020-8286 CVE-2020-8285 CVE-2020-8284 CVE-2020-8231 CVE-2020-8177 CVE-2020-8169 CVE-2022-36227 CVE-2021-31566 CVE-2021-36976 CVE-2021-3520 CVE-2022-35737 CVE-2018-25032 CVE-2022-37434 CVE-2020-15138 CVE-2022-37616 CVE-2021-29060 CVE-2022-38900 CVE-2020-28469 CVE-2022-46175 CVE-2022-37599 CVE-2022-37601 CVE-2022-37603 CVE-2022-3517 CVE-2022-31129 CVE-2021-23343 CVE-2021-23368 CVE-2021-23382 CVE-2022-43680 CVE-2022-24999 CVE-2020-7753 CVE-2022-25858 CVE-2021-3803 CVE-2021-33587 CVE-2020-8116 CVE-2020-13822 CVE-2022-33987 CVE-2022-4200 CVE-2022-42004 CVE-2023-1370 CVE-2019-20149 CVE-2020-8203 CVE-2019-10744 CVE-2022-40023 CVE-2019-10746 CVE-2021-33502 CVE-2021-27292 CVE-2021-33503 CVE-2020-7662 CVE-2020-7774 CVE-2022-23806 CVE-2022-23772 CVE-2021-43565 CVE-2022-30580 CVE-2022-30633 CVE-2022-28131 CVE-2022-30632 CVE-2022-41716 CVE-2022-28327 CVE-2022-24921 CVE-2022-30630 CVE-2022-27191 CVE-2022-23773 CVE-2022-30634 CVE-2022-41715 CVE-2022-24675 CVE-2022-41720 CVE-2022-27664 CVE-2022-2880 CVE-2022-29804 CVE-2022-32189 CVE-2022-30635 CVE-2022-30631 CVE-2022-2879 CVE-2022-1705 CVE-2022-1962 CVE-2022-29526 CVE-2022-32148 CVE-2022-30629 CVE-2017-16042 CVE-2021-20095,Critical,SVD-2023-0613 | Splunk Vulnerability Disclosure,8.2.0 to 8.2.10,2023-06-01,2024-01-09,https://advisory.splunk.com/advisories/SVD-2023-0613
enterprise:8.2.5,enterprise,Splunk Enterprise,8.2.5,8002005000,8.2.11,8002011000,SVD-2023-0613,Multiple (128) CVE-2022-40303 CVE-2022-40304 CVE-2023-0286 CVE-2023-0215 CVE-2022-4304 CVE-2023-27538 CVE-2023-27537 CVE-2023-27536 CVE-2023-27535 CVE-2023-27534 CVE-2023-27533 CVE-2023-23916 CVE-2023-23915 CVE-2023-23914 CVE-2022-43552 CVE-2022-43551 CVE-2022-42916 CVE-2022-42915 CVE-2022-35260 CVE-2022-32221 CVE-2022-35252 CVE-2022-32208 CVE-2022-32207 CVE-2022-32206 CVE-2022-32205 CVE-2022-30115 CVE-2022-27782 CVE-2022-27781 CVE-2022-27780 CVE-2022-27779 CVE-2022-27778 CVE-2022-27776 CVE-2022-27775 CVE-2022-27774 CVE-2022-22576 CVE-2021-22947 CVE-2021-22946 CVE-2021-22945 CVE-2021-22926 CVE-2021-22925 CVE-2021-22924 CVE-2021-22923 CVE-2021-22922 CVE-2021-22901 CVE-2021-22898 CVE-2021-22897 CVE-2021-22890 CVE-2021-22876 CVE-2020-8286 CVE-2020-8285 CVE-2020-8284 CVE-2020-8231 CVE-2020-8177 CVE-2020-8169 CVE-2022-36227 CVE-2021-31566 CVE-2021-36976 CVE-2021-3520 CVE-2022-35737 CVE-2018-25032 CVE-2022-37434 CVE-2020-15138 CVE-2022-37616 CVE-2021-29060 CVE-2022-38900 CVE-2020-28469 CVE-2022-46175 CVE-2022-37599 CVE-2022-37601 CVE-2022-37603 CVE-2022-3517 CVE-2022-31129 CVE-2021-23343 CVE-2021-23368 CVE-2021-23382 CVE-2022-43680 CVE-2022-24999 CVE-2020-7753 CVE-2022-25858 CVE-2021-3803 CVE-2021-33587 CVE-2020-8116 CVE-2020-13822 CVE-2022-33987 CVE-2022-4200 CVE-2022-42004 CVE-2023-1370 CVE-2019-20149 CVE-2020-8203 CVE-2019-10744 CVE-2022-40023 CVE-2019-10746 CVE-2021-33502 CVE-2021-27292 CVE-2021-33503 CVE-2020-7662 CVE-2020-7774 CVE-2022-23806 CVE-2022-23772 CVE-2021-43565 CVE-2022-30580 CVE-2022-30633 CVE-2022-28131 CVE-2022-30632 CVE-2022-41716 CVE-2022-28327 CVE-2022-24921 CVE-2022-30630 CVE-2022-27191 CVE-2022-23773 CVE-2022-30634 CVE-2022-41715 CVE-2022-24675 CVE-2022-41720 CVE-2022-27664 CVE-2022-2880 CVE-2022-29804 CVE-2022-32189 CVE-2022-30635 CVE-2022-30631 CVE-2022-2879 CVE-2022-1705 CVE-2022-1962 CVE-2022-29526 CVE-2022-32148 CVE-2022-30629 CVE-2017-16042 CVE-2021-20095,Critical,SVD-2023-0613 | Splunk Vulnerability Disclosure,8.2.0 to 8.2.10,2023-06-01,2024-01-09,https://advisory.splunk.com/advisories/SVD-2023-0613
enterprise:8.2.6,enterprise,Splunk Enterprise,8.2.6,8002006000,8.2.11,8002011000,SVD-2023-0613,Multiple (128) CVE-2022-40303 CVE-2022-40304 CVE-2023-0286 CVE-2023-0215 CVE-2022-4304 CVE-2023-27538 CVE-2023-27537 CVE-2023-27536 CVE-2023-27535 CVE-2023-27534 CVE-2023-27533 CVE-2023-23916 CVE-2023-23915 CVE-2023-23914 CVE-2022-43552 CVE-2022-43551 CVE-2022-42916 CVE-2022-42915 CVE-2022-35260 CVE-2022-32221 CVE-2022-35252 CVE-2022-32208 CVE-2022-32207 CVE-2022-32206 CVE-2022-32205 CVE-2022-30115 CVE-2022-27782 CVE-2022-27781 CVE-2022-27780 CVE-2022-27779 CVE-2022-27778 CVE-2022-27776 CVE-2022-27775 CVE-2022-27774 CVE-2022-22576 CVE-2021-22947 CVE-2021-22946 CVE-2021-22945 CVE-2021-22926 CVE-2021-22925 CVE-2021-22924 CVE-2021-22923 CVE-2021-22922 CVE-2021-22901 CVE-2021-22898 CVE-2021-22897 CVE-2021-22890 CVE-2021-22876 CVE-2020-8286 CVE-2020-8285 CVE-2020-8284 CVE-2020-8231 CVE-2020-8177 CVE-2020-8169 CVE-2022-36227 CVE-2021-31566 CVE-2021-36976 CVE-2021-3520 CVE-2022-35737 CVE-2018-25032 CVE-2022-37434 CVE-2020-15138 CVE-2022-37616 CVE-2021-29060 CVE-2022-38900 CVE-2020-28469 CVE-2022-46175 CVE-2022-37599 CVE-2022-37601 CVE-2022-37603 CVE-2022-3517 CVE-2022-31129 CVE-2021-23343 CVE-2021-23368 CVE-2021-23382 CVE-2022-43680 CVE-2022-24999 CVE-2020-7753 CVE-2022-25858 CVE-2021-3803 CVE-2021-33587 CVE-2020-8116 CVE-2020-13822 CVE-2022-33987 CVE-2022-4200 CVE-2022-42004 CVE-2023-1370 CVE-2019-20149 CVE-2020-8203 CVE-2019-10744 CVE-2022-40023 CVE-2019-10746 CVE-2021-33502 CVE-2021-27292 CVE-2021-33503 CVE-2020-7662 CVE-2020-7774 CVE-2022-23806 CVE-2022-23772 CVE-2021-43565 CVE-2022-30580 CVE-2022-30633 CVE-2022-28131 CVE-2022-30632 CVE-2022-41716 CVE-2022-28327 CVE-2022-24921 CVE-2022-30630 CVE-2022-27191 CVE-2022-23773 CVE-2022-30634 CVE-2022-41715 CVE-2022-24675 CVE-2022-41720 CVE-2022-27664 CVE-2022-2880 CVE-2022-29804 CVE-2022-32189 CVE-2022-30635 CVE-2022-30631 CVE-2022-2879 CVE-2022-1705 CVE-2022-1962 CVE-2022-29526 CVE-2022-32148 CVE-2022-30629 CVE-2017-16042 CVE-2021-20095,Critical,SVD-2023-0613 | Splunk Vulnerability Disclosure,8.2.0 to 8.2.10,2023-06-01,2024-01-09,https://advisory.splunk.com/advisories/SVD-2023-0613
enterprise:8.2.7,enterprise,Splunk Enterprise,8.2.7,8002007000,8.2.11,8002011000,SVD-2023-0613,Multiple (128) CVE-2022-40303 CVE-2022-40304 CVE-2023-0286 CVE-2023-0215 CVE-2022-4304 CVE-2023-27538 CVE-2023-27537 CVE-2023-27536 CVE-2023-27535 CVE-2023-27534 CVE-2023-27533 CVE-2023-23916 CVE-2023-23915 CVE-2023-23914 CVE-2022-43552 CVE-2022-43551 CVE-2022-42916 CVE-2022-42915 CVE-2022-35260 CVE-2022-32221 CVE-2022-35252 CVE-2022-32208 CVE-2022-32207 CVE-2022-32206 CVE-2022-32205 CVE-2022-30115 CVE-2022-27782 CVE-2022-27781 CVE-2022-27780 CVE-2022-27779 CVE-2022-27778 CVE-2022-27776 CVE-2022-27775 CVE-2022-27774 CVE-2022-22576 CVE-2021-22947 CVE-2021-22946 CVE-2021-22945 CVE-2021-22926 CVE-2021-22925 CVE-2021-22924 CVE-2021-22923 CVE-2021-22922 CVE-2021-22901 CVE-2021-22898 CVE-2021-22897 CVE-2021-22890 CVE-2021-22876 CVE-2020-8286 CVE-2020-8285 CVE-2020-8284 CVE-2020-8231 CVE-2020-8177 CVE-2020-8169 CVE-2022-36227 CVE-2021-31566 CVE-2021-36976 CVE-2021-3520 CVE-2022-35737 CVE-2018-25032 CVE-2022-37434 CVE-2020-15138 CVE-2022-37616 CVE-2021-29060 CVE-2022-38900 CVE-2020-28469 CVE-2022-46175 CVE-2022-37599 CVE-2022-37601 CVE-2022-37603 CVE-2022-3517 CVE-2022-31129 CVE-2021-23343 CVE-2021-23368 CVE-2021-23382 CVE-2022-43680 CVE-2022-24999 CVE-2020-7753 CVE-2022-25858 CVE-2021-3803 CVE-2021-33587 CVE-2020-8116 CVE-2020-13822 CVE-2022-33987 CVE-2022-4200 CVE-2022-42004 CVE-2023-1370 CVE-2019-20149 CVE-2020-8203 CVE-2019-10744 CVE-2022-40023 CVE-2019-10746 CVE-2021-33502 CVE-2021-27292 CVE-2021-33503 CVE-2020-7662 CVE-2020-7774 CVE-2022-23806 CVE-2022-23772 CVE-2021-43565 CVE-2022-30580 CVE-2022-30633 CVE-2022-28131 CVE-2022-30632 CVE-2022-41716 CVE-2022-28327 CVE-2022-24921 CVE-2022-30630 CVE-2022-27191 CVE-2022-23773 CVE-2022-30634 CVE-2022-41715 CVE-2022-24675 CVE-2022-41720 CVE-2022-27664 CVE-2022-2880 CVE-2022-29804 CVE-2022-32189 CVE-2022-30635 CVE-2022-30631 CVE-2022-2879 CVE-2022-1705 CVE-2022-1962 CVE-2022-29526 CVE-2022-32148 CVE-2022-30629 CVE-2017-16042 CVE-2021-20095,Critical,SVD-2023-0613 | Splunk Vulnerability Disclosure,8.2.0 to 8.2.10,2023-06-01,2024-01-09,https://advisory.splunk.com/advisories/SVD-2023-0613
enterprise:8.2.8,enterprise,Splunk Enterprise,8.2.8,8002008000,8.2.11,8002011000,SVD-2023-0613,Multiple (128) CVE-2022-40303 CVE-2022-40304 CVE-2023-0286 CVE-2023-0215 CVE-2022-4304 CVE-2023-27538 CVE-2023-27537 CVE-2023-27536 CVE-2023-27535 CVE-2023-27534 CVE-2023-27533 CVE-2023-23916 CVE-2023-23915 CVE-2023-23914 CVE-2022-43552 CVE-2022-43551 CVE-2022-42916 CVE-2022-42915 CVE-2022-35260 CVE-2022-32221 CVE-2022-35252 CVE-2022-32208 CVE-2022-32207 CVE-2022-32206 CVE-2022-32205 CVE-2022-30115 CVE-2022-27782 CVE-2022-27781 CVE-2022-27780 CVE-2022-27779 CVE-2022-27778 CVE-2022-27776 CVE-2022-27775 CVE-2022-27774 CVE-2022-22576 CVE-2021-22947 CVE-2021-22946 CVE-2021-22945 CVE-2021-22926 CVE-2021-22925 CVE-2021-22924 CVE-2021-22923 CVE-2021-22922 CVE-2021-22901 CVE-2021-22898 CVE-2021-22897 CVE-2021-22890 CVE-2021-22876 CVE-2020-8286 CVE-2020-8285 CVE-2020-8284 CVE-2020-8231 CVE-2020-8177 CVE-2020-8169 CVE-2022-36227 CVE-2021-31566 CVE-2021-36976 CVE-2021-3520 CVE-2022-35737 CVE-2018-25032 CVE-2022-37434 CVE-2020-15138 CVE-2022-37616 CVE-2021-29060 CVE-2022-38900 CVE-2020-28469 CVE-2022-46175 CVE-2022-37599 CVE-2022-37601 CVE-2022-37603 CVE-2022-3517 CVE-2022-31129 CVE-2021-23343 CVE-2021-23368 CVE-2021-23382 CVE-2022-43680 CVE-2022-24999 CVE-2020-7753 CVE-2022-25858 CVE-2021-3803 CVE-2021-33587 CVE-2020-8116 CVE-2020-13822 CVE-2022-33987 CVE-2022-4200 CVE-2022-42004 CVE-2023-1370 CVE-2019-20149 CVE-2020-8203 CVE-2019-10744 CVE-2022-40023 CVE-2019-10746 CVE-2021-33502 CVE-2021-27292 CVE-2021-33503 CVE-2020-7662 CVE-2020-7774 CVE-2022-23806 CVE-2022-23772 CVE-2021-43565 CVE-2022-30580 CVE-2022-30633 CVE-2022-28131 CVE-2022-30632 CVE-2022-41716 CVE-2022-28327 CVE-2022-24921 CVE-2022-30630 CVE-2022-27191 CVE-2022-23773 CVE-2022-30634 CVE-2022-41715 CVE-2022-24675 CVE-2022-41720 CVE-2022-27664 CVE-2022-2880 CVE-2022-29804 CVE-2022-32189 CVE-2022-30635 CVE-2022-30631 CVE-2022-2879 CVE-2022-1705 CVE-2022-1962 CVE-2022-29526 CVE-2022-32148 CVE-2022-30629 CVE-2017-16042 CVE-2021-20095,Critical,SVD-2023-0613 | Splunk Vulnerability Disclosure,8.2.0 to 8.2.10,2023-06-01,2024-01-09,https://advisory.splunk.com/advisories/SVD-2023-0613
enterprise:8.2.9,enterprise,Splunk Enterprise,8.2.9,8002009000,8.2.11,8002011000,SVD-2023-0613,Multiple (128) CVE-2022-40303 CVE-2022-40304 CVE-2023-0286 CVE-2023-0215 CVE-2022-4304 CVE-2023-27538 CVE-2023-27537 CVE-2023-27536 CVE-2023-27535 CVE-2023-27534 CVE-2023-27533 CVE-2023-23916 CVE-2023-23915 CVE-2023-23914 CVE-2022-43552 CVE-2022-43551 CVE-2022-42916 CVE-2022-42915 CVE-2022-35260 CVE-2022-32221 CVE-2022-35252 CVE-2022-32208 CVE-2022-32207 CVE-2022-32206 CVE-2022-32205 CVE-2022-30115 CVE-2022-27782 CVE-2022-27781 CVE-2022-27780 CVE-2022-27779 CVE-2022-27778 CVE-2022-27776 CVE-2022-27775 CVE-2022-27774 CVE-2022-22576 CVE-2021-22947 CVE-2021-22946 CVE-2021-22945 CVE-2021-22926 CVE-2021-22925 CVE-2021-22924 CVE-2021-22923 CVE-2021-22922 CVE-2021-22901 CVE-2021-22898 CVE-2021-22897 CVE-2021-22890 CVE-2021-22876 CVE-2020-8286 CVE-2020-8285 CVE-2020-8284 CVE-2020-8231 CVE-2020-8177 CVE-2020-8169 CVE-2022-36227 CVE-2021-31566 CVE-2021-36976 CVE-2021-3520 CVE-2022-35737 CVE-2018-25032 CVE-2022-37434 CVE-2020-15138 CVE-2022-37616 CVE-2021-29060 CVE-2022-38900 CVE-2020-28469 CVE-2022-46175 CVE-2022-37599 CVE-2022-37601 CVE-2022-37603 CVE-2022-3517 CVE-2022-31129 CVE-2021-23343 CVE-2021-23368 CVE-2021-23382 CVE-2022-43680 CVE-2022-24999 CVE-2020-7753 CVE-2022-25858 CVE-2021-3803 CVE-2021-33587 CVE-2020-8116 CVE-2020-13822 CVE-2022-33987 CVE-2022-4200 CVE-2022-42004 CVE-2023-1370 CVE-2019-20149 CVE-2020-8203 CVE-2019-10744 CVE-2022-40023 CVE-2019-10746 CVE-2021-33502 CVE-2021-27292 CVE-2021-33503 CVE-2020-7662 CVE-2020-7774 CVE-2022-23806 CVE-2022-23772 CVE-2021-43565 CVE-2022-30580 CVE-2022-30633 CVE-2022-28131 CVE-2022-30632 CVE-2022-41716 CVE-2022-28327 CVE-2022-24921 CVE-2022-30630 CVE-2022-27191 CVE-2022-23773 CVE-2022-30634 CVE-2022-41715 CVE-2022-24675 CVE-2022-41720 CVE-2022-27664 CVE-2022-2880 CVE-2022-29804 CVE-2022-32189 CVE-2022-30635 CVE-2022-30631 CVE-2022-2879 CVE-2022-1705 CVE-2022-1962 CVE-2022-29526 CVE-2022-32148 CVE-2022-30629 CVE-2017-16042 CVE-2021-20095,Critical,SVD-2023-0613 | Splunk Vulnerability Disclosure,8.2.0 to 8.2.10,2023-06-01,2024-01-09,https://advisory.splunk.com/advisories/SVD-2023-0613
enterprise:8.2.10,enterprise,Splunk Enterprise,8.2.10,8002010000,8.2.11,8002011000,SVD-2023-0613,Multiple (128) CVE-2022-40303 CVE-2022-40304 CVE-2023-0286 CVE-2023-0215 CVE-2022-4304 CVE-2023-27538 CVE-2023-27537 CVE-2023-27536 CVE-2023-27535 CVE-2023-27534 CVE-2023-27533 CVE-2023-23916 CVE-2023-23915 CVE-2023-23914 CVE-2022-43552 CVE-2022-43551 CVE-2022-42916 CVE-2022-42915 CVE-2022-35260 CVE-2022-32221 CVE-2022-35252 CVE-2022-32208 CVE-2022-32207 CVE-2022-32206 CVE-2022-32205 CVE-2022-30115 CVE-2022-27782 CVE-2022-27781 CVE-2022-27780 CVE-2022-27779 CVE-2022-27778 CVE-2022-27776 CVE-2022-27775 CVE-2022-27774 CVE-2022-22576 CVE-2021-22947 CVE-2021-22946 CVE-2021-22945 CVE-2021-22926 CVE-2021-22925 CVE-2021-22924 CVE-2021-22923 CVE-2021-22922 CVE-2021-22901 CVE-2021-22898 CVE-2021-22897 CVE-2021-22890 CVE-2021-22876 CVE-2020-8286 CVE-2020-8285 CVE-2020-8284 CVE-2020-8231 CVE-2020-8177 CVE-2020-8169 CVE-2022-36227 CVE-2021-31566 CVE-2021-36976 CVE-2021-3520 CVE-2022-35737 CVE-2018-25032 CVE-2022-37434 CVE-2020-15138 CVE-2022-37616 CVE-2021-29060 CVE-2022-38900 CVE-2020-28469 CVE-2022-46175 CVE-2022-37599 CVE-2022-37601 CVE-2022-37603 CVE-2022-3517 CVE-2022-31129 CVE-2021-23343 CVE-2021-23368 CVE-2021-23382 CVE-2022-43680 CVE-2022-24999 CVE-2020-7753 CVE-2022-25858 CVE-2021-3803 CVE-2021-33587 CVE-2020-8116 CVE-2020-13822 CVE-2022-33987 CVE-2022-4200 CVE-2022-42004 CVE-2023-1370 CVE-2019-20149 CVE-2020-8203 CVE-2019-10744 CVE-2022-40023 CVE-2019-10746 CVE-2021-33502 CVE-2021-27292 CVE-2021-33503 CVE-2020-7662 CVE-2020-7774 CVE-2022-23806 CVE-2022-23772 CVE-2021-43565 CVE-2022-30580 CVE-2022-30633 CVE-2022-28131 CVE-2022-30632 CVE-2022-41716 CVE-2022-28327 CVE-2022-24921 CVE-2022-30630 CVE-2022-27191 CVE-2022-23773 CVE-2022-30634 CVE-2022-41715 CVE-2022-24675 CVE-2022-41720 CVE-2022-27664 CVE-2022-2880 CVE-2022-29804 CVE-2022-32189 CVE-2022-30635 CVE-2022-30631 CVE-2022-2879 CVE-2022-1705 CVE-2022-1962 CVE-2022-29526 CVE-2022-32148 CVE-2022-30629 CVE-2017-16042 CVE-2021-20095,Critical,SVD-2023-0613 | Splunk Vulnerability Disclosure,8.2.0 to 8.2.10,2023-06-01,2024-01-09,https://advisory.splunk.com/advisories/SVD-2023-0613
enterprise:9.0.0,enterprise,Splunk Enterprise,9.0.0,9000000000,9.0.5,9000005000,SVD-2023-0613,Multiple (128) CVE-2022-40303 CVE-2022-40304 CVE-2023-0286 CVE-2023-0215 CVE-2022-4304 CVE-2023-27538 CVE-2023-27537 CVE-2023-27536 CVE-2023-27535 CVE-2023-27534 CVE-2023-27533 CVE-2023-23916 CVE-2023-23915 CVE-2023-23914 CVE-2022-43552 CVE-2022-43551 CVE-2022-42916 CVE-2022-42915 CVE-2022-35260 CVE-2022-32221 CVE-2022-35252 CVE-2022-32208 CVE-2022-32207 CVE-2022-32206 CVE-2022-32205 CVE-2022-30115 CVE-2022-27782 CVE-2022-27781 CVE-2022-27780 CVE-2022-27779 CVE-2022-27778 CVE-2022-27776 CVE-2022-27775 CVE-2022-27774 CVE-2022-22576 CVE-2021-22947 CVE-2021-22946 CVE-2021-22945 CVE-2021-22926 CVE-2021-22925 CVE-2021-22924 CVE-2021-22923 CVE-2021-22922 CVE-2021-22901 CVE-2021-22898 CVE-2021-22897 CVE-2021-22890 CVE-2021-22876 CVE-2020-8286 CVE-2020-8285 CVE-2020-8284 CVE-2020-8231 CVE-2020-8177 CVE-2020-8169 CVE-2022-36227 CVE-2021-31566 CVE-2021-36976 CVE-2021-3520 CVE-2022-35737 CVE-2018-25032 CVE-2022-37434 CVE-2020-15138 CVE-2022-37616 CVE-2021-29060 CVE-2022-38900 CVE-2020-28469 CVE-2022-46175 CVE-2022-37599 CVE-2022-37601 CVE-2022-37603 CVE-2022-3517 CVE-2022-31129 CVE-2021-23343 CVE-2021-23368 CVE-2021-23382 CVE-2022-43680 CVE-2022-24999 CVE-2020-7753 CVE-2022-25858 CVE-2021-3803 CVE-2021-33587 CVE-2020-8116 CVE-2020-13822 CVE-2022-33987 CVE-2022-4200 CVE-2022-42004 CVE-2023-1370 CVE-2019-20149 CVE-2020-8203 CVE-2019-10744 CVE-2022-40023 CVE-2019-10746 CVE-2021-33502 CVE-2021-27292 CVE-2021-33503 CVE-2020-7662 CVE-2020-7774 CVE-2022-23806 CVE-2022-23772 CVE-2021-43565 CVE-2022-30580 CVE-2022-30633 CVE-2022-28131 CVE-2022-30632 CVE-2022-41716 CVE-2022-28327 CVE-2022-24921 CVE-2022-30630 CVE-2022-27191 CVE-2022-23773 CVE-2022-30634 CVE-2022-41715 CVE-2022-24675 CVE-2022-41720 CVE-2022-27664 CVE-2022-2880 CVE-2022-29804 CVE-2022-32189 CVE-2022-30635 CVE-2022-30631 CVE-2022-2879 CVE-2022-1705 CVE-2022-1962 CVE-2022-29526 CVE-2022-32148 CVE-2022-30629 CVE-2017-16042 CVE-2021-20095,Critical,SVD-2023-0613 | Splunk Vulnerability Disclosure,9.0.0 to 9.0.4,2023-06-01,2024-01-09,https://advisory.splunk.com/advisories/SVD-2023-0613
enterprise:9.0.1,enterprise,Splunk Enterprise,9.0.1,9000001000,9.0.5,9000005000,SVD-2023-0613,Multiple (128) CVE-2022-40303 CVE-2022-40304 CVE-2023-0286 CVE-2023-0215 CVE-2022-4304 CVE-2023-27538 CVE-2023-27537 CVE-2023-27536 CVE-2023-27535 CVE-2023-27534 CVE-2023-27533 CVE-2023-23916 CVE-2023-23915 CVE-2023-23914 CVE-2022-43552 CVE-2022-43551 CVE-2022-42916 CVE-2022-42915 CVE-2022-35260 CVE-2022-32221 CVE-2022-35252 CVE-2022-32208 CVE-2022-32207 CVE-2022-32206 CVE-2022-32205 CVE-2022-30115 CVE-2022-27782 CVE-2022-27781 CVE-2022-27780 CVE-2022-27779 CVE-2022-27778 CVE-2022-27776 CVE-2022-27775 CVE-2022-27774 CVE-2022-22576 CVE-2021-22947 CVE-2021-22946 CVE-2021-22945 CVE-2021-22926 CVE-2021-22925 CVE-2021-22924 CVE-2021-22923 CVE-2021-22922 CVE-2021-22901 CVE-2021-22898 CVE-2021-22897 CVE-2021-22890 CVE-2021-22876 CVE-2020-8286 CVE-2020-8285 CVE-2020-8284 CVE-2020-8231 CVE-2020-8177 CVE-2020-8169 CVE-2022-36227 CVE-2021-31566 CVE-2021-36976 CVE-2021-3520 CVE-2022-35737 CVE-2018-25032 CVE-2022-37434 CVE-2020-15138 CVE-2022-37616 CVE-2021-29060 CVE-2022-38900 CVE-2020-28469 CVE-2022-46175 CVE-2022-37599 CVE-2022-37601 CVE-2022-37603 CVE-2022-3517 CVE-2022-31129 CVE-2021-23343 CVE-2021-23368 CVE-2021-23382 CVE-2022-43680 CVE-2022-24999 CVE-2020-7753 CVE-2022-25858 CVE-2021-3803 CVE-2021-33587 CVE-2020-8116 CVE-2020-13822 CVE-2022-33987 CVE-2022-4200 CVE-2022-42004 CVE-2023-1370 CVE-2019-20149 CVE-2020-8203 CVE-2019-10744 CVE-2022-40023 CVE-2019-10746 CVE-2021-33502 CVE-2021-27292 CVE-2021-33503 CVE-2020-7662 CVE-2020-7774 CVE-2022-23806 CVE-2022-23772 CVE-2021-43565 CVE-2022-30580 CVE-2022-30633 CVE-2022-28131 CVE-2022-30632 CVE-2022-41716 CVE-2022-28327 CVE-2022-24921 CVE-2022-30630 CVE-2022-27191 CVE-2022-23773 CVE-2022-30634 CVE-2022-41715 CVE-2022-24675 CVE-2022-41720 CVE-2022-27664 CVE-2022-2880 CVE-2022-29804 CVE-2022-32189 CVE-2022-30635 CVE-2022-30631 CVE-2022-2879 CVE-2022-1705 CVE-2022-1962 CVE-2022-29526 CVE-2022-32148 CVE-2022-30629 CVE-2017-16042 CVE-2021-20095,Critical,SVD-2023-0613 | Splunk Vulnerability Disclosure,9.0.0 to 9.0.4,2023-06-01,2024-01-09,https://advisory.splunk.com/advisories/SVD-2023-0613
enterprise:9.0.2,enterprise,Splunk Enterprise,9.0.2,9000002000,9.0.5,9000005000,SVD-2023-0613,Multiple (128) CVE-2022-40303 CVE-2022-40304 CVE-2023-0286 CVE-2023-0215 CVE-2022-4304 CVE-2023-27538 CVE-2023-27537 CVE-2023-27536 CVE-2023-27535 CVE-2023-27534 CVE-2023-27533 CVE-2023-23916 CVE-2023-23915 CVE-2023-23914 CVE-2022-43552 CVE-2022-43551 CVE-2022-42916 CVE-2022-42915 CVE-2022-35260 CVE-2022-32221 CVE-2022-35252 CVE-2022-32208 CVE-2022-32207 CVE-2022-32206 CVE-2022-32205 CVE-2022-30115 CVE-2022-27782 CVE-2022-27781 CVE-2022-27780 CVE-2022-27779 CVE-2022-27778 CVE-2022-27776 CVE-2022-27775 CVE-2022-27774 CVE-2022-22576 CVE-2021-22947 CVE-2021-22946 CVE-2021-22945 CVE-2021-22926 CVE-2021-22925 CVE-2021-22924 CVE-2021-22923 CVE-2021-22922 CVE-2021-22901 CVE-2021-22898 CVE-2021-22897 CVE-2021-22890 CVE-2021-22876 CVE-2020-8286 CVE-2020-8285 CVE-2020-8284 CVE-2020-8231 CVE-2020-8177 CVE-2020-8169 CVE-2022-36227 CVE-2021-31566 CVE-2021-36976 CVE-2021-3520 CVE-2022-35737 CVE-2018-25032 CVE-2022-37434 CVE-2020-15138 CVE-2022-37616 CVE-2021-29060 CVE-2022-38900 CVE-2020-28469 CVE-2022-46175 CVE-2022-37599 CVE-2022-37601 CVE-2022-37603 CVE-2022-3517 CVE-2022-31129 CVE-2021-23343 CVE-2021-23368 CVE-2021-23382 CVE-2022-43680 CVE-2022-24999 CVE-2020-7753 CVE-2022-25858 CVE-2021-3803 CVE-2021-33587 CVE-2020-8116 CVE-2020-13822 CVE-2022-33987 CVE-2022-4200 CVE-2022-42004 CVE-2023-1370 CVE-2019-20149 CVE-2020-8203 CVE-2019-10744 CVE-2022-40023 CVE-2019-10746 CVE-2021-33502 CVE-2021-27292 CVE-2021-33503 CVE-2020-7662 CVE-2020-7774 CVE-2022-23806 CVE-2022-23772 CVE-2021-43565 CVE-2022-30580 CVE-2022-30633 CVE-2022-28131 CVE-2022-30632 CVE-2022-41716 CVE-2022-28327 CVE-2022-24921 CVE-2022-30630 CVE-2022-27191 CVE-2022-23773 CVE-2022-30634 CVE-2022-41715 CVE-2022-24675 CVE-2022-41720 CVE-2022-27664 CVE-2022-2880 CVE-2022-29804 CVE-2022-32189 CVE-2022-30635 CVE-2022-30631 CVE-2022-2879 CVE-2022-1705 CVE-2022-1962 CVE-2022-29526 CVE-2022-32148 CVE-2022-30629 CVE-2017-16042 CVE-2021-20095,Critical,SVD-2023-0613 | Splunk Vulnerability Disclosure,9.0.0 to 9.0.4,2023-06-01,2024-01-09,https://advisory.splunk.com/advisories/SVD-2023-0613
enterprise:9.0.3,enterprise,Splunk Enterprise,9.0.3,9000003000,9.0.5,9000005000,SVD-2023-0613,Multiple (128) CVE-2022-40303 CVE-2022-40304 CVE-2023-0286 CVE-2023-0215 CVE-2022-4304 CVE-2023-27538 CVE-2023-27537 CVE-2023-27536 CVE-2023-27535 CVE-2023-27534 CVE-2023-27533 CVE-2023-23916 CVE-2023-23915 CVE-2023-23914 CVE-2022-43552 CVE-2022-43551 CVE-2022-42916 CVE-2022-42915 CVE-2022-35260 CVE-2022-32221 CVE-2022-35252 CVE-2022-32208 CVE-2022-32207 CVE-2022-32206 CVE-2022-32205 CVE-2022-30115 CVE-2022-27782 CVE-2022-27781 CVE-2022-27780 CVE-2022-27779 CVE-2022-27778 CVE-2022-27776 CVE-2022-27775 CVE-2022-27774 CVE-2022-22576 CVE-2021-22947 CVE-2021-22946 CVE-2021-22945 CVE-2021-22926 CVE-2021-22925 CVE-2021-22924 CVE-2021-22923 CVE-2021-22922 CVE-2021-22901 CVE-2021-22898 CVE-2021-22897 CVE-2021-22890 CVE-2021-22876 CVE-2020-8286 CVE-2020-8285 CVE-2020-8284 CVE-2020-8231 CVE-2020-8177 CVE-2020-8169 CVE-2022-36227 CVE-2021-31566 CVE-2021-36976 CVE-2021-3520 CVE-2022-35737 CVE-2018-25032 CVE-2022-37434 CVE-2020-15138 CVE-2022-37616 CVE-2021-29060 CVE-2022-38900 CVE-2020-28469 CVE-2022-46175 CVE-2022-37599 CVE-2022-37601 CVE-2022-37603 CVE-2022-3517 CVE-2022-31129 CVE-2021-23343 CVE-2021-23368 CVE-2021-23382 CVE-2022-43680 CVE-2022-24999 CVE-2020-7753 CVE-2022-25858 CVE-2021-3803 CVE-2021-33587 CVE-2020-8116 CVE-2020-13822 CVE-2022-33987 CVE-2022-4200 CVE-2022-42004 CVE-2023-1370 CVE-2019-20149 CVE-2020-8203 CVE-2019-10744 CVE-2022-40023 CVE-2019-10746 CVE-2021-33502 CVE-2021-27292 CVE-2021-33503 CVE-2020-7662 CVE-2020-7774 CVE-2022-23806 CVE-2022-23772 CVE-2021-43565 CVE-2022-30580 CVE-2022-30633 CVE-2022-28131 CVE-2022-30632 CVE-2022-41716 CVE-2022-28327 CVE-2022-24921 CVE-2022-30630 CVE-2022-27191 CVE-2022-23773 CVE-2022-30634 CVE-2022-41715 CVE-2022-24675 CVE-2022-41720 CVE-2022-27664 CVE-2022-2880 CVE-2022-29804 CVE-2022-32189 CVE-2022-30635 CVE-2022-30631 CVE-2022-2879 CVE-2022-1705 CVE-2022-1962 CVE-2022-29526 CVE-2022-32148 CVE-2022-30629 CVE-2017-16042 CVE-2021-20095,Critical,SVD-2023-0613 | Splunk Vulnerability Disclosure,9.0.0 to 9.0.4,2023-06-01,2024-01-09,https://advisory.splunk.com/advisories/SVD-2023-0613
enterprise:9.0.4,enterprise,Splunk Enterprise,9.0.4,9000004000,9.0.5,9000005000,SVD-2023-0613,Multiple (128) CVE-2022-40303 CVE-2022-40304 CVE-2023-0286 CVE-2023-0215 CVE-2022-4304 CVE-2023-27538 CVE-2023-27537 CVE-2023-27536 CVE-2023-27535 CVE-2023-27534 CVE-2023-27533 CVE-2023-23916 CVE-2023-23915 CVE-2023-23914 CVE-2022-43552 CVE-2022-43551 CVE-2022-42916 CVE-2022-42915 CVE-2022-35260 CVE-2022-32221 CVE-2022-35252 CVE-2022-32208 CVE-2022-32207 CVE-2022-32206 CVE-2022-32205 CVE-2022-30115 CVE-2022-27782 CVE-2022-27781 CVE-2022-27780 CVE-2022-27779 CVE-2022-27778 CVE-2022-27776 CVE-2022-27775 CVE-2022-27774 CVE-2022-22576 CVE-2021-22947 CVE-2021-22946 CVE-2021-22945 CVE-2021-22926 CVE-2021-22925 CVE-2021-22924 CVE-2021-22923 CVE-2021-22922 CVE-2021-22901 CVE-2021-22898 CVE-2021-22897 CVE-2021-22890 CVE-2021-22876 CVE-2020-8286 CVE-2020-8285 CVE-2020-8284 CVE-2020-8231 CVE-2020-8177 CVE-2020-8169 CVE-2022-36227 CVE-2021-31566 CVE-2021-36976 CVE-2021-3520 CVE-2022-35737 CVE-2018-25032 CVE-2022-37434 CVE-2020-15138 CVE-2022-37616 CVE-2021-29060 CVE-2022-38900 CVE-2020-28469 CVE-2022-46175 CVE-2022-37599 CVE-2022-37601 CVE-2022-37603 CVE-2022-3517 CVE-2022-31129 CVE-2021-23343 CVE-2021-23368 CVE-2021-23382 CVE-2022-43680 CVE-2022-24999 CVE-2020-7753 CVE-2022-25858 CVE-2021-3803 CVE-2021-33587 CVE-2020-8116 CVE-2020-13822 CVE-2022-33987 CVE-2022-4200 CVE-2022-42004 CVE-2023-1370 CVE-2019-20149 CVE-2020-8203 CVE-2019-10744 CVE-2022-40023 CVE-2019-10746 CVE-2021-33502 CVE-2021-27292 CVE-2021-33503 CVE-2020-7662 CVE-2020-7774 CVE-2022-23806 CVE-2022-23772 CVE-2021-43565 CVE-2022-30580 CVE-2022-30633 CVE-2022-28131 CVE-2022-30632 CVE-2022-41716 CVE-2022-28327 CVE-2022-24921 CVE-2022-30630 CVE-2022-27191 CVE-2022-23773 CVE-2022-30634 CVE-2022-41715 CVE-2022-24675 CVE-2022-41720 CVE-2022-27664 CVE-2022-2880 CVE-2022-29804 CVE-2022-32189 CVE-2022-30635 CVE-2022-30631 CVE-2022-2879 CVE-2022-1705 CVE-2022-1962 CVE-2022-29526 CVE-2022-32148 CVE-2022-30629 CVE-2017-16042 CVE-2021-20095,Critical,SVD-2023-0613 | Splunk Vulnerability Disclosure,9.0.0 to 9.0.4,2023-06-01,2024-01-09,https://advisory.splunk.com/advisories/SVD-2023-0613
enterprise:8.2.0,enterprise,Splunk Enterprise,8.2.0,8002000000,8.2.11.2,8002011002,SVD-2023-0606,CVE-2023-32712,High,SVD-2023-0606 | Splunk Vulnerability Disclosure,8.2.0 to 8.2.11.1,2023-06-01,2023-10-18,https://advisory.splunk.com/advisories/SVD-2023-0606
enterprise:8.2.1,enterprise,Splunk Enterprise,8.2.1,8002001000,8.2.11.2,8002011002,SVD-2023-0606,CVE-2023-32712,High,SVD-2023-0606 | Splunk Vulnerability Disclosure,8.2.0 to 8.2.11.1,2023-06-01,2023-10-18,https://advisory.splunk.com/advisories/SVD-2023-0606
enterprise:8.2.2,enterprise,Splunk Enterprise,8.2.2,8002002000,8.2.11.2,8002011002,SVD-2023-0606,CVE-2023-32712,High,SVD-2023-0606 | Splunk Vulnerability Disclosure,8.2.0 to 8.2.11.1,2023-06-01,2023-10-18,https://advisory.splunk.com/advisories/SVD-2023-0606
enterprise:8.2.3,enterprise,Splunk Enterprise,8.2.3,8002003000,8.2.11.2,8002011002,SVD-2023-0606,CVE-2023-32712,High,SVD-2023-0606 | Splunk Vulnerability Disclosure,8.2.0 to 8.2.11.1,2023-06-01,2023-10-18,https://advisory.splunk.com/advisories/SVD-2023-0606
enterprise:8.2.4,enterprise,Splunk Enterprise,8.2.4,8002004000,8.2.11.2,8002011002,SVD-2023-0606,CVE-2023-32712,High,SVD-2023-0606 | Splunk Vulnerability Disclosure,8.2.0 to 8.2.11.1,2023-06-01,2023-10-18,https://advisory.splunk.com/advisories/SVD-2023-0606
enterprise:8.2.5,enterprise,Splunk Enterprise,8.2.5,8002005000,8.2.11.2,8002011002,SVD-2023-0606,CVE-2023-32712,High,SVD-2023-0606 | Splunk Vulnerability Disclosure,8.2.0 to 8.2.11.1,2023-06-01,2023-10-18,https://advisory.splunk.com/advisories/SVD-2023-0606
enterprise:8.2.6,enterprise,Splunk Enterprise,8.2.6,8002006000,8.2.11.2,8002011002,SVD-2023-0606,CVE-2023-32712,High,SVD-2023-0606 | Splunk Vulnerability Disclosure,8.2.0 to 8.2.11.1,2023-06-01,2023-10-18,https://advisory.splunk.com/advisories/SVD-2023-0606
enterprise:8.2.7,enterprise,Splunk Enterprise,8.2.7,8002007000,8.2.11.2,8002011002,SVD-2023-0606,CVE-2023-32712,High,SVD-2023-0606 | Splunk Vulnerability Disclosure,8.2.0 to 8.2.11.1,2023-06-01,2023-10-18,https://advisory.splunk.com/advisories/SVD-2023-0606
enterprise:8.2.8,enterprise,Splunk Enterprise,8.2.8,8002008000,8.2.11.2,8002011002,SVD-2023-0606,CVE-2023-32712,High,SVD-2023-0606 | Splunk Vulnerability Disclosure,8.2.0 to 8.2.11.1,2023-06-01,2023-10-18,https://advisory.splunk.com/advisories/SVD-2023-0606
enterprise:8.2.9,enterprise,Splunk Enterprise,8.2.9,8002009000,8.2.11.2,8002011002,SVD-2023-0606,CVE-2023-32712,High,SVD-2023-0606 | Splunk Vulnerability Disclosure,8.2.0 to 8.2.11.1,2023-06-01,2023-10-18,https://advisory.splunk.com/advisories/SVD-2023-0606
enterprise:8.2.10,enterprise,Splunk Enterprise,8.2.10,8002010000,8.2.11.2,8002011002,SVD-2023-0606,CVE-2023-32712,High,SVD-2023-0606 | Splunk Vulnerability Disclosure,8.2.0 to 8.2.11.1,2023-06-01,2023-10-18,https://advisory.splunk.com/advisories/SVD-2023-0606
enterprise:8.2.11,enterprise,Splunk Enterprise,8.2.11,8002011000,8.2.11.2,8002011002,SVD-2023-0606,CVE-2023-32712,High,SVD-2023-0606 | Splunk Vulnerability Disclosure,8.2.0 to 8.2.11.1,2023-06-01,2023-10-18,https://advisory.splunk.com/advisories/SVD-2023-0606
enterprise:9.0.0,enterprise,Splunk Enterprise,9.0.0,9000000000,9.0.5.1,9000005001,SVD-2023-0606,CVE-2023-32712,High,SVD-2023-0606 | Splunk Vulnerability Disclosure,9.0.0 to 9.0.5,2023-06-01,2023-10-18,https://advisory.splunk.com/advisories/SVD-2023-0606
enterprise:9.0.1,enterprise,Splunk Enterprise,9.0.1,9000001000,9.0.5.1,9000005001,SVD-2023-0606,CVE-2023-32712,High,SVD-2023-0606 | Splunk Vulnerability Disclosure,9.0.0 to 9.0.5,2023-06-01,2023-10-18,https://advisory.splunk.com/advisories/SVD-2023-0606
enterprise:9.0.2,enterprise,Splunk Enterprise,9.0.2,9000002000,9.0.5.1,9000005001,SVD-2023-0606,CVE-2023-32712,High,SVD-2023-0606 | Splunk Vulnerability Disclosure,9.0.0 to 9.0.5,2023-06-01,2023-10-18,https://advisory.splunk.com/advisories/SVD-2023-0606
enterprise:9.0.3,enterprise,Splunk Enterprise,9.0.3,9000003000,9.0.5.1,9000005001,SVD-2023-0606,CVE-2023-32712,High,SVD-2023-0606 | Splunk Vulnerability Disclosure,9.0.0 to 9.0.5,2023-06-01,2023-10-18,https://advisory.splunk.com/advisories/SVD-2023-0606
enterprise:9.0.4,enterprise,Splunk Enterprise,9.0.4,9000004000,9.0.5.1,9000005001,SVD-2023-0606,CVE-2023-32712,High,SVD-2023-0606 | Splunk Vulnerability Disclosure,9.0.0 to 9.0.5,2023-06-01,2023-10-18,https://advisory.splunk.com/advisories/SVD-2023-0606
enterprise:9.0.5,enterprise,Splunk Enterprise,9.0.5,9000005000,9.0.5.1,9000005001,SVD-2023-0606,CVE-2023-32712,High,SVD-2023-0606 | Splunk Vulnerability Disclosure,9.0.0 to 9.0.5,2023-06-01,2023-10-18,https://advisory.splunk.com/advisories/SVD-2023-0606
enterprise:9.1.0,enterprise,Splunk Enterprise,9.1.0,9001000000,9.1.0.2,9001000002,SVD-2023-0606,CVE-2023-32712,High,SVD-2023-0606 | Splunk Vulnerability Disclosure,9.1.0 to 9.1.0.1,2023-06-01,2023-10-18,https://advisory.splunk.com/advisories/SVD-2023-0606
forwarder:8.2.11,forwarder,Universal Forwarder,8.2.11,8002011000,8.2.12,8002012000,SVD-2023-0606,CVE-2023-32712,High,SVD-2023-0606 | Splunk Vulnerability Disclosure,8.2.11 and below,2023-06-01,2023-10-18,https://advisory.splunk.com/advisories/SVD-2023-0606
forwarder:9.0.0,forwarder,Universal Forwarder,9.0.0,9000000000,9.0.6,9000006000,SVD-2023-0606,CVE-2023-32712,High,SVD-2023-0606 | Splunk Vulnerability Disclosure,9.0.0 to 9.0.5,2023-06-01,2023-10-18,https://advisory.splunk.com/advisories/SVD-2023-0606
forwarder:9.0.1,forwarder,Universal Forwarder,9.0.1,9000001000,9.0.6,9000006000,SVD-2023-0606,CVE-2023-32712,High,SVD-2023-0606 | Splunk Vulnerability Disclosure,9.0.0 to 9.0.5,2023-06-01,2023-10-18,https://advisory.splunk.com/advisories/SVD-2023-0606
forwarder:9.0.2,forwarder,Universal Forwarder,9.0.2,9000002000,9.0.6,9000006000,SVD-2023-0606,CVE-2023-32712,High,SVD-2023-0606 | Splunk Vulnerability Disclosure,9.0.0 to 9.0.5,2023-06-01,2023-10-18,https://advisory.splunk.com/advisories/SVD-2023-0606
forwarder:9.0.3,forwarder,Universal Forwarder,9.0.3,9000003000,9.0.6,9000006000,SVD-2023-0606,CVE-2023-32712,High,SVD-2023-0606 | Splunk Vulnerability Disclosure,9.0.0 to 9.0.5,2023-06-01,2023-10-18,https://advisory.splunk.com/advisories/SVD-2023-0606
forwarder:9.0.4,forwarder,Universal Forwarder,9.0.4,9000004000,9.0.6,9000006000,SVD-2023-0606,CVE-2023-32712,High,SVD-2023-0606 | Splunk Vulnerability Disclosure,9.0.0 to 9.0.5,2023-06-01,2023-10-18,https://advisory.splunk.com/advisories/SVD-2023-0606
forwarder:9.0.5,forwarder,Universal Forwarder,9.0.5,9000005000,9.0.6,9000006000,SVD-2023-0606,CVE-2023-32712,High,SVD-2023-0606 | Splunk Vulnerability Disclosure,9.0.0 to 9.0.5,2023-06-01,2023-10-18,https://advisory.splunk.com/advisories/SVD-2023-0606
forwarder:9.1.0,forwarder,Universal Forwarder,9.1.0,9001000000,9.1.1,9001001000,SVD-2023-0606,CVE-2023-32712,High,SVD-2023-0606 | Splunk Vulnerability Disclosure,9.1.0 to 9.1.0.1,2023-06-01,2023-10-18,https://advisory.splunk.com/advisories/SVD-2023-0606
enterprise:8.1.0,enterprise,Splunk Enterprise,8.1.0,8001000000,8.1.13,8001013000,SVD-2023-0215,Multiple (9) CVE-2021-21419 CVE-2021-28957 CVE-2022-24785 CVE-2022-31129 CVE-2022-32212 CVE-2015-20107 CVE-2021-3517 CVE-2021-3537 CVE-2021-3518,High,SVD-2023-0215 | Splunk Vulnerability Disclosure,8.1.12 and lower,2023-02-14,2023-02-14,https://advisory.splunk.com/advisories/SVD-2023-0215
enterprise:8.1.1,enterprise,Splunk Enterprise,8.1.1,8001001000,8.1.13,8001013000,SVD-2023-0215,Multiple (9) CVE-2021-21419 CVE-2021-28957 CVE-2022-24785 CVE-2022-31129 CVE-2022-32212 CVE-2015-20107 CVE-2021-3517 CVE-2021-3537 CVE-2021-3518,High,SVD-2023-0215 | Splunk Vulnerability Disclosure,8.1.12 and lower,2023-02-14,2023-02-14,https://advisory.splunk.com/advisories/SVD-2023-0215
enterprise:8.1.2,enterprise,Splunk Enterprise,8.1.2,8001002000,8.1.13,8001013000,SVD-2023-0215,Multiple (9) CVE-2021-21419 CVE-2021-28957 CVE-2022-24785 CVE-2022-31129 CVE-2022-32212 CVE-2015-20107 CVE-2021-3517 CVE-2021-3537 CVE-2021-3518,High,SVD-2023-0215 | Splunk Vulnerability Disclosure,8.1.12 and lower,2023-02-14,2023-02-14,https://advisory.splunk.com/advisories/SVD-2023-0215
enterprise:8.1.3,enterprise,Splunk Enterprise,8.1.3,8001003000,8.1.13,8001013000,SVD-2023-0215,Multiple (9) CVE-2021-21419 CVE-2021-28957 CVE-2022-24785 CVE-2022-31129 CVE-2022-32212 CVE-2015-20107 CVE-2021-3517 CVE-2021-3537 CVE-2021-3518,High,SVD-2023-0215 | Splunk Vulnerability Disclosure,8.1.12 and lower,2023-02-14,2023-02-14,https://advisory.splunk.com/advisories/SVD-2023-0215
enterprise:8.1.4,enterprise,Splunk Enterprise,8.1.4,8001004000,8.1.13,8001013000,SVD-2023-0215,Multiple (9) CVE-2021-21419 CVE-2021-28957 CVE-2022-24785 CVE-2022-31129 CVE-2022-32212 CVE-2015-20107 CVE-2021-3517 CVE-2021-3537 CVE-2021-3518,High,SVD-2023-0215 | Splunk Vulnerability Disclosure,8.1.12 and lower,2023-02-14,2023-02-14,https://advisory.splunk.com/advisories/SVD-2023-0215
enterprise:8.1.5,enterprise,Splunk Enterprise,8.1.5,8001005000,8.1.13,8001013000,SVD-2023-0215,Multiple (9) CVE-2021-21419 CVE-2021-28957 CVE-2022-24785 CVE-2022-31129 CVE-2022-32212 CVE-2015-20107 CVE-2021-3517 CVE-2021-3537 CVE-2021-3518,High,SVD-2023-0215 | Splunk Vulnerability Disclosure,8.1.12 and lower,2023-02-14,2023-02-14,https://advisory.splunk.com/advisories/SVD-2023-0215
enterprise:8.1.6,enterprise,Splunk Enterprise,8.1.6,8001006000,8.1.13,8001013000,SVD-2023-0215,Multiple (9) CVE-2021-21419 CVE-2021-28957 CVE-2022-24785 CVE-2022-31129 CVE-2022-32212 CVE-2015-20107 CVE-2021-3517 CVE-2021-3537 CVE-2021-3518,High,SVD-2023-0215 | Splunk Vulnerability Disclosure,8.1.12 and lower,2023-02-14,2023-02-14,https://advisory.splunk.com/advisories/SVD-2023-0215
enterprise:8.1.7,enterprise,Splunk Enterprise,8.1.7,8001007000,8.1.13,8001013000,SVD-2023-0215,Multiple (9) CVE-2021-21419 CVE-2021-28957 CVE-2022-24785 CVE-2022-31129 CVE-2022-32212 CVE-2015-20107 CVE-2021-3517 CVE-2021-3537 CVE-2021-3518,High,SVD-2023-0215 | Splunk Vulnerability Disclosure,8.1.12 and lower,2023-02-14,2023-02-14,https://advisory.splunk.com/advisories/SVD-2023-0215
enterprise:8.1.8,enterprise,Splunk Enterprise,8.1.8,8001008000,8.1.13,8001013000,SVD-2023-0215,Multiple (9) CVE-2021-21419 CVE-2021-28957 CVE-2022-24785 CVE-2022-31129 CVE-2022-32212 CVE-2015-20107 CVE-2021-3517 CVE-2021-3537 CVE-2021-3518,High,SVD-2023-0215 | Splunk Vulnerability Disclosure,8.1.12 and lower,2023-02-14,2023-02-14,https://advisory.splunk.com/advisories/SVD-2023-0215
enterprise:8.1.9,enterprise,Splunk Enterprise,8.1.9,8001009000,8.1.13,8001013000,SVD-2023-0215,Multiple (9) CVE-2021-21419 CVE-2021-28957 CVE-2022-24785 CVE-2022-31129 CVE-2022-32212 CVE-2015-20107 CVE-2021-3517 CVE-2021-3537 CVE-2021-3518,High,SVD-2023-0215 | Splunk Vulnerability Disclosure,8.1.12 and lower,2023-02-14,2023-02-14,https://advisory.splunk.com/advisories/SVD-2023-0215
enterprise:8.1.10,enterprise,Splunk Enterprise,8.1.10,8001010000,8.1.13,8001013000,SVD-2023-0215,Multiple (9) CVE-2021-21419 CVE-2021-28957 CVE-2022-24785 CVE-2022-31129 CVE-2022-32212 CVE-2015-20107 CVE-2021-3517 CVE-2021-3537 CVE-2021-3518,High,SVD-2023-0215 | Splunk Vulnerability Disclosure,8.1.12 and lower,2023-02-14,2023-02-14,https://advisory.splunk.com/advisories/SVD-2023-0215
enterprise:8.1.11,enterprise,Splunk Enterprise,8.1.11,8001011000,8.1.13,8001013000,SVD-2023-0215,Multiple (9) CVE-2021-21419 CVE-2021-28957 CVE-2022-24785 CVE-2022-31129 CVE-2022-32212 CVE-2015-20107 CVE-2021-3517 CVE-2021-3537 CVE-2021-3518,High,SVD-2023-0215 | Splunk Vulnerability Disclosure,8.1.12 and lower,2023-02-14,2023-02-14,https://advisory.splunk.com/advisories/SVD-2023-0215
enterprise:8.1.12,enterprise,Splunk Enterprise,8.1.12,8001012000,8.1.13,8001013000,SVD-2023-0215,Multiple (9) CVE-2021-21419 CVE-2021-28957 CVE-2022-24785 CVE-2022-31129 CVE-2022-32212 CVE-2015-20107 CVE-2021-3517 CVE-2021-3537 CVE-2021-3518,High,SVD-2023-0215 | Splunk Vulnerability Disclosure,8.1.12 and lower,2023-02-14,2023-02-14,https://advisory.splunk.com/advisories/SVD-2023-0215
enterprise:8.2.0,enterprise,Splunk Enterprise,8.2.0,8002000000,8.2.10,8002010000,SVD-2023-0215,Multiple (9) CVE-2021-21419 CVE-2021-28957 CVE-2022-24785 CVE-2022-31129 CVE-2022-32212 CVE-2015-20107 CVE-2021-3517 CVE-2021-3537 CVE-2021-3518,High,SVD-2023-0215 | Splunk Vulnerability Disclosure,8.2.0 to 8.2.9,2023-02-14,2023-02-14,https://advisory.splunk.com/advisories/SVD-2023-0215
enterprise:8.2.1,enterprise,Splunk Enterprise,8.2.1,8002001000,8.2.10,8002010000,SVD-2023-0215,Multiple (9) CVE-2021-21419 CVE-2021-28957 CVE-2022-24785 CVE-2022-31129 CVE-2022-32212 CVE-2015-20107 CVE-2021-3517 CVE-2021-3537 CVE-2021-3518,High,SVD-2023-0215 | Splunk Vulnerability Disclosure,8.2.0 to 8.2.9,2023-02-14,2023-02-14,https://advisory.splunk.com/advisories/SVD-2023-0215
enterprise:8.2.2,enterprise,Splunk Enterprise,8.2.2,8002002000,8.2.10,8002010000,SVD-2023-0215,Multiple (9) CVE-2021-21419 CVE-2021-28957 CVE-2022-24785 CVE-2022-31129 CVE-2022-32212 CVE-2015-20107 CVE-2021-3517 CVE-2021-3537 CVE-2021-3518,High,SVD-2023-0215 | Splunk Vulnerability Disclosure,8.2.0 to 8.2.9,2023-02-14,2023-02-14,https://advisory.splunk.com/advisories/SVD-2023-0215
enterprise:8.2.3,enterprise,Splunk Enterprise,8.2.3,8002003000,8.2.10,8002010000,SVD-2023-0215,Multiple (9) CVE-2021-21419 CVE-2021-28957 CVE-2022-24785 CVE-2022-31129 CVE-2022-32212 CVE-2015-20107 CVE-2021-3517 CVE-2021-3537 CVE-2021-3518,High,SVD-2023-0215 | Splunk Vulnerability Disclosure,8.2.0 to 8.2.9,2023-02-14,2023-02-14,https://advisory.splunk.com/advisories/SVD-2023-0215
enterprise:8.2.4,enterprise,Splunk Enterprise,8.2.4,8002004000,8.2.10,8002010000,SVD-2023-0215,Multiple (9) CVE-2021-21419 CVE-2021-28957 CVE-2022-24785 CVE-2022-31129 CVE-2022-32212 CVE-2015-20107 CVE-2021-3517 CVE-2021-3537 CVE-2021-3518,High,SVD-2023-0215 | Splunk Vulnerability Disclosure,8.2.0 to 8.2.9,2023-02-14,2023-02-14,https://advisory.splunk.com/advisories/SVD-2023-0215
enterprise:8.2.5,enterprise,Splunk Enterprise,8.2.5,8002005000,8.2.10,8002010000,SVD-2023-0215,Multiple (9) CVE-2021-21419 CVE-2021-28957 CVE-2022-24785 CVE-2022-31129 CVE-2022-32212 CVE-2015-20107 CVE-2021-3517 CVE-2021-3537 CVE-2021-3518,High,SVD-2023-0215 | Splunk Vulnerability Disclosure,8.2.0 to 8.2.9,2023-02-14,2023-02-14,https://advisory.splunk.com/advisories/SVD-2023-0215
enterprise:8.2.6,enterprise,Splunk Enterprise,8.2.6,8002006000,8.2.10,8002010000,SVD-2023-0215,Multiple (9) CVE-2021-21419 CVE-2021-28957 CVE-2022-24785 CVE-2022-31129 CVE-2022-32212 CVE-2015-20107 CVE-2021-3517 CVE-2021-3537 CVE-2021-3518,High,SVD-2023-0215 | Splunk Vulnerability Disclosure,8.2.0 to 8.2.9,2023-02-14,2023-02-14,https://advisory.splunk.com/advisories/SVD-2023-0215
enterprise:8.2.7,enterprise,Splunk Enterprise,8.2.7,8002007000,8.2.10,8002010000,SVD-2023-0215,Multiple (9) CVE-2021-21419 CVE-2021-28957 CVE-2022-24785 CVE-2022-31129 CVE-2022-32212 CVE-2015-20107 CVE-2021-3517 CVE-2021-3537 CVE-2021-3518,High,SVD-2023-0215 | Splunk Vulnerability Disclosure,8.2.0 to 8.2.9,2023-02-14,2023-02-14,https://advisory.splunk.com/advisories/SVD-2023-0215
enterprise:8.2.8,enterprise,Splunk Enterprise,8.2.8,8002008000,8.2.10,8002010000,SVD-2023-0215,Multiple (9) CVE-2021-21419 CVE-2021-28957 CVE-2022-24785 CVE-2022-31129 CVE-2022-32212 CVE-2015-20107 CVE-2021-3517 CVE-2021-3537 CVE-2021-3518,High,SVD-2023-0215 | Splunk Vulnerability Disclosure,8.2.0 to 8.2.9,2023-02-14,2023-02-14,https://advisory.splunk.com/advisories/SVD-2023-0215
enterprise:8.2.9,enterprise,Splunk Enterprise,8.2.9,8002009000,8.2.10,8002010000,SVD-2023-0215,Multiple (9) CVE-2021-21419 CVE-2021-28957 CVE-2022-24785 CVE-2022-31129 CVE-2022-32212 CVE-2015-20107 CVE-2021-3517 CVE-2021-3537 CVE-2021-3518,High,SVD-2023-0215 | Splunk Vulnerability Disclosure,8.2.0 to 8.2.9,2023-02-14,2023-02-14,https://advisory.splunk.com/advisories/SVD-2023-0215
enterprise:9.0.0,enterprise,Splunk Enterprise,9.0.0,9000000000,9.0.4,9000004000,SVD-2023-0215,Multiple (9) CVE-2021-21419 CVE-2021-28957 CVE-2022-24785 CVE-2022-31129 CVE-2022-32212 CVE-2015-20107 CVE-2021-3517 CVE-2021-3537 CVE-2021-3518,High,SVD-2023-0215 | Splunk Vulnerability Disclosure,9.0.0 to 9.0.3,2023-02-14,2023-02-14,https://advisory.splunk.com/advisories/SVD-2023-0215
enterprise:9.0.1,enterprise,Splunk Enterprise,9.0.1,9000001000,9.0.4,9000004000,SVD-2023-0215,Multiple (9) CVE-2021-21419 CVE-2021-28957 CVE-2022-24785 CVE-2022-31129 CVE-2022-32212 CVE-2015-20107 CVE-2021-3517 CVE-2021-3537 CVE-2021-3518,High,SVD-2023-0215 | Splunk Vulnerability Disclosure,9.0.0 to 9.0.3,2023-02-14,2023-02-14,https://advisory.splunk.com/advisories/SVD-2023-0215
enterprise:9.0.2,enterprise,Splunk Enterprise,9.0.2,9000002000,9.0.4,9000004000,SVD-2023-0215,Multiple (9) CVE-2021-21419 CVE-2021-28957 CVE-2022-24785 CVE-2022-31129 CVE-2022-32212 CVE-2015-20107 CVE-2021-3517 CVE-2021-3537 CVE-2021-3518,High,SVD-2023-0215 | Splunk Vulnerability Disclosure,9.0.0 to 9.0.3,2023-02-14,2023-02-14,https://advisory.splunk.com/advisories/SVD-2023-0215
enterprise:9.0.3,enterprise,Splunk Enterprise,9.0.3,9000003000,9.0.4,9000004000,SVD-2023-0215,Multiple (9) CVE-2021-21419 CVE-2021-28957 CVE-2022-24785 CVE-2022-31129 CVE-2022-32212 CVE-2015-20107 CVE-2021-3517 CVE-2021-3537 CVE-2021-3518,High,SVD-2023-0215 | Splunk Vulnerability Disclosure,9.0.0 to 9.0.3,2023-02-14,2023-02-14,https://advisory.splunk.com/advisories/SVD-2023-0215
enterprise:9.0.0,enterprise,Splunk Enterprise,9.0.0,9000000000,9.0.4,9000004000,SVD-2023-0202,CVE-2023-22932,High,SVD-2023-0202 | Splunk Vulnerability Disclosure,9.0.0 to 9.0.3,2023-02-14,2023-02-14,https://advisory.splunk.com/advisories/SVD-2023-0202
enterprise:9.0.1,enterprise,Splunk Enterprise,9.0.1,9000001000,9.0.4,9000004000,SVD-2023-0202,CVE-2023-22932,High,SVD-2023-0202 | Splunk Vulnerability Disclosure,9.0.0 to 9.0.3,2023-02-14,2023-02-14,https://advisory.splunk.com/advisories/SVD-2023-0202
enterprise:9.0.2,enterprise,Splunk Enterprise,9.0.2,9000002000,9.0.4,9000004000,SVD-2023-0202,CVE-2023-22932,High,SVD-2023-0202 | Splunk Vulnerability Disclosure,9.0.0 to 9.0.3,2023-02-14,2023-02-14,https://advisory.splunk.com/advisories/SVD-2023-0202
enterprise:9.0.3,enterprise,Splunk Enterprise,9.0.3,9000003000,9.0.4,9000004000,SVD-2023-0202,CVE-2023-22932,High,SVD-2023-0202 | Splunk Vulnerability Disclosure,9.0.0 to 9.0.3,2023-02-14,2023-02-14,https://advisory.splunk.com/advisories/SVD-2023-0202
enterprise:8.1.0,enterprise,Splunk Enterprise,8.1.0,8001000000,8.1.12,8001012000,SVD-2022-1113,Multiple (2) CVE-2020-36518 CVE-2021-32036,High,SVD-2022-1113 | Splunk Vulnerability Disclosure,8.1.11 and lower,2022-11-02,2023-02-14,https://advisory.splunk.com/advisories/SVD-2022-1113
enterprise:8.1.1,enterprise,Splunk Enterprise,8.1.1,8001001000,8.1.12,8001012000,SVD-2022-1113,Multiple (2) CVE-2020-36518 CVE-2021-32036,High,SVD-2022-1113 | Splunk Vulnerability Disclosure,8.1.11 and lower,2022-11-02,2023-02-14,https://advisory.splunk.com/advisories/SVD-2022-1113
enterprise:8.1.2,enterprise,Splunk Enterprise,8.1.2,8001002000,8.1.12,8001012000,SVD-2022-1113,Multiple (2) CVE-2020-36518 CVE-2021-32036,High,SVD-2022-1113 | Splunk Vulnerability Disclosure,8.1.11 and lower,2022-11-02,2023-02-14,https://advisory.splunk.com/advisories/SVD-2022-1113
enterprise:8.1.3,enterprise,Splunk Enterprise,8.1.3,8001003000,8.1.12,8001012000,SVD-2022-1113,Multiple (2) CVE-2020-36518 CVE-2021-32036,High,SVD-2022-1113 | Splunk Vulnerability Disclosure,8.1.11 and lower,2022-11-02,2023-02-14,https://advisory.splunk.com/advisories/SVD-2022-1113
enterprise:8.1.4,enterprise,Splunk Enterprise,8.1.4,8001004000,8.1.12,8001012000,SVD-2022-1113,Multiple (2) CVE-2020-36518 CVE-2021-32036,High,SVD-2022-1113 | Splunk Vulnerability Disclosure,8.1.11 and lower,2022-11-02,2023-02-14,https://advisory.splunk.com/advisories/SVD-2022-1113
enterprise:8.1.5,enterprise,Splunk Enterprise,8.1.5,8001005000,8.1.12,8001012000,SVD-2022-1113,Multiple (2) CVE-2020-36518 CVE-2021-32036,High,SVD-2022-1113 | Splunk Vulnerability Disclosure,8.1.11 and lower,2022-11-02,2023-02-14,https://advisory.splunk.com/advisories/SVD-2022-1113
enterprise:8.1.6,enterprise,Splunk Enterprise,8.1.6,8001006000,8.1.12,8001012000,SVD-2022-1113,Multiple (2) CVE-2020-36518 CVE-2021-32036,High,SVD-2022-1113 | Splunk Vulnerability Disclosure,8.1.11 and lower,2022-11-02,2023-02-14,https://advisory.splunk.com/advisories/SVD-2022-1113
enterprise:8.1.7,enterprise,Splunk Enterprise,8.1.7,8001007000,8.1.12,8001012000,SVD-2022-1113,Multiple (2) CVE-2020-36518 CVE-2021-32036,High,SVD-2022-1113 | Splunk Vulnerability Disclosure,8.1.11 and lower,2022-11-02,2023-02-14,https://advisory.splunk.com/advisories/SVD-2022-1113
enterprise:8.1.8,enterprise,Splunk Enterprise,8.1.8,8001008000,8.1.12,8001012000,SVD-2022-1113,Multiple (2) CVE-2020-36518 CVE-2021-32036,High,SVD-2022-1113 | Splunk Vulnerability Disclosure,8.1.11 and lower,2022-11-02,2023-02-14,https://advisory.splunk.com/advisories/SVD-2022-1113
enterprise:8.1.9,enterprise,Splunk Enterprise,8.1.9,8001009000,8.1.12,8001012000,SVD-2022-1113,Multiple (2) CVE-2020-36518 CVE-2021-32036,High,SVD-2022-1113 | Splunk Vulnerability Disclosure,8.1.11 and lower,2022-11-02,2023-02-14,https://advisory.splunk.com/advisories/SVD-2022-1113
enterprise:8.1.10,enterprise,Splunk Enterprise,8.1.10,8001010000,8.1.12,8001012000,SVD-2022-1113,Multiple (2) CVE-2020-36518 CVE-2021-32036,High,SVD-2022-1113 | Splunk Vulnerability Disclosure,8.1.11 and lower,2022-11-02,2023-02-14,https://advisory.splunk.com/advisories/SVD-2022-1113
enterprise:8.1.11,enterprise,Splunk Enterprise,8.1.11,8001011000,8.1.12,8001012000,SVD-2022-1113,Multiple (2) CVE-2020-36518 CVE-2021-32036,High,SVD-2022-1113 | Splunk Vulnerability Disclosure,8.1.11 and lower,2022-11-02,2023-02-14,https://advisory.splunk.com/advisories/SVD-2022-1113
enterprise:8.2.0,enterprise,Splunk Enterprise,8.2.0,8002000000,8.2.9,8002009000,SVD-2022-1113,Multiple (2) CVE-2020-36518 CVE-2021-32036,High,SVD-2022-1113 | Splunk Vulnerability Disclosure,8.2.0 to 8.2.8,2022-11-02,2023-02-14,https://advisory.splunk.com/advisories/SVD-2022-1113
enterprise:8.2.1,enterprise,Splunk Enterprise,8.2.1,8002001000,8.2.9,8002009000,SVD-2022-1113,Multiple (2) CVE-2020-36518 CVE-2021-32036,High,SVD-2022-1113 | Splunk Vulnerability Disclosure,8.2.0 to 8.2.8,2022-11-02,2023-02-14,https://advisory.splunk.com/advisories/SVD-2022-1113
enterprise:8.2.2,enterprise,Splunk Enterprise,8.2.2,8002002000,8.2.9,8002009000,SVD-2022-1113,Multiple (2) CVE-2020-36518 CVE-2021-32036,High,SVD-2022-1113 | Splunk Vulnerability Disclosure,8.2.0 to 8.2.8,2022-11-02,2023-02-14,https://advisory.splunk.com/advisories/SVD-2022-1113
enterprise:8.2.3,enterprise,Splunk Enterprise,8.2.3,8002003000,8.2.9,8002009000,SVD-2022-1113,Multiple (2) CVE-2020-36518 CVE-2021-32036,High,SVD-2022-1113 | Splunk Vulnerability Disclosure,8.2.0 to 8.2.8,2022-11-02,2023-02-14,https://advisory.splunk.com/advisories/SVD-2022-1113
enterprise:8.2.4,enterprise,Splunk Enterprise,8.2.4,8002004000,8.2.9,8002009000,SVD-2022-1113,Multiple (2) CVE-2020-36518 CVE-2021-32036,High,SVD-2022-1113 | Splunk Vulnerability Disclosure,8.2.0 to 8.2.8,2022-11-02,2023-02-14,https://advisory.splunk.com/advisories/SVD-2022-1113
enterprise:8.2.5,enterprise,Splunk Enterprise,8.2.5,8002005000,8.2.9,8002009000,SVD-2022-1113,Multiple (2) CVE-2020-36518 CVE-2021-32036,High,SVD-2022-1113 | Splunk Vulnerability Disclosure,8.2.0 to 8.2.8,2022-11-02,2023-02-14,https://advisory.splunk.com/advisories/SVD-2022-1113
enterprise:8.2.6,enterprise,Splunk Enterprise,8.2.6,8002006000,8.2.9,8002009000,SVD-2022-1113,Multiple (2) CVE-2020-36518 CVE-2021-32036,High,SVD-2022-1113 | Splunk Vulnerability Disclosure,8.2.0 to 8.2.8,2022-11-02,2023-02-14,https://advisory.splunk.com/advisories/SVD-2022-1113
enterprise:8.2.7,enterprise,Splunk Enterprise,8.2.7,8002007000,8.2.9,8002009000,SVD-2022-1113,Multiple (2) CVE-2020-36518 CVE-2021-32036,High,SVD-2022-1113 | Splunk Vulnerability Disclosure,8.2.0 to 8.2.8,2022-11-02,2023-02-14,https://advisory.splunk.com/advisories/SVD-2022-1113
enterprise:8.2.8,enterprise,Splunk Enterprise,8.2.8,8002008000,8.2.9,8002009000,SVD-2022-1113,Multiple (2) CVE-2020-36518 CVE-2021-32036,High,SVD-2022-1113 | Splunk Vulnerability Disclosure,8.2.0 to 8.2.8,2022-11-02,2023-02-14,https://advisory.splunk.com/advisories/SVD-2022-1113
enterprise:9.0.0,enterprise,Splunk Enterprise,9.0.0,9000000000,9.0.2,9000002000,SVD-2022-1113,Multiple (2) CVE-2020-36518 CVE-2021-32036,High,SVD-2022-1113 | Splunk Vulnerability Disclosure,9.0.0 to 9.0.1,2022-11-02,2023-02-14,https://advisory.splunk.com/advisories/SVD-2022-1113
enterprise:9.0.1,enterprise,Splunk Enterprise,9.0.1,9000001000,9.0.2,9000002000,SVD-2022-1113,Multiple (2) CVE-2020-36518 CVE-2021-32036,High,SVD-2022-1113 | Splunk Vulnerability Disclosure,9.0.0 to 9.0.1,2022-11-02,2023-02-14,https://advisory.splunk.com/advisories/SVD-2022-1113
enterprise:8.1.0,enterprise,Splunk Enterprise,8.1.0,8001000000,8.1.12,8001012000,SVD-2022-1111,CVE-2022-43571,High,SVD-2022-1111 | Splunk Vulnerability Disclosure,8.1.11 and lower,2022-11-02,2022-11-02,https://advisory.splunk.com/advisories/SVD-2022-1111
enterprise:8.1.1,enterprise,Splunk Enterprise,8.1.1,8001001000,8.1.12,8001012000,SVD-2022-1111,CVE-2022-43571,High,SVD-2022-1111 | Splunk Vulnerability Disclosure,8.1.11 and lower,2022-11-02,2022-11-02,https://advisory.splunk.com/advisories/SVD-2022-1111
enterprise:8.1.2,enterprise,Splunk Enterprise,8.1.2,8001002000,8.1.12,8001012000,SVD-2022-1111,CVE-2022-43571,High,SVD-2022-1111 | Splunk Vulnerability Disclosure,8.1.11 and lower,2022-11-02,2022-11-02,https://advisory.splunk.com/advisories/SVD-2022-1111
enterprise:8.1.3,enterprise,Splunk Enterprise,8.1.3,8001003000,8.1.12,8001012000,SVD-2022-1111,CVE-2022-43571,High,SVD-2022-1111 | Splunk Vulnerability Disclosure,8.1.11 and lower,2022-11-02,2022-11-02,https://advisory.splunk.com/advisories/SVD-2022-1111
enterprise:8.1.4,enterprise,Splunk Enterprise,8.1.4,8001004000,8.1.12,8001012000,SVD-2022-1111,CVE-2022-43571,High,SVD-2022-1111 | Splunk Vulnerability Disclosure,8.1.11 and lower,2022-11-02,2022-11-02,https://advisory.splunk.com/advisories/SVD-2022-1111
enterprise:8.1.5,enterprise,Splunk Enterprise,8.1.5,8001005000,8.1.12,8001012000,SVD-2022-1111,CVE-2022-43571,High,SVD-2022-1111 | Splunk Vulnerability Disclosure,8.1.11 and lower,2022-11-02,2022-11-02,https://advisory.splunk.com/advisories/SVD-2022-1111
enterprise:8.1.6,enterprise,Splunk Enterprise,8.1.6,8001006000,8.1.12,8001012000,SVD-2022-1111,CVE-2022-43571,High,SVD-2022-1111 | Splunk Vulnerability Disclosure,8.1.11 and lower,2022-11-02,2022-11-02,https://advisory.splunk.com/advisories/SVD-2022-1111
enterprise:8.1.7,enterprise,Splunk Enterprise,8.1.7,8001007000,8.1.12,8001012000,SVD-2022-1111,CVE-2022-43571,High,SVD-2022-1111 | Splunk Vulnerability Disclosure,8.1.11 and lower,2022-11-02,2022-11-02,https://advisory.splunk.com/advisories/SVD-2022-1111
enterprise:8.1.8,enterprise,Splunk Enterprise,8.1.8,8001008000,8.1.12,8001012000,SVD-2022-1111,CVE-2022-43571,High,SVD-2022-1111 | Splunk Vulnerability Disclosure,8.1.11 and lower,2022-11-02,2022-11-02,https://advisory.splunk.com/advisories/SVD-2022-1111
enterprise:8.1.9,enterprise,Splunk Enterprise,8.1.9,8001009000,8.1.12,8001012000,SVD-2022-1111,CVE-2022-43571,High,SVD-2022-1111 | Splunk Vulnerability Disclosure,8.1.11 and lower,2022-11-02,2022-11-02,https://advisory.splunk.com/advisories/SVD-2022-1111
enterprise:8.1.10,enterprise,Splunk Enterprise,8.1.10,8001010000,8.1.12,8001012000,SVD-2022-1111,CVE-2022-43571,High,SVD-2022-1111 | Splunk Vulnerability Disclosure,8.1.11 and lower,2022-11-02,2022-11-02,https://advisory.splunk.com/advisories/SVD-2022-1111
enterprise:8.1.11,enterprise,Splunk Enterprise,8.1.11,8001011000,8.1.12,8001012000,SVD-2022-1111,CVE-2022-43571,High,SVD-2022-1111 | Splunk Vulnerability Disclosure,8.1.11 and lower,2022-11-02,2022-11-02,https://advisory.splunk.com/advisories/SVD-2022-1111
enterprise:8.2.0,enterprise,Splunk Enterprise,8.2.0,8002000000,8.2.9,8002009000,SVD-2022-1111,CVE-2022-43571,High,SVD-2022-1111 | Splunk Vulnerability Disclosure,8.2.0 to 8.2.8,2022-11-02,2022-11-02,https://advisory.splunk.com/advisories/SVD-2022-1111
enterprise:8.2.1,enterprise,Splunk Enterprise,8.2.1,8002001000,8.2.9,8002009000,SVD-2022-1111,CVE-2022-43571,High,SVD-2022-1111 | Splunk Vulnerability Disclosure,8.2.0 to 8.2.8,2022-11-02,2022-11-02,https://advisory.splunk.com/advisories/SVD-2022-1111
enterprise:8.2.2,enterprise,Splunk Enterprise,8.2.2,8002002000,8.2.9,8002009000,SVD-2022-1111,CVE-2022-43571,High,SVD-2022-1111 | Splunk Vulnerability Disclosure,8.2.0 to 8.2.8,2022-11-02,2022-11-02,https://advisory.splunk.com/advisories/SVD-2022-1111
enterprise:8.2.3,enterprise,Splunk Enterprise,8.2.3,8002003000,8.2.9,8002009000,SVD-2022-1111,CVE-2022-43571,High,SVD-2022-1111 | Splunk Vulnerability Disclosure,8.2.0 to 8.2.8,2022-11-02,2022-11-02,https://advisory.splunk.com/advisories/SVD-2022-1111
enterprise:8.2.4,enterprise,Splunk Enterprise,8.2.4,8002004000,8.2.9,8002009000,SVD-2022-1111,CVE-2022-43571,High,SVD-2022-1111 | Splunk Vulnerability Disclosure,8.2.0 to 8.2.8,2022-11-02,2022-11-02,https://advisory.splunk.com/advisories/SVD-2022-1111
enterprise:8.2.5,enterprise,Splunk Enterprise,8.2.5,8002005000,8.2.9,8002009000,SVD-2022-1111,CVE-2022-43571,High,SVD-2022-1111 | Splunk Vulnerability Disclosure,8.2.0 to 8.2.8,2022-11-02,2022-11-02,https://advisory.splunk.com/advisories/SVD-2022-1111
enterprise:8.2.6,enterprise,Splunk Enterprise,8.2.6,8002006000,8.2.9,8002009000,SVD-2022-1111,CVE-2022-43571,High,SVD-2022-1111 | Splunk Vulnerability Disclosure,8.2.0 to 8.2.8,2022-11-02,2022-11-02,https://advisory.splunk.com/advisories/SVD-2022-1111
enterprise:8.2.7,enterprise,Splunk Enterprise,8.2.7,8002007000,8.2.9,8002009000,SVD-2022-1111,CVE-2022-43571,High,SVD-2022-1111 | Splunk Vulnerability Disclosure,8.2.0 to 8.2.8,2022-11-02,2022-11-02,https://advisory.splunk.com/advisories/SVD-2022-1111
enterprise:8.2.8,enterprise,Splunk Enterprise,8.2.8,8002008000,8.2.9,8002009000,SVD-2022-1111,CVE-2022-43571,High,SVD-2022-1111 | Splunk Vulnerability Disclosure,8.2.0 to 8.2.8,2022-11-02,2022-11-02,https://advisory.splunk.com/advisories/SVD-2022-1111
enterprise:9.0.0,enterprise,Splunk Enterprise,9.0.0,9000000000,9.0.2,9000002000,SVD-2022-1111,CVE-2022-43571,High,SVD-2022-1111 | Splunk Vulnerability Disclosure,9.0.0 to 9.0.1,2022-11-02,2022-11-02,https://advisory.splunk.com/advisories/SVD-2022-1111
enterprise:9.0.1,enterprise,Splunk Enterprise,9.0.1,9000001000,9.0.2,9000002000,SVD-2022-1111,CVE-2022-43571,High,SVD-2022-1111 | Splunk Vulnerability Disclosure,9.0.0 to 9.0.1,2022-11-02,2022-11-02,https://advisory.splunk.com/advisories/SVD-2022-1111
enterprise:9.0.0,enterprise,Splunk Enterprise,9.0.0,9000000000,9.0.1,9000001000,SVD-2022-0801,CVE-2022-37437,High,SVD-2022-0801 | Splunk Vulnerability Disclosure,9.0.0,2022-08-16,2022-08-16,https://advisory.splunk.com/advisories/SVD-2022-0801
enterprise:8.1.0,enterprise,Splunk Enterprise,8.1.0,8001000000,8.1.6,8001006000,SVD-2022-0504,CVE-2021-26253,High,SVD-2022-0504 | Splunk Vulnerability Disclosure,8.1.5 and earlier,2022-05-03,2022-05-03,https://advisory.splunk.com/advisories/SVD-2022-0504
enterprise:8.1.1,enterprise,Splunk Enterprise,8.1.1,8001001000,8.1.6,8001006000,SVD-2022-0504,CVE-2021-26253,High,SVD-2022-0504 | Splunk Vulnerability Disclosure,8.1.5 and earlier,2022-05-03,2022-05-03,https://advisory.splunk.com/advisories/SVD-2022-0504
enterprise:8.1.2,enterprise,Splunk Enterprise,8.1.2,8001002000,8.1.6,8001006000,SVD-2022-0504,CVE-2021-26253,High,SVD-2022-0504 | Splunk Vulnerability Disclosure,8.1.5 and earlier,2022-05-03,2022-05-03,https://advisory.splunk.com/advisories/SVD-2022-0504
enterprise:8.1.3,enterprise,Splunk Enterprise,8.1.3,8001003000,8.1.6,8001006000,SVD-2022-0504,CVE-2021-26253,High,SVD-2022-0504 | Splunk Vulnerability Disclosure,8.1.5 and earlier,2022-05-03,2022-05-03,https://advisory.splunk.com/advisories/SVD-2022-0504
enterprise:8.1.4,enterprise,Splunk Enterprise,8.1.4,8001004000,8.1.6,8001006000,SVD-2022-0504,CVE-2021-26253,High,SVD-2022-0504 | Splunk Vulnerability Disclosure,8.1.5 and earlier,2022-05-03,2022-05-03,https://advisory.splunk.com/advisories/SVD-2022-0504
enterprise:8.1.5,enterprise,Splunk Enterprise,8.1.5,8001005000,8.1.6,8001006000,SVD-2022-0504,CVE-2021-26253,High,SVD-2022-0504 | Splunk Vulnerability Disclosure,8.1.5 and earlier,2022-05-03,2022-05-03,https://advisory.splunk.com/advisories/SVD-2022-0504
enterprise:8.1.0,enterprise,Splunk Enterprise,8.1.0,8001000000,8.1.5,8001005000,SVD-2022-0503,CVE-2021-31559,High,SVD-2022-0503 | Splunk Vulnerability Disclosure,8.1.4 and earlier,2022-05-03,2022-05-03,https://advisory.splunk.com/advisories/SVD-2022-0503
enterprise:8.1.1,enterprise,Splunk Enterprise,8.1.1,8001001000,8.1.5,8001005000,SVD-2022-0503,CVE-2021-31559,High,SVD-2022-0503 | Splunk Vulnerability Disclosure,8.1.4 and earlier,2022-05-03,2022-05-03,https://advisory.splunk.com/advisories/SVD-2022-0503
enterprise:8.1.2,enterprise,Splunk Enterprise,8.1.2,8001002000,8.1.5,8001005000,SVD-2022-0503,CVE-2021-31559,High,SVD-2022-0503 | Splunk Vulnerability Disclosure,8.1.4 and earlier,2022-05-03,2022-05-03,https://advisory.splunk.com/advisories/SVD-2022-0503
enterprise:8.1.3,enterprise,Splunk Enterprise,8.1.3,8001003000,8.1.5,8001005000,SVD-2022-0503,CVE-2021-31559,High,SVD-2022-0503 | Splunk Vulnerability Disclosure,8.1.4 and earlier,2022-05-03,2022-05-03,https://advisory.splunk.com/advisories/SVD-2022-0503
enterprise:8.1.4,enterprise,Splunk Enterprise,8.1.4,8001004000,8.1.5,8001005000,SVD-2022-0503,CVE-2021-31559,High,SVD-2022-0503 | Splunk Vulnerability Disclosure,8.1.4 and earlier,2022-05-03,2022-05-03,https://advisory.splunk.com/advisories/SVD-2022-0503
enterprise:8.2.0,enterprise,Splunk Enterprise,8.2.0,8002000000,8.2.1,8002001000,SVD-2022-0503,CVE-2021-31559,High,SVD-2022-0503 | Splunk Vulnerability Disclosure,8.2.0,2022-05-03,2022-05-03,https://advisory.splunk.com/advisories/SVD-2022-0503
enterprise:8.1.0,enterprise,Splunk Enterprise,8.1.0,8001000000,8.1.7,8001007000,SVD-2022-0502,CVE-2021-33845,Medium,SVD-2022-0502 | Splunk Vulnerability Disclosure,8.1.6 and earlier,2022-05-03,2022-05-03,https://advisory.splunk.com/advisories/SVD-2022-0502
enterprise:8.1.1,enterprise,Splunk Enterprise,8.1.1,8001001000,8.1.7,8001007000,SVD-2022-0502,CVE-2021-33845,Medium,SVD-2022-0502 | Splunk Vulnerability Disclosure,8.1.6 and earlier,2022-05-03,2022-05-03,https://advisory.splunk.com/advisories/SVD-2022-0502
enterprise:8.1.2,enterprise,Splunk Enterprise,8.1.2,8001002000,8.1.7,8001007000,SVD-2022-0502,CVE-2021-33845,Medium,SVD-2022-0502 | Splunk Vulnerability Disclosure,8.1.6 and earlier,2022-05-03,2022-05-03,https://advisory.splunk.com/advisories/SVD-2022-0502
enterprise:8.1.3,enterprise,Splunk Enterprise,8.1.3,8001003000,8.1.7,8001007000,SVD-2022-0502,CVE-2021-33845,Medium,SVD-2022-0502 | Splunk Vulnerability Disclosure,8.1.6 and earlier,2022-05-03,2022-05-03,https://advisory.splunk.com/advisories/SVD-2022-0502
enterprise:8.1.4,enterprise,Splunk Enterprise,8.1.4,8001004000,8.1.7,8001007000,SVD-2022-0502,CVE-2021-33845,Medium,SVD-2022-0502 | Splunk Vulnerability Disclosure,8.1.6 and earlier,2022-05-03,2022-05-03,https://advisory.splunk.com/advisories/SVD-2022-0502
enterprise:8.1.5,enterprise,Splunk Enterprise,8.1.5,8001005000,8.1.7,8001007000,SVD-2022-0502,CVE-2021-33845,Medium,SVD-2022-0502 | Splunk Vulnerability Disclosure,8.1.6 and earlier,2022-05-03,2022-05-03,https://advisory.splunk.com/advisories/SVD-2022-0502
enterprise:8.1.6,enterprise,Splunk Enterprise,8.1.6,8001006000,8.1.7,8001007000,SVD-2022-0502,CVE-2021-33845,Medium,SVD-2022-0502 | Splunk Vulnerability Disclosure,8.1.6 and earlier,2022-05-03,2022-05-03,https://advisory.splunk.com/advisories/SVD-2022-0502
enterprise:8.1.0,enterprise,Splunk Enterprise,8.1.0,8001000000,8.1.1,8001001000,SVD-2022-0501,CVE-2021-42743,High,SVD-2022-0501 | Splunk Vulnerability Disclosure,8.1.0 and earlier,2022-05-03,2022-05-03,https://advisory.splunk.com/advisories/SVD-2022-0501
enterprise:7.3.0,enterprise,Splunk Enterprise,7.3.0,7003000000,7.3.9,7003009000,SVD-2022-0301,CVE-2021-3422,High,SVD-2022-0301 | Splunk Vulnerability Disclosure,7.3.8 and earlier,2022-03-24,2022-05-03,https://advisory.splunk.com/advisories/SVD-2022-0301
enterprise:7.3.1,enterprise,Splunk Enterprise,7.3.1,7003001000,7.3.9,7003009000,SVD-2022-0301,CVE-2021-3422,High,SVD-2022-0301 | Splunk Vulnerability Disclosure,7.3.8 and earlier,2022-03-24,2022-05-03,https://advisory.splunk.com/advisories/SVD-2022-0301
enterprise:7.3.2,enterprise,Splunk Enterprise,7.3.2,7003002000,7.3.9,7003009000,SVD-2022-0301,CVE-2021-3422,High,SVD-2022-0301 | Splunk Vulnerability Disclosure,7.3.8 and earlier,2022-03-24,2022-05-03,https://advisory.splunk.com/advisories/SVD-2022-0301
enterprise:7.3.3,enterprise,Splunk Enterprise,7.3.3,7003003000,7.3.9,7003009000,SVD-2022-0301,CVE-2021-3422,High,SVD-2022-0301 | Splunk Vulnerability Disclosure,7.3.8 and earlier,2022-03-24,2022-05-03,https://advisory.splunk.com/advisories/SVD-2022-0301
enterprise:7.3.4,enterprise,Splunk Enterprise,7.3.4,7003004000,7.3.9,7003009000,SVD-2022-0301,CVE-2021-3422,High,SVD-2022-0301 | Splunk Vulnerability Disclosure,7.3.8 and earlier,2022-03-24,2022-05-03,https://advisory.splunk.com/advisories/SVD-2022-0301
enterprise:7.3.5,enterprise,Splunk Enterprise,7.3.5,7003005000,7.3.9,7003009000,SVD-2022-0301,CVE-2021-3422,High,SVD-2022-0301 | Splunk Vulnerability Disclosure,7.3.8 and earlier,2022-03-24,2022-05-03,https://advisory.splunk.com/advisories/SVD-2022-0301
enterprise:7.3.6,enterprise,Splunk Enterprise,7.3.6,7003006000,7.3.9,7003009000,SVD-2022-0301,CVE-2021-3422,High,SVD-2022-0301 | Splunk Vulnerability Disclosure,7.3.8 and earlier,2022-03-24,2022-05-03,https://advisory.splunk.com/advisories/SVD-2022-0301
enterprise:7.3.7,enterprise,Splunk Enterprise,7.3.7,7003007000,7.3.9,7003009000,SVD-2022-0301,CVE-2021-3422,High,SVD-2022-0301 | Splunk Vulnerability Disclosure,7.3.8 and earlier,2022-03-24,2022-05-03,https://advisory.splunk.com/advisories/SVD-2022-0301
enterprise:7.3.8,enterprise,Splunk Enterprise,7.3.8,7003008000,7.3.9,7003009000,SVD-2022-0301,CVE-2021-3422,High,SVD-2022-0301 | Splunk Vulnerability Disclosure,7.3.8 and earlier,2022-03-24,2022-05-03,https://advisory.splunk.com/advisories/SVD-2022-0301
enterprise:8.0.0,enterprise,Splunk Enterprise,8.0.0,8000000000,8.0.9,8000009000,SVD-2022-0301,CVE-2021-3422,High,SVD-2022-0301 | Splunk Vulnerability Disclosure,8.0.0 to 8.0.8,2022-03-24,2022-05-03,https://advisory.splunk.com/advisories/SVD-2022-0301
enterprise:8.0.1,enterprise,Splunk Enterprise,8.0.1,8000001000,8.0.9,8000009000,SVD-2022-0301,CVE-2021-3422,High,SVD-2022-0301 | Splunk Vulnerability Disclosure,8.0.0 to 8.0.8,2022-03-24,2022-05-03,https://advisory.splunk.com/advisories/SVD-2022-0301
enterprise:8.0.2,enterprise,Splunk Enterprise,8.0.2,8000002000,8.0.9,8000009000,SVD-2022-0301,CVE-2021-3422,High,SVD-2022-0301 | Splunk Vulnerability Disclosure,8.0.0 to 8.0.8,2022-03-24,2022-05-03,https://advisory.splunk.com/advisories/SVD-2022-0301
enterprise:8.0.3,enterprise,Splunk Enterprise,8.0.3,8000003000,8.0.9,8000009000,SVD-2022-0301,CVE-2021-3422,High,SVD-2022-0301 | Splunk Vulnerability Disclosure,8.0.0 to 8.0.8,2022-03-24,2022-05-03,https://advisory.splunk.com/advisories/SVD-2022-0301
enterprise:8.0.4,enterprise,Splunk Enterprise,8.0.4,8000004000,8.0.9,8000009000,SVD-2022-0301,CVE-2021-3422,High,SVD-2022-0301 | Splunk Vulnerability Disclosure,8.0.0 to 8.0.8,2022-03-24,2022-05-03,https://advisory.splunk.com/advisories/SVD-2022-0301
enterprise:8.0.5,enterprise,Splunk Enterprise,8.0.5,8000005000,8.0.9,8000009000,SVD-2022-0301,CVE-2021-3422,High,SVD-2022-0301 | Splunk Vulnerability Disclosure,8.0.0 to 8.0.8,2022-03-24,2022-05-03,https://advisory.splunk.com/advisories/SVD-2022-0301
enterprise:8.0.6,enterprise,Splunk Enterprise,8.0.6,8000006000,8.0.9,8000009000,SVD-2022-0301,CVE-2021-3422,High,SVD-2022-0301 | Splunk Vulnerability Disclosure,8.0.0 to 8.0.8,2022-03-24,2022-05-03,https://advisory.splunk.com/advisories/SVD-2022-0301
enterprise:8.0.7,enterprise,Splunk Enterprise,8.0.7,8000007000,8.0.9,8000009000,SVD-2022-0301,CVE-2021-3422,High,SVD-2022-0301 | Splunk Vulnerability Disclosure,8.0.0 to 8.0.8,2022-03-24,2022-05-03,https://advisory.splunk.com/advisories/SVD-2022-0301
enterprise:8.0.8,enterprise,Splunk Enterprise,8.0.8,8000008000,8.0.9,8000009000,SVD-2022-0301,CVE-2021-3422,High,SVD-2022-0301 | Splunk Vulnerability Disclosure,8.0.0 to 8.0.8,2022-03-24,2022-05-03,https://advisory.splunk.com/advisories/SVD-2022-0301
enterprise:8.1.0,enterprise,Splunk Enterprise,8.1.0,8001000000,8.1.3,8001003000,SVD-2022-0301,CVE-2021-3422,High,SVD-2022-0301 | Splunk Vulnerability Disclosure,8.1.0 to 8.1.2,2022-03-24,2022-05-03,https://advisory.splunk.com/advisories/SVD-2022-0301
enterprise:8.1.1,enterprise,Splunk Enterprise,8.1.1,8001001000,8.1.3,8001003000,SVD-2022-0301,CVE-2021-3422,High,SVD-2022-0301 | Splunk Vulnerability Disclosure,8.1.0 to 8.1.2,2022-03-24,2022-05-03,https://advisory.splunk.com/advisories/SVD-2022-0301
enterprise:8.1.2,enterprise,Splunk Enterprise,8.1.2,8001002000,8.1.3,8001003000,SVD-2022-0301,CVE-2021-3422,High,SVD-2022-0301 | Splunk Vulnerability Disclosure,8.1.0 to 8.1.2,2022-03-24,2022-05-03,https://advisory.splunk.com/advisories/SVD-2022-0301
